Order_ID,Order_Date,Customer_ID,Product_ID,Quantity,Unit_Price,Discount,Sales,Cost,Region,State,City,Sales_Channel,Shipping_Mode,Delivery_Days,Payment_Method,Order_Status,Profit ,,,
O00001,29/05/2025,C0482,P047,1,41886,25,31414.5,37541.87,South,Telangana,Hyderabad,Website,Standard,1,Net Banking,Delivered,-6127.37,,,
O00002,5/11/2025,C0075,P031,3,3960,20,9504,9020.88,North,Telangana,Hyderabad,Website,Express,6,Card,Delivered,483.12,,,
O00003,6/27/2025,C0319,P032,3,39358,20,94459.2,70949.36,North,Telangana,Hyderabad,Mobile App,Express,3,COD,Cancelled,23509.84,,,
O00004,3/11/2025,C0151,P027,5,42494,5,201846.5,158716.48,East,Telangana,Hyderabad,Marketplace,Express,2,COD,Cancelled,43130.02,,,
O00005,2/17/2025,C0073,P033,4,17939,0,71756,55459.7,North,Telangana,Hyderabad,Mobile App,Same Day,4,Card,Delivered,16296.3,,,
O00006,1/1/2025,C0314,P034,3,8157,10,22023.9,21825.65,North,Telangana,Hyderabad,Website,Standard,5,COD,Delivered,198.25,,,
O00007,4/3/2025,C0145,P013,4,925,5,3515,3334.07,East,Karnataka,Bengaluru,Website,Express,1,UPI,Delivered,180.93,,,
O00008,6/16/2025,C0190,P044,4,30493,5,115873.4,102539.94,East,Telangana,Hyderabad,Website,Express,2,Card,Delivered,13333.46,,,
O00009,12/16/2025,C0143,P018,5,44390,35,155365,162056.9,North,Telangana,Hyderabad,Marketplace,Standard,6,UPI,Delivered,-6691.9,,,
O00010,8/22/2025,C0488,P014,3,39794,0,119382,78455.9,North,Telangana,Hyderabad,Mobile App,Standard,7,Net Banking,Cancelled,40926.1,,,
O00011,6/9/2025,C0051,P028,2,39154,20,62646.4,67738.26,East,Karnataka,Bengaluru,Website,Express,7,Card,Delivered,-5091.86,,,
O00012,10/30/2025,C0211,P040,4,17934,20,57388.8,66248.96,West,Telangana,Hyderabad,Marketplace,Express,1,Net Banking,Cancelled,-8860.16,,,
O00013,12/25/2025,C0207,P017,4,37418,10,134704.8,102143.22,North,Telangana,Hyderabad,Website,Express,7,Card,Cancelled,32561.58,,,
O00014,12/18/2025,C0149,P013,4,18327,0,73308,56772.95,South,Telangana,Hyderabad,Website,Express,4,Card,Delivered,16535.05,,,
O00015,21/07/2025,C0425,P031,1,9719,0,9719,6472.21,West,Karnataka,Bengaluru,Marketplace,Express,2,Net Banking,Delivered,3246.79,,,
O00016,16/06/2025,C0324,P010,4,19726,15,67068.4,67353.86,East,Karnataka,Bengaluru,Mobile App,Express,6,Card,Delivered,-285.46,,,
O00017,9/20/2025,C0412,P011,4,25832,15,87828.8,68033.4,South,Telangana,Hyderabad,Mobile App,Same Day,3,UPI,Delivered,19795.4,,,
O00018,11/5/2025,C0418,P044,5,48711,0,243555,184187.34,North,Telangana,Hyderabad,Marketplace,Same Day,6,UPI,Delivered,59367.66,,,
O00061,12/31/2025,C0194,P041,1,18266,35,12786.2,11859.37,East,Karnataka,Bengaluru,Mobile App,Express,4,UPI,Delivered,926.83,,,
O00020,4/28/2025,C0345,P008,5,48499,20,193996,214977.76,West,Telangana,Hyderabad,Marketplace,Express,4,Card,Delivered,-20981.76,,,
O00021,6/5/2025,C0012,P049,4,19156,0,76624,46280.78,West,Karnataka,Bengaluru,Mobile App,Same Day,3,Card,Delivered,30343.22,,,
O00022,2/14/2025,C0123,P013,1,47441,0,47441,39942.59,West,Karnataka,Bengaluru,Mobile App,Express,3,Net Banking,Delivered,7498.41,,,
O00023,11/22/2025,C0243,P030,4,38187,35,106923.6,95822.26,North,Telangana,Hyderabad,Mobile App,Express,3,Card,Delivered,11101.34,,,
O00024,20/08/2025,C0186,P050,3,7482,0,22446,19582.4,North,Telangana,Hyderabad,Website,Standard,2,Card,Delivered,2863.6,,,
O00025,3/9/2025,C0160,P047,2,7835,35,10969,12884.6,North,Telangana,Hyderabad,Website,Express,7,UPI,Delivered,-1915.6,,,
O00026,20/03/2025,C0028,P024,4,12482,30,34949.6,40631.63,North,Telangana,Hyderabad,Marketplace,Express,2,COD,Delivered,-5682.03,,,
O00027,3/5/2025,C0329,P018,3,788,30,1654.8,2096.98,East,Telangana,Hyderabad,Marketplace,Express,4,COD,Delivered,-442.18,,,
O00028,1/3/2025,C0479,P041,4,16424,35,45987.2,40442.22,North,Telangana,Hyderabad,Mobile App,Standard,4,Net Banking,Delivered,5544.98,,,
O00029,21/07/2025,C0308,P022,2,44670,35,62538,66338.53,West,Telangana,Hyderabad,Website,Standard,5,UPI,Delivered,-3800.53,,,
O00030,3/27/2025,C0015,P023,5,36646,5,174068.5,171535.86,South,Telangana,Hyderabad,Website,Same Day,7,Card,Cancelled,2532.64,,,592
O00031,6/28/2025,C0025,P048,3,11634,0,34902,23633.95,West,Karnataka,Bengaluru,Marketplace,Standard,3,Card,Delivered,11268.05,,,
O00032,12/15/2025,C0500,P027,4,46896,0,187584,126319.35,West,Maharashtra,Mumbai,Marketplace,Same Day,7,Net Banking,Delivered,61264.65,,,
O00033,12/4/2025,C0062,P049,2,14114,0,28228,21727.55,South,Telangana,Hyderabad,Website,Standard,1,COD,Delivered,6500.45,,,
O00034,1/22/2025,C0269,P020,1,21947,20,17557.6,13372.76,North,Telangana,Hyderabad,Marketplace,Same Day,5,Card,Cancelled,4184.84,,,
O00035,12/12/2025,C0419,P040,3,38878,10,104970.6,96154.49,North,Maharashtra,Pune,Mobile App,Standard,3,COD,Cancelled,8816.11,,,
O00036,12/15/2025,C0298,P014,5,23813,-5,119065,87653.85,West,Maharashtra,Pune,Marketplace,Express,7,Card,Cancelled,31411.15,,,577
O00037,9/16/2025,C0052,P021,1,41916,10,37724.4,26808.52,West,Telangana,Hyderabad,Marketplace,Express,3,Card,Cancelled,10915.88,,,
O00038,12/8/2025,C0180,P038,5,40657,20,162628,127742.31,North,Telangana,Hyderabad,Marketplace,Express,1,Net Banking,Cancelled,34885.69,,,
O00039,8/24/2025,C0267,P026,4,13087,25,39261,45744.47,South,Karnataka,Bengaluru,Marketplace,Standard,6,COD,Delivered,-6483.47,,,
O00040,1/17/2025,C0380,P039,5,7515,0,37575,34207.95,West,Telangana,Hyderabad,Mobile App,Standard,4,Net Banking,Delivered,3367.05,,,
O00041,8/29/2025,C0373,P016,3,49837,20,119608.8,93109.06,East,Telangana,Hyderabad,Marketplace,Express,2,Net Banking,Delivered,26499.74,,,
O00042,8/12/2025,C0205,P030,2,47857,-5,95714,66971.28,North,Telangana,Hyderabad,Marketplace,Same Day,2,COD,Cancelled,28742.72,,,
O00043,5/31/2025,C0389,P025,5,21125,-5,105625,87016.83,East,Telangana,Hyderabad,Marketplace,Express,3,Card,Cancelled,18608.17,,,
O00044,3/27/2025,C0334,P015,1,46240,0,46240,36244.28,West,Telangana,Hyderabad,Mobile App,Same Day,6,Card,Delivered,9995.72,,,
O00045,3/31/2025,C0159,P039,5,25746,0,128730,119345.68,West,Telangana,Hyderabad,Website,Same Day,1,Net Banking,Delivered,9384.32,,,
O00046,7/25/2025,C0044,P011,5,29344,10,132048,104112.98,East,Telangana,Hyderabad,Mobile App,Standard,5,COD,Cancelled,27935.02,,,
O00047,27/08/2025,C0091,P008,2,12761,15,21693.7,16111.8,North,Maharashtra,Mumbai,Website,Standard,7,Card,Delivered,5581.9,,,
O00048,10/9/2025,Unknown,P011,2,4418,25,6627,5415.19,South,Telangana,Hyderabad,Website,Standard,4,COD,Delivered,1211.81,,,
O00049,11/14/2025,C0027,P039,5,49330,15,209652.5,222474.02,South,Telangana,Hyderabad,Marketplace,Express,7,Card,Delivered,-12821.52,,,
O00050,1/27/2025,C0101,P004,5,15940,35,55790,59194.44,East,Telangana,Hyderabad,Marketplace,Express,4,Card,Delivered,-3404.44,,,
O00051,3/22/2025,C0343,P009,5,6855,10,30847.5,31661.37,West,Telangana,Hyderabad,Mobile App,Standard,4,Card,Cancelled,-813.87,,,
O00052,7/13/2025,C0003,P028,5,23340,0,116700,106909.82,South,Telangana,Hyderabad,Marketplace,Express,6,COD,Cancelled,9790.18,,,
O00053,8/8/2025,C0488,P045,4,5906,0,23624,17304.76,East,Maharashtra,Mumbai,Marketplace,Standard,5,Card,Delivered,6319.24,,,
O00054,4/17/2025,C0196,P020,2,24036,0,48072,34510.61,South,Telangana,Hyderabad,Marketplace,Same Day,2,Card,Cancelled,13561.39,,,
O00055,6/15/2025,C0130,P020,5,14463,15,61467.75,48856.3,West,Maharashtra,Pune,Website,Standard,1,COD,Delivered,12611.45,,,
O00056,8/6/2025,C0143,P018,1,25113,0,25113,19531.73,North,Telangana,Hyderabad,Website,Express,7,Card,Cancelled,5581.27,,,
O00057,1/12/2025,C0385,P034,2,37233,25,55849.5,46693.38,South,Karnataka,Bengaluru,Mobile App,Express,7,UPI,Delivered,9156.12,,,
O00058,15/06/2025,C0057,P027,1,5473,-5,5473,4937.26,South,Telangana,Hyderabad,Mobile App,Express,7,Card,Delivered,535.74,,,
O00059,7/18/2025,C0047,P004,3,10869,0,32607,28102.2,East,Maharashtra,Mumbai,Website,Standard,6,COD,Cancelled,4504.8,,,
O00060,6/4/2025,C0316,P033,1,5306,5,5040.7,4809.72,West,Telangana,Hyderabad,Mobile App,Express,6,Net Banking,Delivered,230.98,,,
O00061,9/26/2025,C0161,P009,3,29452,10,79520.4,73497.4,East,Telangana,Hyderabad,Marketplace,Express,4,Card,Cancelled,6023,,,
O00062,7/4/2025,C0221,P005,2,5764,20,9222.4,8319.71,South,Telangana,Hyderabad,Website,Express,7,Card,Cancelled,902.69,,,
O00063,21/02/2025,C0096,P042,2,17468,35,24455.2,30927.84,East,Telangana,Hyderabad,Mobile App,Express,6,Card,Delivered,-6472.64,,,
O00064,7/28/2025,C0114,P012,1,17457,5,16584.15,10921.74,North,Telangana,Hyderabad,Website,Standard,3,Card,Cancelled,5662.41,,,
O00065,2/12/2025,C0014,P038,3,44254,30,92933.4,125626.5,North,Telangana,Hyderabad,Mobile App,Express,5,Net Banking,Delivered,-32693.1,,,
O00066,10/16/2025,C0337,P008,4,8762,15,29790.8,33065.34,South,Maharashtra,Pune,Website,Express,6,COD,Cancelled,-3274.54,,,
O00067,20/07/2025,C0457,P018,2,37505,35,52507,46853.64,West,Karnataka,Bengaluru,Marketplace,Standard,2,Net Banking,Delivered,5653.36,,,
O00113,4/18/2025,C0239,P043,1,1981,10,1782.9,1664.2,West,Karnataka,Bengaluru,Mobile App,Express,7,Net Banking,Delivered,118.7,,,
O00069,12/8/2025,Unknown,P018,4,42072,30,117801.6,147285.97,East,Telangana,Hyderabad,Mobile App,Express,4,Card,Delivered,-29484.37,,,
O00070,3/13/2025,C0291,P001,4,41580,25,124740,111228.36,West,Telangana,Hyderabad,Marketplace,Express,4,COD,Cancelled,13511.64,,,
O00071,6/28/2025,C0290,P014,1,11531,35,8071.7,10354.3,West,Maharashtra,Mumbai,Marketplace,Express,1,UPI,Delivered,-2282.6,,,
O00072,8/16/2025,C0117,P006,5,21382,35,74837,100737.49,South,Telangana,Hyderabad,Website,Same Day,5,COD,Delivered,-25900.49,,,
O00073,6/17/2025,C0490,P038,2,19539,35,27354.6,30468.52,North,Telangana,Hyderabad,Mobile App,Standard,3,Net Banking,Delivered,-3113.92,,,
O00074,12/30/2025,C0341,P039,3,44576,20,106982.4,113492.15,South,Telangana,Hyderabad,Mobile App,Standard,4,UPI,Delivered,-6509.75,,,
O00075,5/27/2025,C0111,P020,5,33970,15,144372.5,115807.55,East,Telangana,Hyderabad,Mobile App,Express,1,COD,Delivered,28564.95,,,
O00076,5/2/2025,C0110,P034,4,39909,20,127708.8,133565.81,East,Telangana,Hyderabad,Marketplace,Express,5,Card,Delivered,-5857.01,,,
O01303,2/12/2025,C0293,P040,2,31312,25,46968,50742.73,East,Maharashtra,Mumbai,Website,Same Day,1,Card,Cancelled,-3774.73,,,
O00078,7/14/2025,C0138,P023,5,6623,0,33115,20649.16,East,Karnataka,Bengaluru,Website,Express,7,COD,Delivered,12465.84,,,
O00079,2/13/2025,C0385,P003,4,11226,0,44904,40505.05,West,Karnataka,Bengaluru,Mobile App,Express,1,Card,Delivered,4398.95,,,
O00080,1/25/2025,C0089,P030,2,41421,15,70415.7,65163.27,West,Telangana,Hyderabad,Website,Standard,5,Net Banking,Delivered,5252.43,,,
O00081,7/5/2025,C0248,P029,2,37404,5,71067.6,62190.15,South,Karnataka,Bengaluru,Marketplace,Express,5,UPI,Cancelled,8877.45,,,
O00082,6/9/2025,C0407,P011,3,13615,0,40845,33829.97,South,Telangana,Hyderabad,Marketplace,Express,7,Card,Delivered,7015.03,,,
O00083,8/31/2025,C0027,P005,1,17991,25,13493.25,14206.73,East,Maharashtra,Pune,Mobile App,Express,3,Card,Delivered,-713.48,,,
O00084,12/8/2025,C0111,P013,1,45379,0,45379,39603.26,East,Telangana,Hyderabad,Website,Express,3,Card,Delivered,5775.74,,,
O00085,15/05/2025,C0086,P028,5,8476,15,36023,36812.72,South,Maharashtra,Pune,Mobile App,Express,5,Card,Delivered,-789.72,,,
O00086,3/7/2025,C0466,P045,5,14173,10,63778.5,49316.3,East,Telangana,Hyderabad,Marketplace,Same Day,5,Card,Cancelled,14462.2,,,
O00087,1/18/2025,C0269,P043,4,15006,15,51020.4,40361.73,South,Telangana,Hyderabad,Marketplace,Express,7,Card,Delivered,10658.67,,,
O00088,26/12/2025,C0181,P047,1,40637,35,28445.9,33909.03,West,Telangana,Hyderabad,Mobile App,Same Day,2,COD,Cancelled,-5463.13,,,
O00089,6/1/2025,C0305,P007,3,9347,0,28041,20345.23,North,Telangana,Hyderabad,Mobile App,Express,1,UPI,Cancelled,7695.77,,,
O00090,23/03/2025,C0264,P030,3,19200,-5,57600,49648.43,North,Telangana,Hyderabad,Website,Standard,2,UPI,Delivered,7951.57,,,
O00091,11/5/2025,C0465,P023,1,28295,35,19806.5,20488.71,East,Telangana,Hyderabad,Marketplace,Express,4,Card,Cancelled,-682.21,,,
O00092,21/01/2025,C0300,P041,5,35846,10,161307,144506.17,West,Karnataka,Bengaluru,Mobile App,Express,4,Card,Delivered,16800.83,,,
O00093,12/30/2025,Unknown,P021,5,40887,15,173769.75,125373.11,West,Karnataka,Bengaluru,Mobile App,Express,1,COD,Delivered,48396.64,,,
O00094,1/6/2025,C0184,P018,3,38300,5,109155,86954.55,East,Telangana,Hyderabad,Mobile App,Standard,7,COD,Delivered,22200.45,,,
O00095,21/06/2025,C0267,P026,4,39200,20,125440,97569.08,North,Karnataka,Bengaluru,Mobile App,Express,4,COD,Delivered,27870.92,,,
O00096,5/25/2025,C0275,P028,5,5347,10,24061.5,23949.32,East,Telangana,Hyderabad,Mobile App,Express,2,Card,Delivered,112.18,,,
O00097,2/9/2025,C0269,P037,2,10562,30,14786.8,13332.87,South,Maharashtra,Pune,Website,Standard,2,UPI,Cancelled,1453.93,,,
O00098,14/06/2025,C0093,P038,5,38416,5,182476,121274.98,South,Karnataka,Bengaluru,Mobile App,Standard,3,Card,Cancelled,61201.02,,,
O00099,7/13/2025,Unknown,P047,3,36257,25,81578.25,87413.06,North,Telangana,Hyderabad,Website,Standard,6,Card,Delivered,-5834.81,,,
O00100,12/6/2025,C0420,P016,2,6948,25,10422,12758.75,East,Maharashtra,Pune,Mobile App,Express,4,UPI,Cancelled,-2336.75,,,
O00101,2/1/2025,C0290,P004,4,8529,5,32410.2,20767.03,South,Karnataka,Bengaluru,Website,Standard,4,UPI,Delivered,11643.17,,,
O00102,12/18/2025,C0057,P023,1,35813,35,25069.1,21836.93,West,Telangana,Hyderabad,Marketplace,Express,7,Card,Delivered,3232.17,,,
O00103,6/6/2025,C0101,P033,3,45641,20,109538.4,120764.41,East,Telangana,Hyderabad,Mobile App,Express,6,COD,Delivered,-11226.01,,,
O00104,2/8/2025,C0005,P049,3,12737,30,26747.7,31216.36,North,Telangana,Hyderabad,Marketplace,Standard,7,Card,Delivered,-4468.66,,,
O00105,1/17/2025,C0078,P010,1,27072,20,21657.6,22741.54,North,Telangana,Hyderabad,Mobile App,Express,3,Card,Cancelled,-1083.94,,,
O00106,5/17/2025,C0227,P008,2,27916,25,41874,52408.62,East,Telangana,Hyderabad,Marketplace,Express,5,Card,Delivered,-10534.62,,,
O00107,8/4/2025,C0380,P049,4,2704,20,8652.8,9836.02,West,Maharashtra,Pune,Website,Same Day,5,UPI,Cancelled,-1183.22,,,
O00108,9/2/2025,C0315,P036,3,32494,35,68237.4,66147.5,South,Telangana,Hyderabad,Mobile App,Same Day,5,Card,Cancelled,2089.9,,,
O00109,9/12/2025,C0032,P031,2,41174,10,74113.2,59422.41,West,Telangana,Hyderabad,Mobile App,Same Day,6,Card,Cancelled,14690.79,,,
O00110,7/22/2025,C0488,P013,1,40533,25,30399.75,27020.95,East,Telangana,Hyderabad,Mobile App,Express,5,Card,Delivered,3378.8,,,
O00111,12/4/2025,C0482,P018,1,20267,0,20267,18758.76,North,Telangana,Hyderabad,Marketplace,Express,4,Card,Delivered,1508.24,,,
O00112,1/25/2025,C0413,P042,2,33116,30,46362.4,41117.09,North,Karnataka,Bengaluru,Mobile App,Express,6,Card,Delivered,5245.31,,,
O00113,11/26/2025,Unknown,P047,2,11798,5,22416.2,16413.48,West,Telangana,Hyderabad,Marketplace,Express,1,COD,Cancelled,6002.72,,,
O00114,8/5/2025,C0304,P012,5,42501,25,159378.75,175052.05,South,Telangana,Hyderabad,Mobile App,Standard,5,Card,Delivered,-15673.3,,,
O00115,8/9/2025,C0005,P032,5,43445,5,206363.75,180692.33,South,Telangana,Hyderabad,Mobile App,Standard,1,Card,Delivered,25671.42,,,
O00116,1/17/2025,C0438,P037,4,1887,35,5283.6,4848.61,North,Telangana,Hyderabad,Mobile App,Standard,7,COD,Delivered,434.99,,,
O00117,7/19/2025,C0259,P049,3,48889,15,124666.95,139096.53,East,Telangana,Hyderabad,Mobile App,Express,7,Card,Cancelled,-14429.58,,,
O00118,24/07/2025,C0047,P038,3,40841,30,85766.1,86558.76,West,Telangana,Hyderabad,Mobile App,Express,6,Card,Delivered,-792.66,,,
O00119,12/8/2025,C0075,P041,5,18996,30,66486,82871.36,East,Maharashtra,Pune,Website,Same Day,7,Net Banking,Delivered,-16385.36,,,
O00120,7/22/2025,C0383,P035,2,4162,20,6659.2,5628.35,North,Telangana,Hyderabad,Website,Express,5,COD,Delivered,1030.85,,,
O00121,15/04/2025,C0321,P014,4,43988,5,167154.4,133484.76,East,Telangana,Hyderabad,Marketplace,Express,1,Card,Delivered,33669.64,,,
O00122,13/08/2025,C0114,P022,5,40916,20,163664,183714.58,North,Karnataka,Bengaluru,Mobile App,Express,2,COD,Delivered,-20050.58,,,
O00123,1/5/2025,C0005,P013,2,36764,0,73528,52083.47,East,Telangana,Hyderabad,Marketplace,Express,6,COD,Delivered,21444.53,,,
O00124,3/6/2025,C0020,P043,2,9568,25,14352,15765.06,South,Telangana,Hyderabad,Website,Express,3,UPI,Delivered,-1413.06,,,
O00125,9/4/2025,C0106,P042,2,48870,0,97740,64180.82,North,Telangana,Hyderabad,Website,Express,6,Card,Delivered,33559.18,,,
O00126,5/31/2025,C0407,P016,3,39326,0,117978,106836.33,East,Telangana,Hyderabad,Marketplace,Standard,4,Card,Delivered,11141.67,,,
O00127,18/09/2025,C0075,P041,5,21194,0,105970,90841.92,South,Telangana,Hyderabad,Website,Standard,5,COD,Delivered,15128.08,,,
O00128,11/26/2025,C0470,P004,4,36332,25,108996,97489.27,North,Telangana,Hyderabad,Website,Same Day,3,Card,Cancelled,11506.73,,,
O01077,8/25/2025,C0373,P041,4,11835,30,33138,41912.81,South,Telangana,Hyderabad,Marketplace,Express,5,UPI,Cancelled,-8774.81,,,
O00130,21/07/2025,C0475,P028,4,20358,5,77360.4,65482.31,West,Telangana,Hyderabad,Website,Same Day,2,UPI,Delivered,11878.09,,,
O00131,6/7/2025,C0437,P020,3,32434,0,97302,68719.62,North,Telangana,Hyderabad,Marketplace,Standard,2,Card,Delivered,28582.38,,,
O00132,11/21/2025,C0136,P025,2,6084,0,12168,8353.99,South,Telangana,Hyderabad,Website,Standard,1,Card,Cancelled,3814.01,,,
O00133,5/22/2025,C0082,P003,5,31784,10,143028,140972.87,North,Telangana,Hyderabad,Website,Standard,4,COD,Cancelled,2055.13,,,
O00134,7/30/2025,C0189,P043,2,21459,15,36480.3,26542.35,North,Telangana,Hyderabad,Mobile App,Standard,4,Card,Cancelled,9937.95,,,
O00135,3/21/2025,C0250,P013,2,49795,-5,99590,87877.25,East,Telangana,Hyderabad,Mobile App,Standard,6,COD,Cancelled,11712.75,,,
O00136,13/05/2025,C0187,P014,4,43517,30,121847.6,137312.6,South,Telangana,Hyderabad,Website,Express,Not Delivered,Card,Cancelled,-15465,,,
O00137,4/15/2025,C0360,P004,4,1503,10,5410.8,5559.11,West,Telangana,Hyderabad,Marketplace,Standard,5,Net Banking,Delivered,-148.31,,,
O00138,8/17/2025,C0023,P035,3,26431,15,67399.05,56308.69,East,Telangana,Hyderabad,Marketplace,Express,3,Card,Cancelled,11090.36,,,
O00139,12/31/2025,C0262,P029,4,10636,30,29780.8,38938.74,North,Telangana,Hyderabad,Marketplace,Express,2,Card,Delivered,-9157.94,,,
O00140,7/7/2025,C0338,P006,1,36642,0,36642,31070.21,West,Karnataka,Bengaluru,Marketplace,Express,1,Net Banking,Delivered,5571.79,,,
O00141,14/12/2025,C0310,P007,3,41020,25,92295,81527.26,North,Karnataka,Bengaluru,Website,Express,3,COD,Delivered,10767.74,,,
O00142,2/27/2025,C0318,P031,2,44538,10,80168.4,60804.57,South,Telangana,Hyderabad,Mobile App,Express,5,Card,Delivered,19363.83,,,
O00143,8/31/2025,C0499,P048,2,13466,25,20199,19281.28,South,Telangana,Hyderabad,Mobile App,Standard,2,Card,Delivered,917.72,,,
O00144,10/5/2025,C0213,P023,3,23878,25,53725.5,62930.69,East,Telangana,Hyderabad,Website,Express,1,Net Banking,Delivered,-9205.19,,,
O00145,4/2/2025,C0011,P030,5,23109,25,86658.75,76602.11,North,Maharashtra,Pune,Website,Standard,2,Net Banking,Cancelled,10056.64,,,
O00146,5/6/2025,C0380,P014,1,27249,-5,27249,19264.02,North,Telangana,Hyderabad,Website,Standard,3,Card,Cancelled,7984.98,,,
O00147,1/29/2025,C0185,P006,4,46284,35,129595.2,167409.54,North,Telangana,Hyderabad,Mobile App,Same Day,4,UPI,Delivered,-37814.34,,,
O00148,6/14/2025,C0428,P043,1,47524,-5,47524,33102.76,South,Telangana,Hyderabad,Mobile App,Express,5,UPI,Cancelled,14421.24,,,
O00149,10/14/2025,C0496,P041,2,11339,0,22678,14942.66,West,Maharashtra,Mumbai,Mobile App,Express,5,UPI,Delivered,7735.34,,,
O00150,5/17/2025,C0163,P020,4,33637,0,134548,114259.48,West,Telangana,Hyderabad,Website,Standard,5,UPI,Delivered,20288.52,,,
O00151,12/19/2025,C0312,P027,1,41109,35,28776.3,28110.68,South,Maharashtra,Pune,Mobile App,Standard,5,Card,Delivered,665.62,,,
O00152,9/12/2025,C0490,P019,3,32080,-5,96240,90025.18,West,Telangana,Hyderabad,Website,Express,1,UPI,Delivered,6214.82,,,
O00153,3/12/2025,C0020,P038,1,7248,30,5073.6,5201.73,East,Telangana,Hyderabad,Mobile App,Express,1,Card,Delivered,-128.13,,,
O00154,30/10/2025,Unknown,P046,4,30752,-5,123008,80479.57,West,Maharashtra,Mumbai,Mobile App,Express,2,COD,Delivered,42528.43,,,
O00155,15/07/2025,C0468,P039,2,39940,-5,79880,48602.53,West,Telangana,Hyderabad,Website,Express,4,UPI,Delivered,31277.47,,,
O00156,22/05/2025,C0192,P006,5,20902,25,78382.5,65146.89,East,Telangana,Hyderabad,Website,Standard,7,Card,Cancelled,13235.61,,,
O00157,3/15/2025,C0410,P049,3,36511,5,104056.35,68894.63,West,Telangana,Hyderabad,Marketplace,Standard,6,Card,Cancelled,35161.72,,,
O00158,8/9/2025,C0220,P041,2,25845,20,41352,42082.02,East,Telangana,Hyderabad,Website,Express,7,Card,Cancelled,-730.02,,,
O00159,1/21/2025,C0114,P049,3,45522,5,129737.7,82950.42,South,Telangana,Hyderabad,Marketplace,Express,4,COD,Delivered,46787.28,,,
O00160,25/01/2025,C0055,P015,5,23565,5,111933.75,81521.82,South,Karnataka,Bengaluru,Website,Express,2,Card,Cancelled,30411.93,,,
O00161,4/4/2025,C0266,P048,2,10091,0,20182,15166.53,East,Maharashtra,Pune,Mobile App,Standard,6,Card,Delivered,5015.47,,,
O00162,7/2/2025,C0046,P044,3,879,35,1845.9,1955.22,North,Telangana,Hyderabad,Mobile App,Standard,3,COD,Delivered,-109.32,,,
O00163,25/09/2025,C0086,P042,2,32785,30,45899,39615.55,North,Telangana,Hyderabad,Mobile App,Standard,5,UPI,Delivered,6283.45,,,
O00164,11/17/2025,C0368,P033,5,46954,20,187816,191989.35,West,Telangana,Hyderabad,Mobile App,Same Day,5,UPI,Delivered,-4173.35,,,
O00165,12/2/2025,C0223,P013,1,43400,10,39060,29214.11,East,Karnataka,Bengaluru,Marketplace,Express,2,Card,Cancelled,9845.89,,,
O00166,4/7/2025,C0417,P018,1,929,10,836.1,644.77,North,Telangana,Hyderabad,Marketplace,Express,4,Card,Delivered,191.33,,,
O00167,7/12/2025,C0476,P019,1,5265,0,5265,4622.86,South,Maharashtra,Mumbai,Marketplace,Standard,7,COD,Cancelled,642.14,,,
O00168,6/24/2025,C0225,P038,2,42734,5,81194.6,66734.02,East,Maharashtra,Mumbai,Marketplace,Standard,6,Card,Delivered,14460.58,,,
O00169,6/9/2025,C0172,P024,1,5149,15,4376.65,3865.79,North,Telangana,Hyderabad,Mobile App,Standard,1,Card,Delivered,510.86,,,
O00170,4/13/2025,C0045,P011,5,31641,5,150294.75,126314.1,North,Karnataka,Bengaluru,Mobile App,Standard,7,UPI,Delivered,23980.65,,,
O00171,9/4/2025,C0446,P029,4,13510,25,40530,49703.61,West,Karnataka,Bengaluru,Website,Express,5,Card,Cancelled,-9173.61,,,
O00172,4/14/2025,C0015,P007,2,7515,30,10521,11591.71,West,Karnataka,Bengaluru,Mobile App,Express,5,Card,Delivered,-1070.71,,,
O00173,6/27/2025,C0097,P016,1,43849,10,39464.1,36194.1,West,Karnataka,Bengaluru,Website,Same Day,1,Card,Cancelled,3270,,,
O00174,11/9/2025,C0327,P006,5,13221,35,46273.5,62726.62,East,Telangana,Hyderabad,Website,Standard,7,Card,Delivered,-16453.12,,,
O01667,5/17/2025,C0294,P040,5,6943,-5,34715,27959.46,South,Karnataka,Bengaluru,Website,Express,1,Net Banking,Delivered,6755.54,,,
O00176,2/21/2025,C0210,P040,3,43837,-5,131511,105398.24,South,Telangana,Hyderabad,Marketplace,Express,4,Net Banking,Cancelled,26112.76,,,
O00177,10/15/2025,C0089,P030,5,43709,25,163908.75,151158.02,East,Telangana,Hyderabad,Marketplace,Standard,2,COD,Delivered,12750.73,,,
O00178,3/9/2025,C0287,P046,3,8124,30,17060.4,19226.91,North,Telangana,Hyderabad,Marketplace,Express,2,Card,Delivered,-2166.51,,,
O00179,10/2/2025,C0173,P047,1,35042,25,26281.5,24970.02,North,Maharashtra,Pune,Mobile App,Express,4,Card,Delivered,1311.48,,,
O00180,23/05/2025,C0258,P003,3,30844,5,87905.4,64337.22,South,Telangana,Hyderabad,Mobile App,Standard,1,Card,Delivered,23568.18,,,
O00181,29/11/2025,Unknown,P008,4,21439,10,77180.4,65043.59,West,Telangana,Hyderabad,Marketplace,Express,6,Net Banking,Delivered,12136.81,,,
O00182,3/3/2025,C0475,P015,2,46559,15,79150.3,84619.46,West,Karnataka,Bengaluru,Marketplace,Express,6,Card,Cancelled,-5469.16,,,
O00183,3/28/2025,C0249,P001,3,673,20,1615.2,1707.79,South,Telangana,Hyderabad,Mobile App,Express,5,UPI,Cancelled,-92.59,,,
O00184,8/11/2025,C0288,P002,4,9629,30,26961.2,24547.06,West,Karnataka,Bengaluru,Marketplace,Express,2,Card,Delivered,2414.14,,,
O00185,8/12/2025,C0401,P007,5,41103,15,174687.75,189943.11,West,Telangana,Hyderabad,Website,Standard,7,UPI,Cancelled,-15255.36,,,
O00186,10/26/2025,C0223,P006,4,26610,25,79830,79156.82,South,Telangana,Hyderabad,Mobile App,Express,4,Card,Cancelled,673.18,,,
O00187,2/16/2025,C0154,P005,2,13724,25,20586,21326.83,West,Telangana,Hyderabad,Website,Express,4,Card,Delivered,-740.83,,,
O00188,11/5/2025,C0437,P006,5,27073,5,128596.75,87151.31,North,Karnataka,Bengaluru,Website,Express,6,UPI,Cancelled,41445.44,,,
O00189,2/24/2025,C0116,P006,3,9559,0,28677,19623.39,East,Telangana,Hyderabad,Website,Express,3,Card,Delivered,9053.61,,,
O00190,11/6/2025,C0384,P040,3,22232,35,46687.2,59431.38,South,Telangana,Hyderabad,Website,Express,1,COD,Delivered,-12744.18,,,
O00191,12/2/2025,C0400,P002,3,43310,10,116937,91815.76,East,Telangana,Hyderabad,Marketplace,Standard,2,UPI,Cancelled,25121.24,,,
O00192,3/24/2025,Unknown,P016,3,49437,0,148311,95106.87,North,Maharashtra,Pune,Marketplace,Express,4,Card,Delivered,53204.13,,,
O00193,9/30/2025,C0241,P022,3,26893,-5,80679,69039.25,East,Telangana,Hyderabad,Mobile App,Same Day,5,Net Banking,Cancelled,11639.75,,,
O00194,2/12/2025,C0183,P002,4,37821,15,128591.4,127572.79,North,Telangana,Hyderabad,Mobile App,Express,7,COD,Cancelled,1018.61,,,
O00195,7/1/2025,C0171,P048,2,2349,35,3288.6,3465.24,East,Telangana,Hyderabad,Website,Express,6,Card,Delivered,-176.64,,,
O00196,8/24/2025,C0064,P008,5,21408,-5,107040,100155.38,East,Karnataka,Bengaluru,Website,Same Day,2,Net Banking,Delivered,6884.62,,,
O00197,28/04/2025,C0091,P045,2,22275,5,42322.5,28241.91,North,Telangana,Hyderabad,Marketplace,Standard,5,Net Banking,Delivered,14080.59,,,
O00198,3/3/2025,C0117,P007,5,39307,10,176881.5,147021.88,West,Telangana,Hyderabad,Marketplace,Express,6,Card,Cancelled,29859.62,,,
O00199,1/22/2025,C0004,P014,2,15523,35,21732.2,20094.32,South,Telangana,Hyderabad,Website,Express,7,Card,Cancelled,1637.88,,,
O00200,11/5/2025,C0079,P021,3,3384,25,7614,7055.06,East,Telangana,Hyderabad,Marketplace,Same Day,5,Card,Delivered,558.94,,,
O00201,21/01/2025,C0174,P014,4,35276,35,98772.8,131070.94,North,Telangana,Hyderabad,Website,Same Day,2,Card,Delivered,-32298.14,,,
O00202,11/10/2025,C0050,P013,2,8374,20,13398.4,10559.4,North,Telangana,Hyderabad,Marketplace,Express,6,UPI,Delivered,2839,,,
O00203,5/20/2025,C0079,P015,4,30944,10,111398.4,96658.06,North,Telangana,Hyderabad,Marketplace,Express,2,Card,Cancelled,14740.34,,,
O00204,20/06/2025,Unknown,P007,3,15056,15,38392.8,42893.17,West,Telangana,Hyderabad,Marketplace,Express,2,Card,Cancelled,-4500.37,,,
O00205,1/8/2025,C0131,P025,1,37078,30,25954.6,27501.84,West,Karnataka,Bengaluru,Marketplace,Express,4,Net Banking,Delivered,-1547.24,,,
O00206,19/07/2025,C0388,P040,1,20167,10,18150.3,12106.53,North,Maharashtra,Pune,Marketplace,Standard,1,Card,Delivered,6043.77,,,
O00207,12/12/2025,C0124,P047,1,46017,-5,46017,28650.1,South,Karnataka,Bengaluru,Marketplace,Standard,5,Card,Delivered,17366.9,,,
O00208,8/19/2025,C0335,P024,3,17811,15,45418.05,39890.54,North,Telangana,Hyderabad,Mobile App,Express,1,Net Banking,Cancelled,5527.51,,,
O00209,12/12/2025,C0023,P037,3,30000,5,85500,83978.57,West,Karnataka,Bengaluru,Marketplace,Same Day,4,Card,Delivered,1521.43,,,
O00210,5/8/2025,C0499,P018,2,41448,10,74606.4,68472.49,South,Telangana,Hyderabad,Mobile App,Express,1,COD,Cancelled,6133.91,,,
O00211,9/5/2025,C0352,P044,1,42946,0,42946,28245,West,Telangana,Hyderabad,Marketplace,Same Day,2,Card,Delivered,14701,,,
O00212,24/11/2025,C0292,P008,1,21743,15,18481.55,16794.82,North,Telangana,Hyderabad,Website,Standard,4,Card,Cancelled,1686.73,,,
O00213,5/5/2025,C0055,P006,3,15168,5,43228.8,40389.2,South,Karnataka,Bengaluru,Marketplace,Express,3,Card,Delivered,2839.6,,,
O00214,20/07/2025,C0436,P038,2,41505,0,83010,71273.2,West,Telangana,Hyderabad,Website,Express,3,UPI,Delivered,11736.8,,,
O00215,6/15/2025,C0171,P038,1,36461,15,30991.85,29407.9,North,Telangana,Hyderabad,Mobile App,Same Day,3,UPI,Delivered,1583.95,,,
O00216,1/2/2025,C0019,P046,5,32037,15,136157.25,104170.37,West,Telangana,Hyderabad,Mobile App,Standard,2,Card,Delivered,31986.88,,,
O00217,7/23/2025,C0113,P031,4,35610,10,128196,120148.98,North,Telangana,Hyderabad,Marketplace,Express,3,Card,Delivered,8047.02,,,
O00218,4/8/2025,C0282,P014,4,36035,20,115312,87089.94,North,Telangana,Hyderabad,Marketplace,Express,3,Card,Delivered,28222.06,,,
O00219,5/19/2025,C0349,P035,5,13910,5,66072.5,58105.22,North,Maharashtra,Mumbai,Marketplace,Standard,5,Net Banking,Cancelled,7967.28,,,
O00220,5/15/2025,C0386,P025,3,14523,0,43569,32474.81,East,Telangana,Hyderabad,Marketplace,Express,4,Card,Delivered,11094.19,,,
O00221,19/11/2025,C0132,P024,1,30218,0,30218,28492.49,East,Telangana,Hyderabad,Mobile App,Express,2,UPI,Cancelled,1725.51,,,
O00222,9/27/2025,C0323,P009,2,22673,-5,45346,33902.52,West,Telangana,Hyderabad,Mobile App,Express,1,Card,Delivered,11443.48,,,
O00223,3/24/2025,C0025,P006,3,7831,15,19969.05,18883.02,North,Telangana,Hyderabad,Website,Standard,7,UPI,Delivered,1086.03,,,
O00224,3/8/2025,C0486,P027,4,24811,30,69470.8,82608.99,West,Maharashtra,Pune,Website,Express,3,UPI,Cancelled,-13138.19,,,
O00225,30/01/2025,C0086,P013,4,7859,30,22005.2,29293.97,South,Maharashtra,Pune,Website,Standard,1,UPI,Delivered,-7288.77,,,
O00226,3/9/2025,C0334,P025,4,19330,0,77320,55235.95,West,Karnataka,Bengaluru,Mobile App,Express,2,Net Banking,Delivered,22084.05,,,
O00227,1/5/2025,C0086,P040,5,24380,-5,121900,95225.06,North,Telangana,Hyderabad,Website,Express,3,Net Banking,Delivered,26674.94,,,
O00228,6/7/2025,C0425,P046,2,44598,5,84736.2,62922.56,East,Telangana,Hyderabad,Mobile App,Standard,2,Net Banking,Cancelled,21813.64,,,
O00229,4/7/2025,C0422,P028,3,10242,25,23044.5,22320.74,East,Telangana,Hyderabad,Website,Express,5,UPI,Delivered,723.76,,,
O00230,4/3/2025,C0315,P047,5,40622,35,142177,187894.6,West,Telangana,Hyderabad,Website,Express,1,Card,Cancelled,-45717.6,,,
O00231,5/5/2025,C0209,P045,1,8231,5,7819.45,7625.34,West,Telangana,Hyderabad,Website,Same Day,7,COD,Delivered,194.11,,,
O00232,11/24/2025,C0182,P046,2,40097,0,80194,57960.9,West,Karnataka,Bengaluru,Mobile App,Express,1,Card,Delivered,22233.1,,,
O00233,7/18/2025,C0048,P044,3,45281,0,135843,127083.17,South,Telangana,Hyderabad,Marketplace,Express,6,Net Banking,Cancelled,8759.83,,,
O00234,2/1/2025,C0401,P039,1,44217,30,30951.9,32254.75,South,Telangana,Hyderabad,Mobile App,Same Day,1,Card,Cancelled,-1302.85,,,
O00235,12/27/2025,C0322,P038,5,10003,10,45013.5,46177.38,South,Maharashtra,Mumbai,Website,Same Day,7,UPI,Delivered,-1163.88,,,
O00236,5/26/2025,C0101,P021,2,34713,20,55540.8,47976.55,East,Telangana,Hyderabad,Website,Express,3,UPI,Cancelled,7564.25,,,
O00237,11/6/2025,C0201,P027,2,39025,0,78050,48769.69,North,Maharashtra,Mumbai,Marketplace,Standard,1,Card,Delivered,29280.31,,,
O00238,9/5/2025,C0344,P017,3,28993,-5,86979,66786.73,North,Telangana,Hyderabad,Website,Express,1,Net Banking,Delivered,20192.27,,,
O00239,2/1/2025,C0087,P037,5,14341,10,64534.5,44461.5,East,Maharashtra,Mumbai,Marketplace,Express,7,Net Banking,Delivered,20073,,,
O00240,4/7/2025,C0177,P029,2,29256,0,58512,36812.93,West,Maharashtra,Mumbai,Mobile App,Express,7,Card,Delivered,21699.07,,,
O00241,21/11/2025,C0431,P010,2,47343,20,75748.8,88291.71,West,Karnataka,Bengaluru,Marketplace,Express,4,Card,Cancelled,-12542.91,,,
O00242,2/2/2025,C0308,P032,4,33115,10,119214,102320.4,West,Telangana,Hyderabad,Marketplace,Express,1,UPI,Delivered,16893.6,,,
O00243,22/07/2025,C0065,P012,3,45011,10,121529.7,109646.56,East,Telangana,Hyderabad,Mobile App,Same Day,6,Net Banking,Cancelled,11883.14,,,
O00244,2/1/2025,C0408,P029,1,16222,10,14599.8,10100.3,West,Telangana,Hyderabad,Website,Standard,5,Net Banking,Delivered,4499.5,,,
O00245,30/04/2025,C0469,P032,1,17303,-5,17303,13751.2,East,Telangana,Hyderabad,Website,Express,7,Card,Delivered,3551.8,,,
O00246,15/05/2025,C0341,P012,3,1766,-5,5298,4888.45,South,Telangana,Hyderabad,Website,Express,5,Net Banking,Delivered,409.55,,,
O00247,4/12/2025,C0388,P039,5,816,30,2856,2790.53,South,Karnataka,Bengaluru,Mobile App,Express,7,UPI,Delivered,65.47,,,
O00248,16/01/2025,C0417,P001,1,45167,20,36133.6,34345.5,South,Maharashtra,Pune,Marketplace,Express,5,Card,Delivered,1788.1,,,
O00249,11/7/2025,C0205,P033,4,29372,-5,117488,100232.25,South,Karnataka,Bengaluru,Website,Express,2,COD,Cancelled,17255.75,,,
O00250,4/12/2025,C0311,P001,4,43765,5,166307,162953.49,South,Karnataka,Bengaluru,Mobile App,Express,5,Card,Delivered,3353.51,,,
O00251,8/20/2025,C0206,P036,2,30280,0,60560,57277.19,North,Maharashtra,Pune,Marketplace,Express,1,Card,Delivered,3282.81,,,
O00252,5/29/2025,C0364,P016,5,10662,35,37317,33804.68,South,Telangana,Hyderabad,Marketplace,Express,3,Net Banking,Delivered,3512.32,,,
O00253,12/25/2025,C0223,P044,2,22688,5,43107.2,42729.63,South,Telangana,Hyderabad,Website,Express,3,Net Banking,Delivered,377.57,,,
O00254,4/25/2025,C0304,P033,3,49085,0,147255,125187.68,South,Karnataka,Bengaluru,Website,Express,2,UPI,Delivered,22067.32,,,
O00255,11/26/2025,C0222,P007,2,19942,5,37889.8,37557.16,West,Maharashtra,Mumbai,Mobile App,Standard,2,Card,Delivered,332.64,,,
O00391,11/4/2025,C0267,P001,2,5946,25,8919,11028.03,West,Telangana,Hyderabad,Website,Express,1,COD,Cancelled,-2109.03,,,
O00257,8/7/2025,C0393,P010,2,25212,35,35296.8,39923.53,South,Telangana,Hyderabad,Mobile App,Express,7,UPI,Cancelled,-4626.73,,,
O00258,4/24/2025,C0002,P029,5,4089,30,14311.5,19270.8,East,Karnataka,Bengaluru,Website,Express,1,Net Banking,Delivered,-4959.3,,,
O00259,17/06/2025,C0457,P002,3,46166,0,138498,88595.8,North,Telangana,Hyderabad,Website,Same Day,7,Net Banking,Delivered,49902.2,,,
O00260,9/21/2025,C0156,P008,3,46730,-5,140190,92962.11,East,Karnataka,Bengaluru,Website,Standard,5,Card,Delivered,47227.89,,,
O00261,8/18/2025,C0376,P047,2,36236,10,65224.8,50231.12,South,Telangana,Hyderabad,Marketplace,Express,7,Card,Cancelled,14993.68,,,
O00262,3/17/2025,C0265,P032,5,46290,15,196732.5,174159.29,West,Telangana,Hyderabad,Marketplace,Express,7,COD,Delivered,22573.21,,,
O00263,12/25/2025,C0325,P012,4,6395,10,23022,18941.99,South,Telangana,Hyderabad,Mobile App,Standard,2,Net Banking,Cancelled,4080.01,,,
O00264,2/21/2025,C0077,P020,4,20980,15,71332,64243.85,West,Telangana,Hyderabad,Website,Express,4,Card,Delivered,7088.15,,,
O00265,10/26/2025,C0244,P036,3,38210,5,108898.5,88270.14,South,Telangana,Hyderabad,Marketplace,Express,5,Card,Cancelled,20628.36,,,
O00266,2/23/2025,C0213,P031,2,8510,15,14467,13578.58,West,Maharashtra,Pune,Marketplace,Express,4,COD,Delivered,888.42,,,
O00267,11/7/2025,C0225,P029,3,18107,35,38024.7,39429.23,West,Maharashtra,Pune,Website,Standard,2,Card,Delivered,-1404.53,,,
O00268,1/25/2025,C0323,P047,5,46981,30,164433.5,157882.82,North,Telangana,Hyderabad,Mobile App,Express,6,UPI,Delivered,6550.68,,,
O00269,2/20/2025,C0200,P001,3,33411,5,95221.35,89510.92,East,Maharashtra,Mumbai,Marketplace,Standard,2,Card,Delivered,5710.43,,,
O00270,1/4/2025,C0039,P009,3,12564,-5,37692,28472.57,North,Telangana,Hyderabad,Website,Standard,7,Net Banking,Delivered,9219.43,,,
O00271,6/20/2025,C0355,P028,3,35218,10,95088.6,94337.69,East,Telangana,Hyderabad,Marketplace,Standard,5,Card,Delivered,750.91,,,
O00272,3/9/2025,C0078,P014,2,4460,0,8920,8446.45,West,Telangana,Hyderabad,Mobile App,Standard,7,Card,Delivered,473.55,,,
O00273,19/07/2025,C0073,P006,5,22945,0,114725,94906.39,East,Telangana,Hyderabad,Mobile App,Same Day,7,Card,Delivered,19818.61,,,
O00274,30/01/2025,C0435,P025,3,42604,25,95859,96779.26,West,Karnataka,Bengaluru,Marketplace,Express,6,UPI,Delivered,-920.26,,,
O00275,8/11/2025,C0343,P012,2,24575,35,34405,34910.64,North,Telangana,Hyderabad,Website,Standard,5,Card,Delivered,-505.64,,,
O00276,2/24/2025,C0048,P040,1,15520,25,11640,12719.48,East,Telangana,Hyderabad,Website,Same Day,3,Card,Delivered,-1079.48,,,
O00277,1/5/2025,C0059,P045,4,15145,-5,60580,40076.21,West,Maharashtra,Pune,Mobile App,Standard,1,Card,Cancelled,20503.79,,,
O00278,2/22/2025,C0241,P043,4,49172,20,157350.4,179220.5,East,Maharashtra,Mumbai,Website,Express,6,Net Banking,Cancelled,-21870.1,,,
O00279,5/18/2025,C0140,P049,3,1858,10,5016.6,4127.64,West,Telangana,Hyderabad,Website,Express,7,Card,Delivered,888.96,,,
O00280,3/6/2025,C0173,P023,3,13603,0,40809,32658.5,West,Telangana,Hyderabad,Marketplace,Express,6,Card,Cancelled,8150.5,,,
O00281,2/3/2025,C0334,P003,5,7803,35,27310.5,28879.16,North,Telangana,Hyderabad,Website,Standard,2,Card,Delivered,-1568.66,,,
O00282,2/15/2025,C0409,P038,3,46672,25,105012,91269.07,West,Telangana,Hyderabad,Website,Standard,Not Delivered,Card,Cancelled,13742.93,,,
O00283,11/7/2025,C0378,P031,2,25690,-5,51380,48759.31,North,Karnataka,Bengaluru,Mobile App,Express,1,UPI,Delivered,2620.69,,,
O00284,6/23/2025,C0458,P009,2,9078,0,18156,11074.02,West,Telangana,Hyderabad,Marketplace,Same Day,3,COD,Delivered,7081.98,,,
O00285,10/9/2025,C0076,P033,3,12695,20,30468,32397.79,West,Maharashtra,Pune,Marketplace,Express,5,Net Banking,Cancelled,-1929.79,,,
O00286,8/25/2025,C0218,P032,5,34305,15,145796.25,113182.91,North,Telangana,Hyderabad,Website,Same Day,2,Card,Cancelled,32613.34,,,
O00287,3/22/2025,C0455,P008,4,11032,30,30889.6,30349.42,East,Maharashtra,Pune,Marketplace,Express,7,Card,Delivered,540.18,,,
O00288,6/16/2025,C0273,P007,3,18042,15,46007.1,42899.8,South,Telangana,Hyderabad,Website,Express,3,Net Banking,Delivered,3107.3,,,
O00289,9/9/2025,C0047,P017,1,35693,0,35693,22075.71,West,Maharashtra,Mumbai,Mobile App,Express,1,COD,Delivered,13617.29,,,
O00290,12/17/2025,C0447,P004,2,15698,20,25116.8,28046.88,West,Telangana,Hyderabad,Mobile App,Express,6,UPI,Delivered,-2930.08,,,
O00291,23/04/2025,C0151,P011,1,38757,10,34881.3,28698.05,North,Karnataka,Bengaluru,Marketplace,Express,2,UPI,Delivered,6183.25,,,
O00292,2/9/2025,C0115,P010,3,13045,0,39135,24101.39,West,Telangana,Hyderabad,Website,Express,2,COD,Cancelled,15033.61,,,
O00293,6/26/2025,C0123,P004,3,14740,35,30954,30171.61,West,Telangana,Hyderabad,Website,Standard,2,COD,Cancelled,782.39,,,
O00294,6/10/2025,C0416,P046,4,14478,25,43434,52696.51,West,Telangana,Hyderabad,Marketplace,Express,4,UPI,Delivered,-9262.51,,,
O00295,6/24/2025,C0097,P012,3,29137,0,87411,52715.04,West,Telangana,Hyderabad,Marketplace,Standard,6,Card,Delivered,34695.96,,,
O00296,3/21/2025,C0020,P027,4,25785,5,97983,70824.17,West,Telangana,Hyderabad,Marketplace,Express,1,COD,Delivered,27158.83,,,
O00297,11/29/2025,C0193,P015,1,42661,5,40527.95,32865.33,North,Telangana,Hyderabad,Website,Express,1,Card,Delivered,7662.62,,,
O00298,1/4/2025,C0258,P006,1,21312,25,15984,14856.68,North,Maharashtra,Mumbai,Website,Express,3,Card,Cancelled,1127.32,,,
O00299,10/27/2025,C0362,P004,1,18940,5,17993,14827.59,South,Telangana,Hyderabad,Marketplace,Same Day,5,COD,Delivered,3165.41,,,
O00300,17/02/2025,C0402,P032,2,26775,0,53550,41220.74,East,Telangana,Hyderabad,Mobile App,Express,5,Card,Cancelled,12329.26,,,
O00301,17/03/2025,C0284,P023,1,6529,15,5549.65,3922.45,West,Maharashtra,Pune,Mobile App,Same Day,5,Card,Cancelled,1627.2,,,
O00302,20/07/2025,C0016,P021,5,17871,0,89355,77331.2,North,Maharashtra,Mumbai,Mobile App,Standard,2,COD,Cancelled,12023.8,,,
O00303,3/24/2025,C0063,P045,1,4480,5,4256,3532.18,North,Telangana,Hyderabad,Mobile App,Express,5,COD,Delivered,723.82,,,
O00304,5/27/2025,C0113,P015,5,31730,0,158650,110473.18,North,Karnataka,Bengaluru,Mobile App,Express,7,Card,Delivered,48176.82,,,
O00305,11/8/2025,C0071,P003,3,26532,20,63676.8,50102.47,West,Telangana,Hyderabad,Marketplace,Express,6,Card,Delivered,13574.33,,,
O00306,7/28/2025,C0152,P009,3,40594,15,103514.7,93696.49,East,Maharashtra,Pune,Website,Express,4,UPI,Delivered,9818.21,,,
O00307,5/9/2025,C0386,P018,1,23076,25,17307,17833.46,West,Maharashtra,Pune,Marketplace,Standard,7,UPI,Cancelled,-526.46,,,
O00308,21/10/2025,C0016,P048,3,18749,5,53434.65,38866.28,South,Maharashtra,Pune,Marketplace,Express,2,UPI,Cancelled,14568.37,,,
O00309,10/6/2025,C0124,P045,4,45809,0,183236,160997.97,East,Telangana,Hyderabad,Mobile App,Express,4,COD,Delivered,22238.03,,,
O00310,4/23/2025,C0365,P016,2,27751,0,55502,51951.87,North,Telangana,Hyderabad,Mobile App,Express,2,Net Banking,Delivered,3550.13,,,
O00311,9/26/2025,C0081,P031,5,8879,5,42175.25,34318.25,East,Telangana,Hyderabad,Mobile App,Express,5,Card,Delivered,7857,,,
O00623,2/24/2025,C0210,P042,2,1259,5,2392.1,1739.36,West,Telangana,Hyderabad,Mobile App,Express,1,UPI,Delivered,652.74,,,
O00313,12/10/2025,C0193,P004,5,43739,25,164021.25,204754.79,East,Karnataka,Bengaluru,Website,Standard,2,Card,Delivered,-40733.54,,,
O00314,7/19/2025,C0075,P016,2,30960,25,46440,41919.86,West,Telangana,Hyderabad,Mobile App,Standard,3,Card,Delivered,4520.14,,,
O00315,19/08/2025,C0336,P010,3,37484,25,84339,72803.12,East,Telangana,Hyderabad,Marketplace,Express,3,Net Banking,Delivered,11535.88,,,
O00316,11/27/2025,C0272,P036,1,49154,15,41780.9,30756.79,East,Telangana,Hyderabad,Marketplace,Express,4,UPI,Delivered,11024.11,,,
O00317,2/12/2025,C0144,P029,1,6179,15,5252.15,5403.52,South,Telangana,Hyderabad,Mobile App,Same Day,7,UPI,Delivered,-151.37,,,
O00318,11/5/2025,C0097,P047,5,27837,5,132225.75,124478.2,South,Telangana,Hyderabad,Mobile App,Express,6,Card,Delivered,7747.55,,,
O00319,6/7/2025,C0348,P028,3,39541,0,118623,100984.21,North,Telangana,Hyderabad,Mobile App,Standard,4,Card,Delivered,17638.79,,,
O00320,8/25/2025,C0205,P039,5,15253,15,64825.25,64000.09,West,Maharashtra,Pune,Website,Standard,3,COD,Delivered,825.16,,,
O00321,7/27/2025,C0190,P049,4,18659,0,74636,67330.1,West,Telangana,Hyderabad,Mobile App,Express,4,COD,Cancelled,7305.9,,,
O00322,9/15/2025,C0418,P023,1,24251,15,20613.35,19411.28,East,Maharashtra,Mumbai,Website,Express,2,Card,Cancelled,1202.07,,,
O00323,10/2/2025,C0479,P046,5,16563,-5,82815,77256.53,West,Telangana,Hyderabad,Marketplace,Express,2,COD,Delivered,5558.47,,,
O00324,11/11/2025,C0497,P007,2,11983,20,19172.8,19426.47,North,Maharashtra,Mumbai,Website,Same Day,4,Card,Cancelled,-253.67,,,
O00325,7/7/2025,C0203,P044,2,38894,10,70009.2,61412.41,North,Karnataka,Bengaluru,Website,Express,5,Card,Delivered,8596.79,,,
O00326,2/9/2025,C0071,P045,2,34352,20,54963.2,42744.69,South,Karnataka,Bengaluru,Mobile App,Express,6,Net Banking,Cancelled,12218.51,,,
O00327,3/31/2025,C0394,P007,1,42752,5,40614.4,28253.14,South,Telangana,Hyderabad,Mobile App,Express,5,UPI,Delivered,12361.26,,,
O00328,7/21/2025,C0083,P013,2,21360,25,32040,39041.12,North,Telangana,Hyderabad,Marketplace,Same Day,7,Card,Delivered,-7001.12,,,
O00329,3/13/2025,C0259,P011,5,11289,15,47978.25,44467.23,North,Maharashtra,Mumbai,Marketplace,Standard,1,Card,Delivered,3511.02,,,
O00330,7/30/2025,C0174,P019,2,21027,0,42054,32686.55,North,Telangana,Hyderabad,Mobile App,Express,6,Card,Delivered,9367.45,,,
O00331,5/1/2025,C0067,P009,5,4586,0,22930,18018.87,South,Telangana,Hyderabad,Mobile App,Same Day,6,UPI,Delivered,4911.13,,,
O00332,12/9/2025,C0261,P030,1,3480,25,2610,2457.09,West,Telangana,Hyderabad,Website,Standard,7,Card,Cancelled,152.91,,,
O00333,6/5/2025,C0369,P023,4,5814,0,23256,15032.64,West,Telangana,Hyderabad,Mobile App,Express,1,COD,Cancelled,8223.36,,,
O00334,20/11/2025,C0038,P029,4,15138,20,48441.6,41600.87,North,Karnataka,Bengaluru,Marketplace,Same Day,4,Card,Cancelled,6840.73,,,
O00335,21/07/2025,C0379,P020,2,39626,0,79252,68116.27,North,Telangana,Hyderabad,Marketplace,Standard,1,Net Banking,Delivered,11135.73,,,
O00336,23/01/2025,C0376,P014,5,45738,20,182952,166260.48,South,Karnataka,Bengaluru,Marketplace,Express,1,Card,Delivered,16691.52,,,
O00337,26/02/2025,C0233,P007,2,763,35,1068.2,1264.69,North,Telangana,Hyderabad,Mobile App,Express,3,Card,Delivered,-196.49,,,
O00338,18/08/2025,C0230,P006,3,27090,20,65016,75581.49,East,Maharashtra,Mumbai,Marketplace,Express,5,COD,Cancelled,-10565.49,,,
O00339,6/5/2025,C0139,P049,1,46291,10,41661.9,43668.03,South,Maharashtra,Mumbai,Marketplace,Same Day,5,COD,Cancelled,-2006.13,,,
O00340,12/22/2025,C0021,P002,1,33695,15,28640.75,22614.72,North,Maharashtra,Pune,Website,Express,5,Card,Delivered,6026.03,,,
O00341,10/3/2025,C0325,P027,1,13308,30,9315.6,9598.3,North,Telangana,Hyderabad,Mobile App,Same Day,4,Net Banking,Delivered,-282.7,,,
O00342,9/8/2025,C0269,P039,3,35582,-5,106746,79843.01,East,Karnataka,Bengaluru,Website,Express,7,UPI,Delivered,26902.99,,,
O00343,8/22/2025,Unknown,P011,2,17879,5,33970.1,27148.65,South,Maharashtra,Mumbai,Mobile App,Same Day,6,Card,Cancelled,6821.45,,,
O00344,10/26/2025,C0020,P002,2,29468,10,53042.4,48188.67,East,Telangana,Hyderabad,Marketplace,Standard,2,Card,Delivered,4853.73,,,
O00345,12/12/2025,C0049,P043,3,49640,25,111690,111587.34,West,Telangana,Hyderabad,Marketplace,Standard,5,UPI,Cancelled,102.66,,,
O00346,2/4/2025,C0291,P032,2,10184,0,20368,17963.2,South,Maharashtra,Pune,Website,Same Day,7,COD,Delivered,2404.8,,,
O00347,8/18/2025,C0290,P020,1,8639,0,8639,5774.43,West,Karnataka,Bengaluru,Website,Express,6,Card,Delivered,2864.57,,,
O00348,8/22/2025,C0350,P046,1,49202,0,49202,34646.66,West,Telangana,Hyderabad,Website,Standard,1,COD,Delivered,14555.34,,,
O00349,6/16/2025,C0461,P023,1,3334,20,2667.2,2442.31,North,Maharashtra,Pune,Website,Same Day,3,UPI,Cancelled,224.89,,,
O00350,9/13/2025,C0340,P022,1,31609,10,28448.1,28520.51,South,Telangana,Hyderabad,Website,Same Day,3,COD,Cancelled,-72.41,,,
O00351,7/18/2025,C0377,P007,2,5978,30,8369.2,8317.93,East,Telangana,Hyderabad,Marketplace,Express,6,Net Banking,Cancelled,51.27,,,
O00352,6/29/2025,C0213,P040,2,16528,-5,33056,30596.65,West,Telangana,Hyderabad,Mobile App,Standard,1,UPI,Delivered,2459.35,,,
O00353,18/03/2025,C0162,P023,5,3850,25,14437.5,12826.36,East,Maharashtra,Pune,Marketplace,Standard,3,Card,Delivered,1611.14,,,
O00354,7/26/2025,C0494,P006,4,16301,35,45642.8,57663.66,West,Maharashtra,Pune,Marketplace,Express,3,Card,Delivered,-12020.86,,,
O00355,19/01/2025,C0330,P035,1,28501,0,28501,22429.83,West,Telangana,Hyderabad,Mobile App,Express,2,Card,Delivered,6071.17,,,
O02482,11/20/2025,Unknown,P049,5,19014,-5,95070,68369.12,North,Karnataka,Bengaluru,Mobile App,Express,3,Card,Delivered,26700.88,,,
O00357,26/10/2025,C0322,P044,2,23866,-5,47732,39383.57,West,Telangana,Hyderabad,Marketplace,Standard,6,Net Banking,Cancelled,8348.43,,,
O00358,6/12/2025,C0343,P029,1,31226,30,21858.2,29137.81,South,Telangana,Hyderabad,Marketplace,Express,4,UPI,Delivered,-7279.61,,,
O00359,12/2/2025,C0450,P022,1,5825,-5,5825,4749.59,East,Telangana,Hyderabad,Mobile App,Express,1,Net Banking,Delivered,1075.41,,,
O00360,7/9/2025,C0103,P022,4,37468,0,149872,135421.88,North,Telangana,Hyderabad,Mobile App,Same Day,6,COD,Delivered,14450.12,,,
O00361,3/19/2025,C0110,P001,5,17151,10,77179.5,53535.52,North,Telangana,Hyderabad,Website,Express,3,Card,Cancelled,23643.98,,,
O00362,10/14/2025,C0177,P012,5,7797,0,38985,34393.33,South,Telangana,Hyderabad,Website,Standard,3,UPI,Delivered,4591.67,,,
O00363,3/1/2025,C0345,P032,2,11611,5,22060.9,15682.64,South,Maharashtra,Mumbai,Mobile App,Standard,1,Card,Delivered,6378.26,,,
O00199,11/13/2025,C0113,P038,2,29781,-5,59562,47171.69,North,Telangana,Hyderabad,Website,Express,3,UPI,Cancelled,12390.31,,,
O00365,4/6/2025,C0158,P046,1,31272,5,29708.4,28927.17,North,Telangana,Hyderabad,Mobile App,Standard,4,COD,Delivered,781.23,,,
O00366,13/02/2025,C0336,P020,3,36451,25,82014.75,71865.85,North,Telangana,Hyderabad,Mobile App,Express,3,UPI,Delivered,10148.9,,,
O00367,9/28/2025,C0315,P020,5,7907,0,39535,36636.14,East,Telangana,Hyderabad,Mobile App,Express,6,Card,Delivered,2898.86,,,
O00368,12/16/2025,C0453,P033,1,23878,15,20296.3,14778.38,West,Maharashtra,Pune,Website,Express,2,Card,Cancelled,5517.92,,,
O00369,27/02/2025,C0495,P025,3,2557,30,5369.7,6201.99,West,Telangana,Hyderabad,Mobile App,Express,4,Card,Delivered,-832.29,,,
O00370,27/07/2025,C0332,P003,5,36198,0,180990,131330.52,West,Karnataka,Bengaluru,Website,Express,1,Card,Delivered,49659.48,,,
O00371,8/5/2025,C0008,P039,5,24237,0,121185,76826.46,South,Telangana,Hyderabad,Marketplace,Express,3,UPI,Delivered,44358.54,,,
O00372,30/06/2025,C0056,P010,3,48144,25,108324,131382.41,North,Karnataka,Bengaluru,Marketplace,Express,6,COD,Delivered,-23058.41,,,
O00373,11/11/2025,C0258,P025,4,14655,0,58620,48282.19,North,Karnataka,Bengaluru,Mobile App,Standard,2,Card,Cancelled,10337.81,,,
O00374,4/11/2025,C0287,P032,1,39009,-5,39009,31883.54,East,Karnataka,Bengaluru,Mobile App,Standard,6,COD,Cancelled,7125.46,,,
O00375,6/8/2025,C0422,P008,3,16011,25,36024.75,38347.4,West,Telangana,Hyderabad,Mobile App,Express,2,Card,Cancelled,-2322.65,,,
O00376,11/1/2025,C0109,P020,3,33699,-5,101097,95579.19,South,Maharashtra,Mumbai,Mobile App,Express,7,Card,Cancelled,5517.81,,,
O00377,7/21/2025,C0423,P020,4,42467,15,144387.8,124580.51,South,Telangana,Hyderabad,Marketplace,Express,4,Card,Delivered,19807.29,,,
O00378,24/07/2025,C0365,P039,3,22401,0,67203,43240.76,South,Telangana,Hyderabad,Mobile App,Standard,6,COD,Delivered,23962.24,,,
O00379,3/5/2025,C0381,P037,5,39833,0,199165,151623.63,North,Telangana,Hyderabad,Marketplace,Express,5,COD,Cancelled,47541.37,,,
O00380,12/2/2025,C0248,P033,1,21567,35,15096.9,13235.9,North,Telangana,Hyderabad,Marketplace,Express,7,Net Banking,Cancelled,1861,,,
O00381,11/11/2025,C0174,P008,1,27093,20,21674.4,19641.62,North,Telangana,Hyderabad,Marketplace,Standard,6,COD,Delivered,2032.78,,,
O00382,5/3/2025,C0113,P030,3,36707,20,88096.8,72554.87,East,Karnataka,Bengaluru,Website,Same Day,3,Card,Delivered,15541.93,,,
O00383,9/7/2025,C0029,P036,1,27519,0,27519,20233.39,East,Maharashtra,Mumbai,Marketplace,Standard,3,COD,Cancelled,7285.61,,,
O00384,8/24/2025,C0029,P005,4,12206,0,48824,45802.25,South,Telangana,Hyderabad,Marketplace,Express,6,Card,Delivered,3021.75,,,
O00385,1/23/2025,C0010,P022,2,35960,10,64728,48783.2,West,Telangana,Hyderabad,Website,Standard,7,COD,Delivered,15944.8,,,
O00386,6/24/2025,C0252,P035,2,4310,25,6465,6598.04,East,Karnataka,Bengaluru,Website,Express,6,UPI,Cancelled,-133.04,,,
O00387,9/7/2025,C0366,P029,3,28557,5,81387.45,60552.69,East,Telangana,Hyderabad,Marketplace,Express,2,Card,Delivered,20834.76,,,
O00388,13/01/2025,C0265,P028,3,41069,25,92405.25,108727.42,East,Telangana,Hyderabad,Marketplace,Express,3,Net Banking,Delivered,-16322.17,,,
O00389,9/17/2025,C0372,P028,1,6300,25,4725,5633.82,East,Maharashtra,Pune,Marketplace,Standard,4,Card,Cancelled,-908.82,,,
O00390,10/28/2025,C0385,P004,1,42132,15,35812.2,38767.08,East,Maharashtra,Mumbai,Mobile App,Express,7,Net Banking,Cancelled,-2954.88,,,
O00391,18/04/2025,C0325,P013,4,11962,30,33493.6,44909.41,North,Telangana,Hyderabad,Mobile App,Standard,4,COD,Delivered,-11415.81,,,
O00392,7/4/2025,Unknown,P015,1,3403,20,2722.4,2970.13,East,Telangana,Hyderabad,Website,Express,4,COD,Delivered,-247.73,,,
O00393,18/08/2025,C0326,P050,5,31733,35,111065.5,146586.81,West,Karnataka,Bengaluru,Website,Standard,1,Net Banking,Cancelled,-35521.31,,,
O00394,2/12/2025,C0110,P003,1,16585,25,12438.75,12095.22,South,Telangana,Hyderabad,Mobile App,Standard,7,Net Banking,Delivered,343.53,,,
O00395,3/2/2025,C0054,P013,4,9720,15,33048,27076.7,North,Telangana,Hyderabad,Website,Standard,4,Net Banking,Delivered,5971.3,,,
O00396,5/14/2025,C0360,P030,4,24625,5,93575,77129.78,East,Karnataka,Bengaluru,Website,Express,3,Card,Cancelled,16445.22,,,
O00397,12/8/2025,C0199,P032,2,48890,35,68446,79849.36,South,Telangana,Hyderabad,Website,Express,1,COD,Delivered,-11403.36,,,
O00398,12/3/2025,C0144,P004,3,49854,5,142083.9,124691.51,South,Telangana,Hyderabad,Mobile App,Standard,1,Card,Delivered,17392.39,,,
O00399,26/05/2025,C0217,P049,3,15466,5,44078.1,41021.15,South,Telangana,Hyderabad,Website,Express,1,UPI,Cancelled,3056.95,,,
O00400,12/23/2025,C0478,P049,5,6923,30,24230.5,24078.19,East,Telangana,Hyderabad,Mobile App,Express,7,Net Banking,Delivered,152.31,,,
O00401,12/9/2025,C0397,P016,5,26828,30,93898,103005.39,East,Karnataka,Bengaluru,Mobile App,Standard,5,COD,Delivered,-9107.39,,,
O00402,6/14/2025,C0039,P007,5,21279,35,74476.5,99446.06,North,Telangana,Hyderabad,Mobile App,Express,1,COD,Delivered,-24969.56,,,
O00403,1/12/2025,C0046,P003,1,1794,0,1794,1461.11,North,Telangana,Hyderabad,Website,Standard,3,Net Banking,Delivered,332.89,,,
O00404,1/25/2025,C0195,P021,5,5684,0,28420,22403.91,West,Telangana,Hyderabad,Marketplace,Express,1,Card,Cancelled,6016.09,,,
O00405,2/27/2025,C0223,P045,1,10215,35,7150.5,6358.52,East,Telangana,Hyderabad,Mobile App,Express,6,Card,Delivered,791.98,,,
O00406,3/26/2025,C0037,P033,3,4460,20,10704,12679.35,South,Telangana,Hyderabad,Website,Express,4,Card,Delivered,-1975.35,,,
O00407,7/7/2025,C0190,P012,3,46165,25,103871.25,128412.97,North,Telangana,Hyderabad,Website,Express,5,UPI,Cancelled,-24541.72,,,
O00408,12/22/2025,C0387,P015,2,3287,20,5259.2,4526.35,West,Maharashtra,Mumbai,Mobile App,Express,4,COD,Delivered,732.85,,,
O00409,2/28/2025,C0417,P030,3,13468,25,30303,29320.99,West,Telangana,Hyderabad,Mobile App,Standard,5,UPI,Delivered,982.01,,,
O00410,2/26/2025,C0098,P024,3,34919,0,104757,70508.39,North,Telangana,Hyderabad,Marketplace,Express,4,Net Banking,Delivered,34248.61,,,
O00411,4/16/2025,C0203,P013,1,25817,5,24526.15,20711.86,East,Telangana,Hyderabad,Mobile App,Express,6,Card,Delivered,3814.29,,,
O00412,12/1/2025,C0332,P028,2,14937,35,20911.8,27294.81,North,Telangana,Hyderabad,Mobile App,Express,7,Net Banking,Delivered,-6383.01,,,
O00413,8/27/2025,Unknown,P010,3,42535,10,114844.5,112918.92,East,Telangana,Hyderabad,Mobile App,Same Day,5,Card,Delivered,1925.58,,,
O00414,16/10/2025,C0367,P031,1,15174,5,14415.3,11400.63,West,Telangana,Hyderabad,Marketplace,Express,4,Card,Delivered,3014.67,,,
O00415,28/09/2025,C0336,P023,5,39950,-5,199750,161844.64,South,Telangana,Hyderabad,Marketplace,Standard,1,Card,Delivered,37905.36,,,
O00416,11/5/2025,C0151,P032,4,5343,20,17097.6,14281.07,West,Telangana,Hyderabad,Marketplace,Same Day,5,COD,Delivered,2816.53,,,
O00417,8/20/2025,C0137,P048,2,44150,-5,88300,57656.76,East,Telangana,Hyderabad,Website,Standard,4,UPI,Cancelled,30643.24,,,
O00418,6/22/2025,C0174,P031,2,10022,35,14030.8,18832.42,West,Telangana,Hyderabad,Mobile App,Express,5,COD,Cancelled,-4801.62,,,
O00419,12/12/2025,C0101,P029,2,45476,5,86404.4,79589.79,West,Maharashtra,Mumbai,Mobile App,Standard,7,COD,Cancelled,6814.61,,,
O00420,25/12/2025,C0256,P019,1,31605,25,23703.75,28249.4,West,Telangana,Hyderabad,Marketplace,Express,5,Card,Delivered,-4545.65,,,
O00421,12/19/2025,C0162,P020,3,20293,25,45659.25,57497.52,South,Telangana,Hyderabad,Website,Standard,5,UPI,Delivered,-11838.27,,,
O00422,3/24/2025,C0210,P002,5,39654,35,138789,129721.81,South,Telangana,Hyderabad,Website,Express,5,UPI,Cancelled,9067.19,,,
O00423,12/10/2025,C0440,P041,4,25390,35,71092,81420.3,West,Telangana,Hyderabad,Website,Express,7,UPI,Delivered,-10328.3,,,
O00424,6/7/2025,C0342,P032,1,14611,15,12419.35,12233.91,North,Telangana,Hyderabad,Mobile App,Standard,2,Net Banking,Delivered,185.44,,,
O00425,5/4/2025,C0280,P011,2,20413,0,40826,34628.19,South,Telangana,Hyderabad,Mobile App,Express,2,Net Banking,Delivered,6197.81,,,
O00426,24/05/2025,C0249,P018,1,48056,35,33639.2,41601.31,West,Karnataka,Bengaluru,Marketplace,Express,3,Card,Cancelled,-7962.11,,,
O00427,3/21/2025,C0074,P028,4,10880,10,39168,35464.97,East,Telangana,Hyderabad,Mobile App,Standard,4,Card,Delivered,3703.03,,,
O00428,3/28/2025,C0384,P049,5,15084,20,60336,48417.56,East,Maharashtra,Pune,Mobile App,Standard,4,Card,Delivered,11918.44,,,
O00429,27/06/2025,C0017,P041,5,36801,20,147204,127501.41,South,Maharashtra,Mumbai,Mobile App,Standard,4,COD,Delivered,19702.59,,,
O00430,4/3/2025,C0178,P047,4,7895,10,28422,26834.34,North,Telangana,Hyderabad,Mobile App,Express,1,UPI,Cancelled,1587.66,,,
O00431,3/29/2025,C0318,P001,3,21008,20,50419.2,59174.48,West,Maharashtra,Mumbai,Marketplace,Same Day,6,Card,Cancelled,-8755.28,,,
O00432,26/12/2025,C0264,P032,2,2807,20,4491.2,3975.14,West,Telangana,Hyderabad,Marketplace,Standard,2,Card,Delivered,516.06,,,
O00433,6/2/2025,C0360,P025,1,30925,-5,30925,21093.36,West,Maharashtra,Mumbai,Mobile App,Standard,2,Card,Delivered,9831.64,,,
O00434,22/04/2025,C0296,P026,2,49177,0,98354,88469.91,East,Maharashtra,Pune,Website,Standard,6,Net Banking,Delivered,9884.09,,,
O00435,6/27/2025,C0121,P012,1,43752,5,41564.4,27358.33,North,Telangana,Hyderabad,Mobile App,Express,5,COD,Cancelled,14206.07,,,
O00436,5/3/2025,C0148,P017,2,36154,25,54231,50985.89,North,Karnataka,Bengaluru,Website,Express,4,Net Banking,Delivered,3245.11,,,
O00437,10/9/2025,C0434,P028,3,45445,35,95434.5,97995.3,East,Karnataka,Bengaluru,Mobile App,Express,7,UPI,Delivered,-2560.8,,,
O00438,3/22/2025,C0161,P039,1,9239,35,6467.3,6150.91,North,Telangana,Hyderabad,Mobile App,Standard,5,Card,Delivered,316.39,,,
O00439,5/8/2025,C0088,P035,5,36934,35,129269,111710.26,West,Telangana,Hyderabad,Mobile App,Express,7,COD,Delivered,17558.74,,,
O00440,2/9/2025,C0153,P013,1,14890,20,11912,11343.94,North,Telangana,Hyderabad,Website,Express,6,Card,Cancelled,568.06,,,
O00441,5/18/2025,C0301,P009,1,7054,10,6348.6,6155.55,West,Telangana,Hyderabad,Marketplace,Standard,3,Card,Delivered,193.05,,,
O00442,2/21/2025,C0188,P032,4,22650,0,90600,83682.95,East,Maharashtra,Mumbai,Mobile App,Express,2,Card,Delivered,6917.05,,,
O00443,4/5/2025,C0485,P027,5,42862,10,192879,162472.05,North,Telangana,Hyderabad,Marketplace,Express,1,Net Banking,Delivered,30406.95,,,
O00444,6/27/2025,Unknown,P026,3,3627,30,7616.7,6693.27,South,Karnataka,Bengaluru,Mobile App,Express,7,UPI,Cancelled,923.43,,,
O00445,7/9/2025,C0113,P024,2,8825,30,12355,15712.93,South,Telangana,Hyderabad,Marketplace,Express,2,Net Banking,Delivered,-3357.93,,,
O00446,2/12/2025,C0378,P034,5,4667,20,18668,16720.17,East,Telangana,Hyderabad,Marketplace,Express,3,Net Banking,Delivered,1947.83,,,
O00447,6/10/2025,C0001,P005,1,33877,30,23713.9,24312.12,East,Telangana,Hyderabad,Mobile App,Same Day,1,UPI,Delivered,-598.22,,,
O00448,6/25/2025,C0005,P009,4,49696,30,139148.8,183135.32,North,Telangana,Hyderabad,Website,Same Day,4,Card,Delivered,-43986.52,,,
O00449,2/23/2025,C0307,P018,3,43809,0,131427,88758.29,West,Karnataka,Bengaluru,Website,Express,2,COD,Delivered,42668.71,,,
O00450,1/20/2025,C0300,P024,5,5865,0,29325,24274.91,West,Telangana,Hyderabad,Mobile App,Express,6,Net Banking,Cancelled,5050.09,,,
O00451,24/07/2025,C0476,P040,1,17341,20,13872.8,13709.65,West,Telangana,Hyderabad,Mobile App,Express,5,Net Banking,Delivered,163.15,,,
O00452,10/15/2025,C0457,P039,3,12285,0,36855,25892.48,East,Telangana,Hyderabad,Mobile App,Express,7,Card,Delivered,10962.52,,,
O00453,1/20/2025,C0167,P037,3,38503,20,92407.2,77727.24,West,Telangana,Hyderabad,Marketplace,Express,5,Card,Cancelled,14679.96,,,
O01751,5/5/2025,C0316,P050,3,23165,20,55596,48309.33,North,Telangana,Hyderabad,Mobile App,Express,1,COD,Cancelled,7286.67,,,
O00455,8/11/2025,C0062,P045,1,2040,10,1836,1911.89,East,Telangana,Hyderabad,Marketplace,Standard,2,Card,Cancelled,-75.89,,,
O00456,6/9/2025,C0462,P048,2,49953,5,94910.7,64043.41,South,Telangana,Hyderabad,Marketplace,Standard,1,Card,Delivered,30867.29,,,
O00457,10/1/2025,C0394,P011,4,18233,5,69285.4,65824.6,North,Telangana,Hyderabad,Marketplace,Standard,1,Net Banking,Cancelled,3460.8,,,
O00458,3/13/2025,C0453,P044,2,3358,25,5037,4938.17,North,Telangana,Hyderabad,Marketplace,Express,1,UPI,Cancelled,98.83,,,
O00459,3/1/2025,C0494,P048,5,39744,25,149040,173901.03,South,Telangana,Hyderabad,Marketplace,Standard,5,Net Banking,Delivered,-24861.03,,,
O00460,4/22/2025,C0282,P031,3,13659,0,40977,36089.65,East,Telangana,Hyderabad,Mobile App,Express,5,UPI,Delivered,4887.35,,,
O00461,3/7/2025,C0056,P003,2,6357,30,8899.8,9204.05,North,Karnataka,Bengaluru,Website,Standard,1,UPI,Cancelled,-304.25,,,
O00462,4/14/2025,C0403,P020,3,32039,10,86505.3,86604.94,North,Telangana,Hyderabad,Website,Express,4,UPI,Delivered,-99.64,,,
O00463,4/26/2025,C0344,P037,4,30398,20,97273.6,111430.85,South,Maharashtra,Mumbai,Website,Express,4,Card,Cancelled,-14157.25,,,
O00464,19/01/2025,C0425,P016,5,39458,0,197290,172029.39,South,Maharashtra,Mumbai,Website,Express,6,UPI,Cancelled,25260.61,,,
O00465,18/09/2025,C0147,P028,1,24312,5,23096.4,17089.24,West,Telangana,Hyderabad,Mobile App,Express,1,UPI,Delivered,6007.16,,,
O00466,31/07/2025,C0459,P028,1,22353,5,21235.35,20500.54,East,Maharashtra,Pune,Website,Standard,2,UPI,Delivered,734.81,,,
O00467,9/5/2025,C0263,P018,2,38061,25,57091.5,51372.63,South,Telangana,Hyderabad,Mobile App,Standard,6,Card,Delivered,5718.87,,,
O00468,11/2/2025,C0456,P046,1,6197,0,6197,5229.81,South,Maharashtra,Pune,Website,Express,1,Card,Delivered,967.19,,,
O00469,9/29/2025,C0248,P016,4,9160,10,32976,28858.31,North,Telangana,Hyderabad,Mobile App,Standard,1,Net Banking,Delivered,4117.69,,,
O00470,9/23/2025,C0025,P013,2,33510,15,56967,50830.02,East,Telangana,Hyderabad,Mobile App,Same Day,4,Card,Cancelled,6136.98,,,
O00471,7/18/2025,C0287,P050,3,17562,30,36880.2,34877.55,North,Maharashtra,Pune,Mobile App,Standard,2,Card,Delivered,2002.65,,,
O02497,8/15/2025,C0498,P035,1,5572,0,5572,4832.59,South,Telangana,Hyderabad,Marketplace,Express,1,Card,Delivered,739.41,,,
O00473,4/29/2025,C0344,P048,4,29199,25,87597,73955.75,North,Karnataka,Bengaluru,Marketplace,Express,5,UPI,Delivered,13641.25,,,
O00474,29/01/2025,C0292,P030,2,36184,30,50657.6,52633.04,East,Telangana,Hyderabad,Mobile App,Standard,5,Card,Delivered,-1975.44,,,
O00475,4/9/2025,C0289,P045,2,29073,-5,58146,47499.59,North,Telangana,Hyderabad,Mobile App,Standard,4,Card,Cancelled,10646.41,,,
O00476,7/30/2025,C0243,P039,1,1936,0,1936,1202.19,West,Maharashtra,Mumbai,Website,Express,7,UPI,Cancelled,733.81,,,
O00477,22/10/2025,C0158,P003,4,23620,10,85032,66358.46,North,Maharashtra,Mumbai,Mobile App,Express,7,COD,Cancelled,18673.54,,,
O00478,2/10/2025,C0059,P007,2,22154,30,31015.6,35694.34,West,Karnataka,Bengaluru,Marketplace,Express,3,Card,Delivered,-4678.74,,,
O00479,11/1/2025,C0033,P008,3,10979,10,29643.3,23933.76,West,Telangana,Hyderabad,Marketplace,Standard,7,UPI,Cancelled,5709.54,,,
O00480,3/6/2025,C0064,P015,5,48202,-5,241010,147398.08,East,Telangana,Hyderabad,Website,Standard,1,Card,Delivered,93611.92,,,
O00481,2/12/2025,C0393,P022,1,33193,30,23235.1,30919.72,South,Telangana,Hyderabad,Website,Same Day,6,Card,Cancelled,-7684.62,,,
O00482,20/10/2025,C0413,P036,3,34901,30,73292.1,87102.41,North,Telangana,Hyderabad,Marketplace,Express,7,UPI,Cancelled,-13810.31,,,
O00483,1/23/2025,C0174,P020,2,17426,0,34852,22773.48,West,Telangana,Hyderabad,Website,Express,3,Net Banking,Delivered,12078.52,,,
O00484,10/14/2025,C0226,P010,2,41051,10,73891.8,73271.38,West,Maharashtra,Pune,Marketplace,Same Day,1,COD,Cancelled,620.42,,,
O00485,12/22/2025,C0060,P031,5,10724,25,40215,40182,West,Maharashtra,Pune,Marketplace,Standard,2,Card,Delivered,33,,,
O00486,5/27/2025,C0298,P046,2,18317,-5,36634,31238.38,East,Telangana,Hyderabad,Website,Standard,4,UPI,Delivered,5395.62,,,
O00487,5/31/2025,C0082,P014,2,36385,30,50939,62074.73,North,Maharashtra,Pune,Mobile App,Express,4,Net Banking,Delivered,-11135.73,,,
O00488,2/5/2025,C0156,P008,1,46335,0,46335,36930.4,West,Telangana,Hyderabad,Marketplace,Express,6,COD,Delivered,9404.6,,,
O00489,3/8/2025,C0374,P038,2,48976,20,78361.6,66139.66,West,Telangana,Hyderabad,Mobile App,Same Day,1,COD,Cancelled,12221.94,,,
O00490,12/27/2025,C0262,P038,4,32473,10,116902.8,81419.72,North,Telangana,Hyderabad,Mobile App,Standard,2,UPI,Delivered,35483.08,,,
O00491,10/1/2025,C0022,P004,2,948,0,1896,1305.64,West,Telangana,Hyderabad,Marketplace,Standard,5,UPI,Delivered,590.36,,,
O00492,7/6/2025,C0225,P040,2,46321,0,92642,70560.33,South,Telangana,Hyderabad,Marketplace,Express,4,Card,Cancelled,22081.67,,,
O00493,3/1/2025,C0052,P048,5,40918,25,153442.5,139726.77,East,Telangana,Hyderabad,Marketplace,Express,1,COD,Delivered,13715.73,,,
O00494,12/9/2025,C0441,P028,4,22441,0,89764,55168.1,South,Maharashtra,Mumbai,Website,Express,2,Card,Delivered,34595.9,,,
O00495,2/12/2025,C0347,P015,4,22501,20,72003.2,57467.71,South,Maharashtra,Mumbai,Marketplace,Standard,7,Card,Delivered,14535.49,,,
O00496,8/25/2025,C0064,P016,4,38992,30,109177.6,133632.34,North,Telangana,Hyderabad,Mobile App,Standard,6,Net Banking,Delivered,-24454.74,,,
O00497,18/11/2025,C0302,P009,2,11905,30,16667,16203.22,West,Telangana,Hyderabad,Website,Express,2,Card,Cancelled,463.78,,,
O00498,17/05/2025,C0248,P008,2,9375,15,15937.5,17407.77,West,Telangana,Hyderabad,Website,Express,1,Net Banking,Delivered,-1470.27,,,
O00499,3/3/2025,C0250,P048,2,49964,15,84938.8,74078.64,East,Telangana,Hyderabad,Website,Express,3,Card,Delivered,10860.16,,,
O00500,6/4/2025,C0103,P013,5,11851,0,59255,47176.64,South,Telangana,Hyderabad,Mobile App,Standard,5,Net Banking,Delivered,12078.36,,,
O00501,8/12/2025,C0114,P043,2,25394,15,43169.8,36920.22,East,Telangana,Hyderabad,Mobile App,Express,4,COD,Delivered,6249.58,,,
O00502,3/7/2025,C0392,P048,5,1511,0,7555,4846.99,North,Telangana,Hyderabad,Marketplace,Same Day,2,Card,Cancelled,2708.01,,,
O00503,22/08/2025,C0366,P030,4,49291,5,187305.8,120498,West,Maharashtra,Pune,Mobile App,Express,3,Net Banking,Delivered,66807.8,,,
O00504,27/07/2025,C0117,P022,4,26220,0,104880,83164.54,West,Telangana,Hyderabad,Marketplace,Express,7,UPI,Cancelled,21715.46,,,
O00505,7/15/2025,C0448,P046,1,24706,25,18529.5,22262.6,West,Karnataka,Bengaluru,Mobile App,Express,5,Net Banking,Cancelled,-3733.1,,,
O00506,9/18/2025,C0054,P050,2,24522,20,39235.2,37227.41,North,Maharashtra,Pune,Mobile App,Express,6,Card,Cancelled,2007.79,,,
O00507,2/26/2025,C0330,P035,1,21181,20,16944.8,13222.22,South,Karnataka,Bengaluru,Mobile App,Express,4,Net Banking,Delivered,3722.58,,,
O00508,7/16/2025,C0121,P015,2,42926,0,85852,71485.3,West,Telangana,Hyderabad,Marketplace,Express,6,Net Banking,Delivered,14366.7,,,
O00509,11/3/2025,C0185,P050,5,37029,25,138858.75,175791.73,North,Telangana,Hyderabad,Website,Express,4,UPI,Delivered,-36932.98,,,
O00510,2/2/2025,C0077,P019,5,38693,20,154772,117092.71,North,Telangana,Hyderabad,Marketplace,Express,7,Card,Delivered,37679.29,,,
O00511,16/11/2025,C0262,P047,1,47450,20,37960,36009.59,West,Karnataka,Bengaluru,Mobile App,Standard,1,Net Banking,Delivered,1950.41,,,
O00512,8/5/2025,C0334,P034,4,15261,35,42730.8,47649.95,South,Karnataka,Bengaluru,Website,Express,3,Net Banking,Delivered,-4919.15,,,
O00513,29/06/2025,C0036,P015,4,37769,10,135968.4,115101.43,East,Telangana,Hyderabad,Mobile App,Express,2,Card,Cancelled,20866.97,,,
O00514,10/8/2025,C0312,P001,4,10847,5,41218.6,30842.18,East,Telangana,Hyderabad,Website,Express,5,UPI,Cancelled,10376.42,,,
O00515,9/3/2025,C0225,P020,2,11285,5,21441.5,14059.37,North,Karnataka,Bengaluru,Marketplace,Express,4,Card,Cancelled,7382.13,,,
O00516,8/2/2025,C0026,P003,3,2957,-5,8871,5671.06,North,Karnataka,Bengaluru,Website,Express,6,Net Banking,Delivered,3199.94,,,
O00517,3/2/2025,C0238,P030,5,6178,0,30890,28770.9,West,Telangana,Hyderabad,Website,Express,5,Net Banking,Delivered,2119.1,,,
O00518,1/6/2025,C0311,P005,4,20019,-5,80076,56666.37,South,Telangana,Hyderabad,Marketplace,Express,2,Net Banking,Cancelled,23409.63,,,
O00519,22/02/2025,C0184,P036,4,35336,0,141344,90502.57,East,Maharashtra,Mumbai,Website,Standard,6,Card,Cancelled,50841.43,,,
O00520,7/11/2025,C0164,P002,4,32170,25,96510,114191.82,South,Telangana,Hyderabad,Website,Express,4,Net Banking,Delivered,-17681.82,,,
O00521,2/27/2025,C0325,P024,2,19807,25,29710.5,28413.01,East,Telangana,Hyderabad,Marketplace,Express,1,UPI,Delivered,1297.49,,,
O00522,7/1/2025,C0242,P025,3,9064,15,23113.2,22900.55,North,Telangana,Hyderabad,Marketplace,Same Day,7,Card,Delivered,212.65,,,
O00523,1/12/2025,C0334,P045,4,37112,30,103913.6,119862.46,South,Telangana,Hyderabad,Marketplace,Standard,7,UPI,Delivered,-15948.86,,,
O00524,16/04/2025,C0332,P023,1,4559,20,3647.2,4261.5,South,Telangana,Hyderabad,Marketplace,Express,3,UPI,Cancelled,-614.3,,,
O00525,1/21/2025,C0138,P030,2,42671,35,59739.4,79033.45,North,Telangana,Hyderabad,Marketplace,Express,4,COD,Delivered,-19294.05,,,
O00526,6/16/2025,C0365,P006,1,38908,0,38908,23371.22,South,Telangana,Hyderabad,Marketplace,Express,6,Card,Cancelled,15536.78,,,
O00527,2/15/2025,C0339,P041,5,48597,5,230835.75,207050.5,West,Telangana,Hyderabad,Mobile App,Standard,5,Net Banking,Delivered,23785.25,,,
O00528,6/6/2025,C0413,P025,1,35436,35,24805.2,26303.48,South,Telangana,Hyderabad,Marketplace,Express,2,Card,Cancelled,-1498.28,,,
O00529,3/12/2025,C0486,P023,4,35280,0,141120,109022.32,West,Telangana,Hyderabad,Mobile App,Express,6,Card,Delivered,32097.68,,,
O00530,3/1/2025,C0464,P049,4,25051,35,70142.8,83774.05,North,Telangana,Hyderabad,Website,Express,7,Net Banking,Cancelled,-13631.25,,,
O00531,25/10/2025,C0059,P029,1,46883,0,46883,43757.22,West,Telangana,Hyderabad,Mobile App,Express,1,UPI,Delivered,3125.78,,,
O00532,22/11/2025,C0254,P021,3,30624,35,64310.4,70549.6,West,Telangana,Hyderabad,Mobile App,Standard,5,COD,Delivered,-6239.2,,,
O00533,1/2/2025,C0432,P017,5,40821,0,204105,174784.74,East,Telangana,Hyderabad,Mobile App,Express,2,Net Banking,Cancelled,29320.26,,,
O00534,1/26/2025,C0112,P011,3,24901,25,56027.25,48095.24,South,Telangana,Hyderabad,Website,Express,4,UPI,Cancelled,7932.01,,,
O00535,24/02/2025,C0213,P006,2,21355,25,32032.5,36011.99,North,Maharashtra,Pune,Marketplace,Standard,6,Net Banking,Delivered,-3979.49,,,
O00536,31/07/2025,C0277,P032,3,36148,-5,108444,71466.84,North,Telangana,Hyderabad,Marketplace,Standard,4,Card,Cancelled,36977.16,,,
O00537,3/3/2025,C0354,P016,4,5244,35,14683.2,14910.96,South,Maharashtra,Pune,Mobile App,Express,5,Card,Cancelled,-227.76,,,
O00538,10/19/2025,C0490,P040,2,43276,0,86552,70798.24,West,Telangana,Hyderabad,Mobile App,Express,4,Card,Delivered,15753.76,,,
O00539,12/25/2025,C0385,P008,4,7378,5,28036.4,22464.05,East,Telangana,Hyderabad,Mobile App,Express,7,COD,Delivered,5572.35,,,
O00540,5/20/2025,C0318,P037,4,46975,5,178505,143402.29,East,Maharashtra,Mumbai,Website,Standard,2,Card,Delivered,35102.71,,,
O00541,10/24/2025,C0449,P001,2,35966,25,53949,43924.39,East,Telangana,Hyderabad,Website,Standard,3,Card,Delivered,10024.61,,,
O00542,6/26/2025,C0252,P005,3,21313,0,63939,52071.28,South,Telangana,Hyderabad,Marketplace,Express,7,Net Banking,Delivered,11867.72,,,
O00543,10/14/2025,C0138,P031,5,915,15,3888.75,3458.48,West,Telangana,Hyderabad,Mobile App,Standard,4,Net Banking,Delivered,430.27,,,
O01768,10/3/2025,C0077,P037,1,9337,25,7002.75,5732.57,East,Karnataka,Bengaluru,Website,Standard,6,Card,Delivered,1270.18,,,
O00545,1/2/2025,C0190,P043,3,8165,30,17146.5,20577.22,East,Karnataka,Bengaluru,Marketplace,Express,7,Card,Delivered,-3430.72,,,
O00546,2/2/2025,C0022,P042,3,23977,10,64737.9,55911.27,North,Telangana,Hyderabad,Marketplace,Same Day,4,COD,Delivered,8826.63,,,
O00547,10/11/2025,C0003,P045,1,37561,5,35682.95,28386.21,North,Telangana,Hyderabad,Marketplace,Express,5,COD,Cancelled,7296.74,,,
O00548,14/04/2025,C0237,P037,1,905,5,859.75,763.99,West,Telangana,Hyderabad,Marketplace,Standard,7,Card,Cancelled,95.76,,,
O00549,8/29/2025,C0179,P017,2,33030,10,59454,46395.72,North,Telangana,Hyderabad,Website,Express,4,Net Banking,Delivered,13058.28,,,
O00550,11/6/2025,C0283,P035,2,6945,0,13890,8488.33,East,Telangana,Hyderabad,Marketplace,Standard,5,Net Banking,Delivered,5401.67,,,
O00551,9/5/2025,C0011,P031,3,48813,25,109829.25,135288.21,South,Telangana,Hyderabad,Website,Express,4,Net Banking,Delivered,-25458.96,,,
O00552,1/16/2025,C0382,P023,5,3471,30,12148.5,14083.06,South,Maharashtra,Pune,Mobile App,Express,6,Card,Cancelled,-1934.56,,,
O00553,1/7/2025,C0467,P004,4,20701,-5,82804,68351.35,South,Telangana,Hyderabad,Website,Express,3,COD,Cancelled,14452.65,,,
O00554,2/15/2025,C0470,P003,3,47957,10,129483.9,131078.05,South,Telangana,Hyderabad,Website,Same Day,4,COD,Delivered,-1594.15,,,
O00555,5/24/2025,C0343,P022,4,2347,0,9388,6148.18,South,Telangana,Hyderabad,Website,Express,6,Net Banking,Cancelled,3239.82,,,
O00556,1/4/2025,C0187,P041,5,36918,20,147672,147624.64,East,Telangana,Hyderabad,Mobile App,Express,1,Net Banking,Cancelled,47.36,,,
O00557,10/13/2025,C0091,P014,1,643,20,514.4,440.78,South,Telangana,Hyderabad,Website,Express,1,COD,Delivered,73.62,,,
O00558,10/28/2025,C0187,P028,5,39286,5,186608.5,175397.73,North,Telangana,Hyderabad,Mobile App,Express,6,COD,Delivered,11210.77,,,
O01805,8/14/2025,C0422,P031,4,44789,25,134367,112907.06,North,Telangana,Hyderabad,Marketplace,Express,7,Card,Delivered,21459.94,,,
O00560,11/26/2025,C0176,P025,4,10226,30,28632.8,35472.93,North,Telangana,Hyderabad,Mobile App,Express,1,Card,Cancelled,-6840.13,,,
O00561,7/17/2025,C0257,P028,3,48563,0,145689,128872.87,West,Karnataka,Bengaluru,Website,Express,3,Card,Delivered,16816.13,,,
O00562,20/09/2025,C0211,P022,3,36178,20,86827.2,87290.18,West,Telangana,Hyderabad,Website,Express,2,Net Banking,Delivered,-462.98,,,
O00563,6/1/2025,C0348,P033,4,21778,5,82756.4,71625.64,East,Karnataka,Bengaluru,Mobile App,Express,2,Card,Cancelled,11130.76,,,
O00564,4/3/2025,C0300,P046,3,49876,15,127183.8,95091.59,South,Telangana,Hyderabad,Marketplace,Standard,4,Card,Delivered,32092.21,,,
O00565,28/05/2025,C0448,P048,3,32113,25,72254.25,64842.64,South,Telangana,Hyderabad,Mobile App,Express,2,Card,Delivered,7411.61,,,
O00566,11/25/2025,C0002,P013,4,10976,5,41708.8,29494.65,South,Telangana,Hyderabad,Marketplace,Express,4,UPI,Cancelled,12214.15,,,
O00567,2/22/2025,C0241,P010,4,34294,5,130317.2,91479.52,West,Telangana,Hyderabad,Mobile App,Express,6,UPI,Cancelled,38837.68,,,
O00568,25/06/2025,C0486,P042,3,19743,15,50344.65,45742.09,South,Maharashtra,Mumbai,Mobile App,Standard,7,UPI,Cancelled,4602.56,,,
O00569,7/15/2025,C0439,P001,4,41528,30,116278.4,114024.6,West,Karnataka,Bengaluru,Marketplace,Express,6,Card,Delivered,2253.8,,,
O00570,7/10/2025,C0030,P013,5,31793,0,158965,109640.7,East,Maharashtra,Mumbai,Mobile App,Same Day,3,COD,Cancelled,49324.3,,,
O00571,4/1/2025,C0129,P015,1,45934,15,39043.9,32758.09,West,Telangana,Hyderabad,Mobile App,Standard,1,Card,Delivered,6285.81,,,
O00572,3/13/2025,C0383,P023,5,44016,30,154056,195300.92,East,Maharashtra,Pune,Marketplace,Standard,7,Net Banking,Delivered,-41244.92,,,
O00573,12/14/2025,C0332,P026,2,32269,0,64538,49484.09,South,Karnataka,Bengaluru,Marketplace,Express,6,Net Banking,Delivered,15053.91,,,
O00574,1/8/2025,C0226,P009,4,25237,0,100948,86828.67,North,Karnataka,Bengaluru,Mobile App,Express,3,Card,Cancelled,14119.33,,,
O00575,4/15/2025,C0339,P042,2,38290,35,53606,47641.28,East,Telangana,Hyderabad,Website,Standard,4,COD,Delivered,5964.72,,,
O00576,8/8/2025,C0339,P004,1,47818,5,45427.1,42949.39,North,Telangana,Hyderabad,Mobile App,Express,5,COD,Delivered,2477.71,,,
O00577,10/23/2025,C0500,P036,2,34260,0,68520,64029.78,North,Telangana,Hyderabad,Mobile App,Same Day,6,Card,Cancelled,4490.22,,,
O00578,21/07/2025,C0357,P027,2,5248,0,10496,8488.27,West,Telangana,Hyderabad,Website,Express,5,Card,Delivered,2007.73,,,
O00579,1/11/2025,C0032,P013,2,29782,20,47651.2,48510.42,South,Telangana,Hyderabad,Mobile App,Express,5,UPI,Delivered,-859.22,,,
O00580,21/04/2025,C0456,P033,3,33123,15,84463.65,80801.89,West,Telangana,Hyderabad,Marketplace,Express,3,COD,Cancelled,3661.76,,,
O00581,7/21/2025,C0474,P035,1,22385,5,21265.75,13563.48,West,Telangana,Hyderabad,Mobile App,Express,1,Card,Cancelled,7702.27,,,
O00582,8/8/2025,C0291,P022,1,37816,30,26471.2,33624.42,North,Telangana,Hyderabad,Website,Express,4,Card,Delivered,-7153.22,,,
O00583,21/01/2025,C0098,P019,1,38342,20,30673.6,33993.81,East,Telangana,Hyderabad,Mobile App,Same Day,4,Net Banking,Cancelled,-3320.21,,,
O00584,4/1/2025,C0417,P007,5,46502,5,220884.5,166562.26,East,Telangana,Hyderabad,Marketplace,Express,3,Net Banking,Cancelled,54322.24,,,
O00585,24/05/2025,C0041,P034,3,7755,0,23265,18523.29,West,Maharashtra,Pune,Website,Express,2,UPI,Delivered,4741.71,,,
O00586,23/07/2025,C0467,P015,5,48750,25,182812.5,186096.97,South,Karnataka,Bengaluru,Website,Standard,7,Net Banking,Cancelled,-3284.47,,,
O00587,9/11/2025,C0218,P045,4,21044,15,71549.6,63825.19,West,Telangana,Hyderabad,Mobile App,Same Day,1,Card,Cancelled,7724.41,,,
O00588,10/29/2025,C0265,P009,1,1765,5,1676.75,1371.4,South,Telangana,Hyderabad,Website,Express,7,Card,Delivered,305.35,,,
O00589,29/08/2025,C0071,P010,3,32449,20,77877.6,72608.76,South,Karnataka,Bengaluru,Mobile App,Express,5,COD,Delivered,5268.84,,,
O00590,23/01/2025,C0439,P010,4,22794,5,86617.2,77440.24,South,Telangana,Hyderabad,Marketplace,Express,1,Card,Cancelled,9176.96,,,
O00591,1/9/2025,C0183,P049,3,44980,15,114699,101831.73,West,Telangana,Hyderabad,Marketplace,Same Day,3,Card,Delivered,12867.27,,,
O00592,1/24/2025,C0461,P035,3,46948,-5,140844,87143.73,East,Telangana,Hyderabad,Website,Express,1,Card,Delivered,53700.27,,,
O00593,6/16/2025,C0052,P029,1,22974,-5,22974,16237.57,West,Telangana,Hyderabad,Marketplace,Express,4,Net Banking,Delivered,6736.43,,,
O00594,12/15/2025,C0430,P009,1,44203,25,33152.25,35584.47,South,Telangana,Hyderabad,Website,Express,4,Card,Cancelled,-2432.22,,,
O00595,6/10/2025,C0205,P042,2,48008,20,76812.8,62315.66,South,Telangana,Hyderabad,Marketplace,Express,3,COD,Delivered,14497.14,,,
O00596,12/16/2025,Unknown,P044,5,28141,5,133669.75,120186.13,East,Telangana,Hyderabad,Marketplace,Express,7,Card,Delivered,13483.62,,,
O00597,5/9/2025,C0387,P013,3,19488,35,40924.8,35288.37,North,Telangana,Hyderabad,Website,Same Day,6,COD,Cancelled,5636.43,,,
O00598,2/9/2025,C0153,P029,2,24341,30,34077.4,36327.61,North,Telangana,Hyderabad,Mobile App,Standard,6,COD,Cancelled,-2250.21,,,
O00599,11/7/2025,C0002,P001,1,16722,-5,16722,12995.59,West,Telangana,Hyderabad,Mobile App,Standard,3,UPI,Cancelled,3726.41,,,
O00600,9/13/2025,C0119,P041,3,15578,0,46734,32226.07,East,Telangana,Hyderabad,Website,Standard,7,Net Banking,Delivered,14507.93,,,
O01157,1/12/2025,C0470,P036,3,39488,20,94771.2,79256.43,South,Telangana,Hyderabad,Mobile App,Express,7,COD,Cancelled,15514.77,,,
O00602,5/31/2025,C0207,P024,4,40405,25,121215,114779.14,East,Telangana,Hyderabad,Website,Express,4,Card,Delivered,6435.86,,,
O00603,10/5/2025,C0290,P042,5,29668,5,140923,89490.68,East,Maharashtra,Mumbai,Website,Same Day,1,Net Banking,Delivered,51432.32,,,
O00604,16/09/2025,C0278,P025,4,48241,5,183315.8,115854.12,East,Telangana,Hyderabad,Mobile App,Express,2,Card,Delivered,67461.68,,,
O00605,18/02/2025,C0308,P006,1,3824,0,3824,2794.02,South,Karnataka,Bengaluru,Website,Standard,2,Card,Delivered,1029.98,,,
O00606,8/25/2025,C0445,P018,4,45145,25,135435,137086.31,East,Telangana,Hyderabad,Website,Express,6,UPI,Delivered,-1651.31,,,
O00607,27/01/2025,C0053,P016,2,32643,35,45700.2,41514.56,North,Maharashtra,Pune,Marketplace,Standard,7,Card,Delivered,4185.64,,,
O00608,3/9/2025,C0363,P040,1,46765,0,46765,38077.9,West,Telangana,Hyderabad,Website,Standard,4,UPI,Delivered,8687.1,,,
O00609,10/19/2025,C0414,P012,5,23814,5,113116.5,103116.14,South,Telangana,Hyderabad,Website,Express,1,COD,Delivered,10000.36,,,
O00610,12/5/2025,C0288,P041,1,7498,20,5998.4,6517.18,North,Maharashtra,Mumbai,Website,Express,3,COD,Cancelled,-518.78,,,
O00611,5/21/2025,Unknown,P003,5,8960,35,31360,32088.12,West,Telangana,Hyderabad,Mobile App,Standard,3,Card,Delivered,-728.12,,,
O00612,1/30/2025,C0463,P008,4,31245,0,124980,113913.3,South,Maharashtra,Pune,Marketplace,Standard,1,COD,Delivered,11066.7,,,
O00613,8/13/2025,C0305,P029,1,19303,25,14477.25,12145.04,East,Karnataka,Bengaluru,Marketplace,Express,1,COD,Cancelled,2332.21,,,
O00614,2/19/2025,C0324,P031,1,4846,5,4603.7,3858.63,North,Telangana,Hyderabad,Marketplace,Express,2,Net Banking,Cancelled,745.07,,,
O00615,3/24/2025,C0304,P045,3,7077,-5,21231,19235.26,South,Telangana,Hyderabad,Mobile App,Express,2,Card,Delivered,1995.74,,,
O00616,8/10/2025,C0003,P037,1,18421,30,12894.7,16876.3,West,Karnataka,Bengaluru,Marketplace,Express,4,Net Banking,Delivered,-3981.6,,,
O00617,7/5/2025,C0028,P001,5,16823,35,58880.5,74044.37,East,Telangana,Hyderabad,Mobile App,Standard,2,Card,Delivered,-15163.87,,,
O00618,4/2/2025,C0205,P038,5,9311,0,46555,30825.65,North,Telangana,Hyderabad,Website,Express,6,UPI,Delivered,15729.35,,,
O00619,26/07/2025,C0063,P035,1,24460,35,17122,20237.69,East,Maharashtra,Mumbai,Mobile App,Express,4,Card,Delivered,-3115.69,,,
O00620,11/27/2025,C0047,P035,3,27551,5,78520.35,52185.95,East,Maharashtra,Pune,Mobile App,Express,3,Card,Cancelled,26334.4,,,
O00621,1/23/2025,C0397,P036,5,43114,5,204791.5,193680.81,East,Telangana,Hyderabad,Website,Express,1,Card,Cancelled,11110.69,,,
O00622,9/3/2025,C0173,P015,5,1177,0,5885,4446.05,North,Telangana,Hyderabad,Mobile App,Express,1,Card,Delivered,1438.95,,,
O00623,10/18/2025,C0377,P023,3,47673,25,107264.25,128362.53,North,Telangana,Hyderabad,Marketplace,Express,1,COD,Delivered,-21098.28,,,
O00624,1/10/2025,Unknown,P040,2,13494,0,26988,19439.01,North,Maharashtra,Pune,Website,Express,1,Card,Cancelled,7548.99,,,
O00625,2/14/2025,C0257,P039,2,49201,0,98402,87002.74,South,Telangana,Hyderabad,Website,Same Day,6,Net Banking,Delivered,11399.26,,,
O00626,9/30/2025,C0144,P040,2,13216,25,19824,17811.02,West,Telangana,Hyderabad,Marketplace,Same Day,4,UPI,Cancelled,2012.98,,,
O00627,10/14/2025,C0106,P001,5,1005,35,3517.5,4636.86,South,Telangana,Hyderabad,Marketplace,Express,3,UPI,Delivered,-1119.36,,,
O00628,7/5/2025,C0478,P013,2,48744,5,92613.6,73259.58,West,Telangana,Hyderabad,Marketplace,Standard,4,UPI,Delivered,19354.02,,,
O00629,8/16/2025,Unknown,P030,4,20671,30,57878.8,56348.45,South,Maharashtra,Pune,Marketplace,Express,1,Card,Delivered,1530.35,,,
O00630,7/5/2025,C0252,P048,1,32143,0,32143,30207.41,East,Maharashtra,Pune,Mobile App,Standard,3,Net Banking,Cancelled,1935.59,,,
O00631,7/21/2025,C0283,P039,3,27414,25,61681.5,63731.86,South,Karnataka,Bengaluru,Website,Express,4,COD,Delivered,-2050.36,,,
O01738,3/23/2025,C0059,P029,5,13723,15,58322.75,48508.3,West,Telangana,Hyderabad,Website,Standard,7,UPI,Delivered,9814.45,,,
O00633,5/9/2025,C0444,P033,1,48798,20,39038.4,42954.32,North,Telangana,Hyderabad,Marketplace,Express,6,UPI,Delivered,-3915.92,,,
O00634,4/8/2025,C0422,P014,4,47348,10,170452.8,154029.38,East,Telangana,Hyderabad,Marketplace,Express,4,COD,Delivered,16423.42,,,
O00635,28/02/2025,C0220,P005,4,9983,15,33942.2,32781.17,South,Maharashtra,Mumbai,Mobile App,Express,6,Card,Cancelled,1161.03,,,
O00636,5/26/2025,C0355,P020,5,20877,15,88727.25,73767.94,South,Telangana,Hyderabad,Marketplace,Express,4,UPI,Delivered,14959.31,,,
O00637,8/2/2025,C0039,P009,1,10955,25,8216.25,7916.96,West,Maharashtra,Pune,Marketplace,Express,4,Card,Delivered,299.29,,,
O02434,7/12/2025,C0032,P026,1,46807,15,39785.95,44277.31,South,Maharashtra,Mumbai,Mobile App,Same Day,2,Card,Delivered,-4491.36,,,
O00639,11/21/2025,C0080,P049,5,40135,0,200675,173008.44,East,Telangana,Hyderabad,Marketplace,Express,1,COD,Delivered,27666.56,,,
O00640,4/4/2025,C0066,P021,4,41989,30,117569.2,152536.35,West,Telangana,Hyderabad,Website,Standard,6,Card,Delivered,-34967.15,,,
O00641,6/19/2025,C0223,P009,4,27910,35,78148,70244.22,South,Maharashtra,Pune,Website,Express,3,UPI,Delivered,7903.78,,,
O00642,6/21/2025,C0460,P008,1,45206,-5,45206,41887.75,East,Karnataka,Bengaluru,Website,Same Day,2,Card,Delivered,3318.25,,,
O00643,7/22/2025,C0073,P042,1,45237,25,33927.75,39388.48,North,Telangana,Hyderabad,Mobile App,Express,2,Net Banking,Cancelled,-5460.73,,,
O00644,6/11/2025,C0370,P025,1,33691,30,23583.7,24355.96,North,Telangana,Hyderabad,Mobile App,Express,5,COD,Delivered,-772.26,,,
O00645,10/4/2025,C0289,P006,3,3276,35,6879.6,7547.67,South,Telangana,Hyderabad,Mobile App,Express,6,Card,Delivered,-668.07,,,
O00646,11/3/2025,C0227,P038,1,4077,0,4077,3820.15,East,Telangana,Hyderabad,Mobile App,Express,6,Net Banking,Cancelled,256.85,,,
O00647,7/10/2025,C0316,P004,5,42964,25,161115,201352.55,North,Telangana,Hyderabad,Mobile App,Standard,7,Net Banking,Delivered,-40237.55,,,
O00648,18/06/2025,C0194,P006,4,14238,35,39866.4,50253.56,East,Telangana,Hyderabad,Mobile App,Express,5,Net Banking,Delivered,-10387.16,,,
O00649,13/11/2025,C0186,P050,5,28291,15,120236.75,112867.52,West,Telangana,Hyderabad,Mobile App,Express,3,Net Banking,Delivered,7369.23,,,
O00650,8/19/2025,C0499,P025,4,5482,15,18638.8,14591.65,South,Maharashtra,Pune,Mobile App,Express,7,Card,Delivered,4047.15,,,
O00651,29/07/2025,C0167,P044,5,33965,5,161333.75,104937.52,West,Telangana,Hyderabad,Marketplace,Express,2,Card,Cancelled,56396.23,,,
O00652,4/1/2025,C0118,P015,3,15691,0,47073,41082.58,South,Telangana,Hyderabad,Website,Express,7,Card,Delivered,5990.42,,,
O00653,20/11/2025,C0135,P041,4,20944,25,62832,70772.88,South,Telangana,Hyderabad,Marketplace,Standard,7,COD,Delivered,-7940.88,,,
O00654,12/9/2025,C0036,P022,5,8193,20,32772,32712.83,South,Karnataka,Bengaluru,Mobile App,Express,3,COD,Delivered,59.17,,,
O00655,12/18/2025,C0202,P015,2,49512,25,74268,92509.73,North,Telangana,Hyderabad,Marketplace,Standard,4,Card,Cancelled,-18241.73,,,
O00656,9/17/2025,C0480,P038,1,31903,15,27117.55,28184.45,East,Karnataka,Bengaluru,Marketplace,Express,7,Net Banking,Delivered,-1066.9,,,
O00657,5/17/2025,C0392,P015,2,32764,10,58975.2,57394.86,West,Maharashtra,Mumbai,Marketplace,Standard,3,Card,Delivered,1580.34,,,
O00658,1/12/2025,C0376,P029,1,27209,5,25848.55,21289.11,West,Telangana,Hyderabad,Marketplace,Same Day,7,Card,Delivered,4559.44,,,
O00659,8/5/2025,C0004,P043,3,33083,10,89324.1,66710.69,South,Telangana,Hyderabad,Website,Standard,4,Card,Delivered,22613.41,,,
O00660,2/3/2025,C0140,P037,1,44261,5,42047.95,30380.52,East,Telangana,Hyderabad,Website,Standard,4,Card,Delivered,11667.43,,,
O00661,3/1/2025,C0256,P009,3,19672,5,56065.2,48880.94,North,Telangana,Hyderabad,Mobile App,Standard,4,Card,Delivered,7184.26,,,
O00662,30/06/2025,C0079,P033,3,44156,35,92727.6,87142.96,East,Telangana,Hyderabad,Website,Standard,1,COD,Delivered,5584.64,,,
O00663,10/28/2025,C0385,P032,4,36049,15,122566.6,102117.4,West,Telangana,Hyderabad,Website,Express,1,Card,Cancelled,20449.2,,,
O00664,3/22/2025,C0087,P040,5,48311,35,169088.5,191365.39,South,Karnataka,Bengaluru,Mobile App,Express,4,Card,Delivered,-22276.89,,,
O00665,5/28/2025,C0489,P013,4,657,20,2102.4,2250.49,East,Telangana,Hyderabad,Website,Standard,6,UPI,Delivered,-148.09,,,
O00666,14/10/2025,C0436,P042,3,2336,35,4905.6,4388.12,North,Telangana,Hyderabad,Website,Express,2,Card,Cancelled,517.48,,,
O00667,29/03/2025,C0380,P016,2,48104,0,96208,73851.49,West,Karnataka,Bengaluru,Marketplace,Same Day,1,UPI,Delivered,22356.51,,,
O00668,11/7/2025,C0435,P008,5,26918,30,94213,82390.71,East,Telangana,Hyderabad,Mobile App,Express,6,UPI,Delivered,11822.29,,,
O00669,8/30/2025,C0372,P019,4,12741,25,38223,35014.37,West,Telangana,Hyderabad,Mobile App,Express,1,Card,Cancelled,3208.63,,,
O00670,1/23/2025,C0161,P034,1,8028,0,8028,7249,West,Telangana,Hyderabad,Website,Standard,6,UPI,Delivered,779,,,
O00671,12/9/2025,C0160,P039,1,40822,25,30616.5,38486,North,Telangana,Hyderabad,Website,Express,7,COD,Delivered,-7869.5,,,
O00672,5/4/2025,C0151,P021,5,44011,20,176044,203985.09,West,Telangana,Hyderabad,Website,Express,1,COD,Delivered,-27941.09,,,
O00673,7/22/2025,C0321,P017,2,9478,15,16112.6,15369.58,West,Telangana,Hyderabad,Website,Express,4,Net Banking,Delivered,743.02,,,
O00674,11/5/2025,C0052,P009,3,22668,5,64603.8,52987.92,North,Telangana,Hyderabad,Website,Standard,7,Card,Delivered,11615.88,,,
O00675,6/24/2025,C0205,P046,3,45737,35,96047.7,108895.79,West,Telangana,Hyderabad,Website,Express,2,Card,Delivered,-12848.09,,,
O00676,6/20/2025,C0037,P018,3,8383,0,25149,21222.16,West,Telangana,Hyderabad,Mobile App,Standard,7,COD,Cancelled,3926.84,,,
O00677,3/16/2025,C0298,P045,1,35461,10,31914.9,29159.9,North,Telangana,Hyderabad,Mobile App,Express,2,Card,Delivered,2755,,,
O00678,9/30/2025,C0329,P005,1,3416,20,2732.8,3083.19,West,Maharashtra,Pune,Mobile App,Standard,5,Card,Delivered,-350.39,,,
O00679,29/03/2025,C0090,P039,1,1492,10,1342.8,1026.83,East,Telangana,Hyderabad,Marketplace,Standard,2,Net Banking,Delivered,315.97,,,
O00680,1/23/2025,C0026,P019,4,24667,15,83867.8,68546.74,East,Telangana,Hyderabad,Marketplace,Express,1,COD,Delivered,15321.06,,,
O00681,4/16/2025,C0269,P044,5,46879,10,210955.5,175821.14,West,Telangana,Hyderabad,Website,Express,2,UPI,Cancelled,35134.36,,,
O00682,9/16/2025,C0432,P014,2,47293,25,70939.5,65789.16,West,Telangana,Hyderabad,Website,Same Day,3,COD,Delivered,5150.34,,,
O00683,3/22/2025,C0178,P019,5,47822,20,191288,187295.2,South,Maharashtra,Pune,Website,Express,7,Net Banking,Delivered,3992.8,,,
O00684,11/7/2025,C0166,P050,3,43739,0,131217,114759.87,South,Maharashtra,Mumbai,Mobile App,Standard,4,Card,Delivered,16457.13,,,
O00685,24/12/2025,C0007,P023,2,26961,20,43137.6,34181.64,West,Telangana,Hyderabad,Marketplace,Express,5,Card,Cancelled,8955.96,,,
O00686,12/9/2025,C0486,P001,2,5298,15,9006.6,8922.42,North,Maharashtra,Mumbai,Marketplace,Express,3,COD,Delivered,84.18,,,
O00687,12/24/2025,C0290,P018,1,36053,5,34250.35,33224.22,West,Telangana,Hyderabad,Website,Standard,7,Card,Delivered,1026.13,,,
O00688,1/29/2025,C0402,P036,1,555,0,555,492.08,South,Karnataka,Bengaluru,Marketplace,Same Day,3,Card,Delivered,62.92,,,
O00689,3/31/2025,C0064,P010,1,14858,20,11886.4,10503.2,South,Maharashtra,Mumbai,Marketplace,Standard,5,Card,Cancelled,1383.2,,,
O00690,28/09/2025,C0344,P013,2,41959,25,62938.5,60618.44,South,Telangana,Hyderabad,Mobile App,Express,4,Net Banking,Delivered,2320.06,,,
O00691,10/21/2025,Unknown,P026,2,5295,15,9001.5,7605.98,West,Telangana,Hyderabad,Mobile App,Express,3,UPI,Delivered,1395.52,,,
O00692,17/04/2025,C0278,P034,2,24225,20,38760,41553.16,East,Telangana,Hyderabad,Marketplace,Express,5,COD,Delivered,-2793.16,,,
O00693,4/27/2025,C0034,P017,1,21662,25,16246.5,20515.77,West,Telangana,Hyderabad,Mobile App,Express,6,UPI,Delivered,-4269.27,,,
O00694,12/21/2025,C0466,P028,3,3694,20,8865.6,6948.34,West,Telangana,Hyderabad,Mobile App,Same Day,4,COD,Delivered,1917.26,,,
O00695,10/22/2025,C0486,P009,1,24651,-5,24651,20938.09,South,Telangana,Hyderabad,Marketplace,Standard,3,Net Banking,Delivered,3712.91,,,
O00696,15/04/2025,C0416,P012,4,32517,25,97551,108294.04,East,Karnataka,Bengaluru,Website,Same Day,7,Card,Delivered,-10743.04,,,
O00697,4/5/2025,C0308,P027,5,23408,15,99484,106151.38,West,Telangana,Hyderabad,Mobile App,Same Day,2,COD,Delivered,-6667.38,,,
O00698,8/5/2025,C0210,P009,3,2076,0,6228,4259.16,East,Telangana,Hyderabad,Website,Express,5,COD,Delivered,1968.84,,,
O00699,4/11/2025,C0010,P027,2,34166,5,64915.4,60692.02,South,Telangana,Hyderabad,Marketplace,Standard,5,COD,Cancelled,4223.38,,,
O00700,25/06/2025,C0222,P045,4,47637,15,161965.8,119410.58,North,Telangana,Hyderabad,Website,Express,2,COD,Delivered,42555.22,,,
O00701,6/28/2025,C0278,P003,4,17512,35,49033.6,64192.44,East,Telangana,Hyderabad,Website,Express,4,Card,Delivered,-15158.84,,,
O00702,1/6/2025,C0418,P001,5,38123,10,171553.5,172101.43,West,Telangana,Hyderabad,Website,Express,7,Card,Cancelled,-547.93,,,
O00703,9/26/2025,C0166,P035,1,21500,15,18275,12994.93,West,Karnataka,Bengaluru,Mobile App,Standard,2,UPI,Delivered,5280.07,,,
O00704,8/28/2025,C0069,P030,5,15126,25,56722.5,56184.34,South,Karnataka,Bengaluru,Mobile App,Same Day,4,Card,Delivered,538.16,,,
O00705,22/06/2025,C0072,P028,3,35442,35,74428.2,88180.93,West,Telangana,Hyderabad,Mobile App,Standard,7,Card,Delivered,-13752.73,,,
O00706,6/24/2025,C0462,P007,3,48846,0,146538,138510.63,South,Telangana,Hyderabad,Website,Express,6,Card,Delivered,8027.37,,,
O00707,5/8/2025,C0206,P034,3,4265,0,12795,10036.09,South,Telangana,Hyderabad,Marketplace,Express,1,UPI,Delivered,2758.91,,,
O00708,3/12/2025,C0429,P048,5,12988,5,61693,42773.47,South,Telangana,Hyderabad,Mobile App,Standard,5,UPI,Delivered,18919.53,,,
O00709,17/06/2025,C0151,P050,4,48498,35,135794.4,138937.96,South,Karnataka,Bengaluru,Mobile App,Standard,7,Card,Delivered,-3143.56,,,
O00710,12/7/2025,C0146,P010,5,32876,0,164380,129767.02,South,Telangana,Hyderabad,Website,Express,5,COD,Cancelled,34612.98,,,
O00711,1/20/2025,C0303,P036,1,15672,0,15672,13503.67,East,Telangana,Hyderabad,Mobile App,Standard,1,Card,Delivered,2168.33,,,
O00712,18/03/2025,C0406,P038,3,33935,20,81444,78276.38,North,Telangana,Hyderabad,Website,Express,2,Net Banking,Delivered,3167.62,,,
O00713,5/23/2025,C0146,P028,3,37098,0,111294,68447.32,West,Karnataka,Bengaluru,Marketplace,Standard,7,Card,Delivered,42846.68,,,
O00714,5/12/2025,C0417,P038,1,11673,30,8171.1,7026.7,West,Telangana,Hyderabad,Mobile App,Standard,5,COD,Cancelled,1144.4,,,
O00715,11/14/2025,C0500,P039,2,25087,10,45156.6,34656.02,East,Telangana,Hyderabad,Mobile App,Express,2,Card,Cancelled,10500.58,,,
O00716,7/25/2025,C0089,P030,5,13569,30,47491.5,47594.22,East,Telangana,Hyderabad,Mobile App,Standard,2,COD,Cancelled,-102.72,,,
O00717,5/16/2025,C0182,P048,5,6446,25,24172.5,23689.98,South,Telangana,Hyderabad,Website,Express,2,Net Banking,Delivered,482.52,,,
O00718,4/4/2025,C0030,P027,2,34688,0,69376,43522.66,East,Telangana,Hyderabad,Mobile App,Express,6,Net Banking,Cancelled,25853.34,,,
O00719,25/03/2025,C0210,P012,4,46105,35,129094,167895.83,North,Telangana,Hyderabad,Website,Express,2,Net Banking,Delivered,-38801.83,,,
O00720,23/12/2025,C0474,P025,3,4910,5,13993.5,12411.8,East,Telangana,Hyderabad,Website,Express,4,COD,Cancelled,1581.7,,,
O00721,1/13/2025,C0097,P047,1,10037,35,7025.9,8553.51,East,Telangana,Hyderabad,Marketplace,Express,2,Card,Delivered,-1527.61,,,
O00722,6/25/2025,C0462,P018,1,28625,20,22900,24544.36,South,Maharashtra,Mumbai,Website,Express,2,Card,Delivered,-1644.36,,,
O00723,11/2/2025,C0453,P026,1,39075,0,39075,31717.56,East,Telangana,Hyderabad,Website,Standard,5,UPI,Delivered,7357.44,,,
O00724,4/10/2025,C0263,P018,2,16731,25,25096.5,26486.34,East,Telangana,Hyderabad,Mobile App,Express,3,Card,Delivered,-1389.84,,,
O00725,15/03/2025,C0490,P025,2,36920,10,66456,60790.03,East,Telangana,Hyderabad,Marketplace,Standard,2,COD,Cancelled,5665.97,,,
O00726,4/15/2025,C0486,P022,3,25252,0,75756,53829.21,North,Maharashtra,Mumbai,Marketplace,Express,2,UPI,Cancelled,21926.79,,,
O00727,12/29/2025,C0299,P046,3,20726,20,49742.4,48765.39,West,Telangana,Hyderabad,Marketplace,Same Day,1,Card,Cancelled,977.01,,,
O00728,4/6/2025,C0088,P017,3,30484,25,68589,59328.03,North,Telangana,Hyderabad,Marketplace,Standard,2,UPI,Delivered,9260.97,,,
O00729,10/9/2025,C0499,P024,2,19346,30,27084.4,32413.85,East,Telangana,Hyderabad,Marketplace,Standard,5,UPI,Delivered,-5329.45,,,
O00730,2/6/2025,C0134,P032,1,27080,-5,27080,17348.73,South,Telangana,Hyderabad,Website,Standard,3,UPI,Delivered,9731.27,,,
O00731,24/08/2025,Unknown,P018,4,17654,5,67085.2,54884.67,East,Telangana,Hyderabad,Website,Standard,2,UPI,Cancelled,12200.53,,,
O00732,12/8/2025,C0374,P016,1,8951,-5,8951,7017.7,North,Karnataka,Bengaluru,Website,Express,3,Card,Delivered,1933.3,,,
O00733,6/16/2025,C0089,P036,4,44521,0,178084,129280.24,East,Karnataka,Bengaluru,Mobile App,Standard,6,Card,Delivered,48803.76,,,
O00734,5/26/2025,C0316,P016,2,2204,25,3306,3863.79,North,Maharashtra,Pune,Marketplace,Same Day,1,Net Banking,Delivered,-557.79,,,
O00735,12/7/2025,C0319,P034,3,21254,15,54197.7,45087.32,South,Telangana,Hyderabad,Website,Same Day,1,COD,Delivered,9110.38,,,
O00736,12/26/2025,C0419,P044,4,32140,-5,128560,84530.83,North,Telangana,Hyderabad,Website,Express,3,UPI,Delivered,44029.17,,,
O00737,11/26/2025,C0417,P006,1,33852,35,23696.4,24024.78,East,Telangana,Hyderabad,Website,Express,6,Card,Delivered,-328.38,,,
O00738,26/06/2025,C0076,P035,2,6184,5,11749.6,10373.44,East,Maharashtra,Pune,Website,Express,6,Net Banking,Delivered,1376.16,,,
O00739,2/25/2025,C0125,P035,5,30503,15,129637.75,116264.65,West,Telangana,Hyderabad,Marketplace,Standard,2,Card,Cancelled,13373.1,,,
O00740,4/18/2025,C0124,P026,4,23607,10,84985.2,68940.59,West,Telangana,Hyderabad,Website,Same Day,4,Card,Delivered,16044.61,,,
O00741,18/03/2025,C0384,P039,4,35074,25,105222,113394.14,West,Maharashtra,Mumbai,Mobile App,Express,3,Card,Delivered,-8172.14,,,
O00742,6/2/2025,C0057,P013,1,42970,10,38673,26189.91,West,Telangana,Hyderabad,Marketplace,Standard,2,Card,Cancelled,12483.09,,,
O00743,7/31/2025,C0431,P033,4,45865,20,146768,132447.33,North,Telangana,Hyderabad,Marketplace,Standard,7,COD,Delivered,14320.67,,,
O00744,9/20/2025,C0132,P007,1,43750,35,30625,27832.37,North,Telangana,Hyderabad,Mobile App,Standard,6,Card,Delivered,2792.63,,,
O00745,17/04/2025,C0307,P023,3,2248,0,6744,5783.84,West,Telangana,Hyderabad,Marketplace,Standard,6,Card,Delivered,960.16,,,
O00746,6/7/2025,C0341,P005,5,39634,0,198170,122679.68,South,Telangana,Hyderabad,Mobile App,Express,4,Card,Cancelled,75490.32,,,
O00747,6/17/2025,C0160,P034,2,24282,-5,48564,36638.65,South,Telangana,Hyderabad,Website,Same Day,4,UPI,Delivered,11925.35,,,
O00748,6/4/2025,C0438,P032,4,8339,10,30020.4,26907.21,South,Karnataka,Bengaluru,Marketplace,Express,5,UPI,Cancelled,3113.19,,,
O00749,17/08/2025,C0292,P029,5,27275,35,95462.5,104538.69,West,Telangana,Hyderabad,Marketplace,Standard,5,Card,Delivered,-9076.19,,,
O00750,6/16/2025,C0208,P008,1,23442,10,21097.8,21996.59,South,Karnataka,Bengaluru,Website,Standard,3,COD,Delivered,-898.79,,,
O00751,9/30/2025,C0120,P009,1,27793,25,20844.75,25974.78,East,Telangana,Hyderabad,Website,Express,2,UPI,Delivered,-5130.03,,,
O00752,12/25/2025,C0349,P035,5,26778,25,100417.5,92074.1,South,Telangana,Hyderabad,Website,Express,1,COD,Delivered,8343.4,,,
O00753,6/11/2025,C0024,P046,4,4635,15,15759,16780.4,South,Telangana,Hyderabad,Website,Standard,6,Card,Cancelled,-1021.4,,,
O00754,2/16/2025,C0300,P009,5,12084,25,45315,43884.64,North,Karnataka,Bengaluru,Mobile App,Express,2,Card,Delivered,1430.36,,,
O00755,7/23/2025,C0360,P007,4,10617,15,36097.8,35232.75,North,Telangana,Hyderabad,Website,Express,4,Card,Delivered,865.05,,,
O00756,19/12/2025,C0067,P040,5,23663,-5,118315,76315.56,North,Telangana,Hyderabad,Mobile App,Express,4,COD,Delivered,41999.44,,,
O00757,2/17/2025,C0001,P037,3,9080,0,27240,17564.2,West,Telangana,Hyderabad,Website,Express,1,COD,Cancelled,9675.8,,,
O00758,8/15/2025,C0443,P029,3,47512,20,114028.8,89588.13,West,Telangana,Hyderabad,Website,Standard,7,Net Banking,Cancelled,24440.67,,,
O00759,1/13/2025,C0271,P012,2,23768,10,42782.4,33080.34,North,Telangana,Hyderabad,Website,Express,4,Card,Cancelled,9702.06,,,
O00760,1/27/2025,C0106,P045,1,27972,0,27972,24590.32,North,Telangana,Hyderabad,Marketplace,Standard,2,Card,Delivered,3381.68,,,
O00761,21/08/2025,C0495,P019,4,45103,30,126288.4,113204.3,South,Telangana,Hyderabad,Website,Standard,6,Card,Cancelled,13084.1,,,
O00762,9/4/2025,C0078,P011,4,25385,20,81232,82047.97,East,Telangana,Hyderabad,Marketplace,Express,2,UPI,Cancelled,-815.97,,,
O00763,1/14/2025,C0496,P027,2,13121,5,24929.9,21458.7,North,Telangana,Hyderabad,Website,Standard,5,Card,Delivered,3471.2,,,
O00764,11/1/2025,C0063,P027,5,34655,25,129956.25,141443.52,North,Telangana,Hyderabad,Mobile App,Express,3,Card,Delivered,-11487.27,,,
O00765,12/28/2025,C0410,P022,1,24042,5,22839.9,22476.29,South,Karnataka,Bengaluru,Mobile App,Express,3,UPI,Delivered,363.61,,,
O00766,1/9/2025,C0479,P016,1,17342,0,17342,12361.54,East,Karnataka,Bengaluru,Mobile App,Express,2,UPI,Cancelled,4980.46,,,
O00767,12/17/2025,C0308,P005,3,42072,10,113594.4,98315.07,South,Telangana,Hyderabad,Marketplace,Express,7,COD,Delivered,15279.33,,,
O00768,10/25/2025,C0138,P016,5,43496,20,173984,185550.92,North,Telangana,Hyderabad,Website,Express,6,COD,Cancelled,-11566.92,,,
O00769,8/17/2025,C0085,P049,2,12024,0,24048,18846.67,South,Maharashtra,Pune,Marketplace,Express,1,COD,Cancelled,5201.33,,,
O00770,12/1/2025,C0481,P016,3,13246,30,27816.6,31515.94,North,Maharashtra,Pune,Website,Express,4,UPI,Delivered,-3699.34,,,
O00771,9/9/2025,C0302,P002,1,41334,35,28933.8,34565.94,North,Telangana,Hyderabad,Marketplace,Express,2,Card,Delivered,-5632.14,,,
O00772,10/5/2025,C0310,P041,2,28406,-5,56812,53314.21,North,Telangana,Hyderabad,Website,Express,4,Card,Delivered,3497.79,,,
O00773,3/25/2025,C0080,P015,5,34231,30,119808.5,124236.64,South,Telangana,Hyderabad,Website,Standard,5,Card,Delivered,-4428.14,,,
O00774,2/16/2025,C0460,P006,2,49853,5,94720.7,67664.82,East,Maharashtra,Mumbai,Marketplace,Standard,5,COD,Cancelled,27055.88,,,
O00775,6/22/2025,C0325,P050,4,16100,30,45080,53991.43,North,Telangana,Hyderabad,Mobile App,Standard,1,Card,Cancelled,-8911.43,,,
O00776,7/1/2025,C0307,P042,4,11947,10,43009.2,29283.27,East,Karnataka,Bengaluru,Mobile App,Standard,4,COD,Cancelled,13725.93,,,
O00777,16/12/2025,C0042,P013,2,11406,20,18249.6,20315.77,West,Telangana,Hyderabad,Website,Standard,6,Net Banking,Delivered,-2066.17,,,
O00778,5/22/2025,C0328,P045,4,26189,0,104756,96384.29,West,Maharashtra,Pune,Website,Express,6,UPI,Delivered,8371.71,,,
O00779,7/28/2025,C0440,P020,4,49768,10,179164.8,177750.16,East,Telangana,Hyderabad,Mobile App,Express,7,Net Banking,Delivered,1414.64,,,
O00780,1/23/2025,C0467,P012,1,38146,0,38146,26876.7,West,Maharashtra,Pune,Mobile App,Standard,3,Card,Delivered,11269.3,,,
O00781,12/12/2025,C0119,P042,5,23167,0,115835,72024.43,South,Telangana,Hyderabad,Website,Standard,6,Net Banking,Delivered,43810.57,,,
O00782,5/7/2025,C0056,P001,5,44941,5,213469.75,175331.92,East,Maharashtra,Pune,Website,Express,4,COD,Cancelled,38137.83,,,
O00783,3/2/2025,C0415,P048,5,33019,25,123821.25,102363.62,South,Karnataka,Bengaluru,Mobile App,Express,3,COD,Delivered,21457.63,,,
O00784,5/19/2025,C0047,P049,1,18641,-5,18641,13297.94,West,Karnataka,Bengaluru,Website,Standard,1,Net Banking,Cancelled,5343.06,,,
O00785,5/13/2025,C0058,P046,4,27315,20,87408,76022.35,North,Telangana,Hyderabad,Marketplace,Express,2,Net Banking,Cancelled,11385.65,,,
O00786,10/24/2025,C0431,P031,3,25502,15,65030.1,52096.25,East,Telangana,Hyderabad,Website,Express,3,Net Banking,Delivered,12933.85,,,
O00787,12/14/2025,C0437,P004,2,27248,0,54496,45925.12,East,Telangana,Hyderabad,Mobile App,Express,6,COD,Delivered,8570.88,,,
O00788,3/5/2025,C0308,P019,5,22989,25,86208.75,81736.82,East,Telangana,Hyderabad,Mobile App,Express,2,Net Banking,Delivered,4471.93,,,
O00789,8/11/2025,C0287,P011,3,17756,0,53268,37180.46,South,Telangana,Hyderabad,Website,Express,7,Net Banking,Cancelled,16087.54,,,
O00790,1/7/2025,Unknown,P020,1,14781,30,10346.7,12439.72,East,Telangana,Hyderabad,Website,Standard,6,COD,Delivered,-2093.02,,,
O00791,12/2/2025,C0391,P041,5,49934,0,249670,232736.21,West,Maharashtra,Pune,Marketplace,Same Day,4,COD,Delivered,16933.79,,,
O00792,29/12/2025,C0158,P028,1,16607,10,14946.3,13001.84,West,Karnataka,Bengaluru,Website,Express,5,COD,Delivered,1944.46,,,
O00793,15/04/2025,C0027,P035,2,24307,0,48614,45292.35,West,Telangana,Hyderabad,Website,Express,3,COD,Delivered,3321.65,,,
O00794,21/06/2025,C0179,P033,4,35138,0,140552,87337.26,North,Telangana,Hyderabad,Website,Express,6,COD,Delivered,53214.74,,,
O00795,19/12/2025,C0356,P023,4,14047,-5,56188,39636.14,South,Telangana,Hyderabad,Marketplace,Same Day,6,Card,Cancelled,16551.86,,,
O00796,9/5/2025,C0124,P021,5,38761,0,193805,171297.57,North,Karnataka,Bengaluru,Marketplace,Standard,3,Card,Cancelled,22507.43,,,
O00797,6/5/2025,C0023,P003,5,36960,25,138600,163065.76,East,Telangana,Hyderabad,Website,Express,2,UPI,Delivered,-24465.76,,,
O00798,24/04/2025,C0151,P014,4,43586,5,165626.8,132765.19,West,Maharashtra,Pune,Marketplace,Express,7,UPI,Cancelled,32861.61,,,
O00799,5/24/2025,C0226,P048,3,20294,10,54793.8,38637.31,North,Karnataka,Bengaluru,Marketplace,Express,4,Card,Cancelled,16156.49,,,
O00800,8/14/2025,C0059,P035,3,40201,30,84422.1,73177.9,West,Telangana,Hyderabad,Mobile App,Express,5,Net Banking,Cancelled,11244.2,,,
O00801,5/4/2025,C0028,P023,5,6825,20,27300,30807.86,South,Maharashtra,Mumbai,Website,Express,6,Net Banking,Delivered,-3507.86,,,
O00802,24/11/2025,C0109,P008,3,11744,10,31708.8,28718.7,South,Telangana,Hyderabad,Marketplace,Standard,4,COD,Delivered,2990.1,,,
O00803,9/6/2025,C0135,P048,4,38801,-5,155204,120254.87,East,Telangana,Hyderabad,Marketplace,Express,4,COD,Cancelled,34949.13,,,
O00804,6/20/2025,C0343,P028,4,24282,10,87415.2,90095.19,South,Telangana,Hyderabad,Marketplace,Express,2,Card,Cancelled,-2679.99,,,
O00805,2/1/2025,C0351,P024,3,1106,-5,3318,2616.99,West,Telangana,Hyderabad,Marketplace,Same Day,1,Card,Delivered,701.01,,,
O00806,9/3/2025,C0497,P008,3,27699,-5,83097,75397.24,South,Karnataka,Bengaluru,Mobile App,Express,7,Card,Delivered,7699.76,,,
O00807,29/03/2025,C0468,P012,5,28182,10,126819,115981.13,West,Karnataka,Bengaluru,Marketplace,Express,2,COD,Delivered,10837.87,,,
O00808,11/20/2025,C0500,P047,1,8541,0,8541,7494.69,South,Telangana,Hyderabad,Mobile App,Express,6,COD,Delivered,1046.31,,,
O00809,7/7/2025,C0394,P032,5,22965,35,80377.5,92617.11,East,Maharashtra,Pune,Marketplace,Standard,6,UPI,Delivered,-12239.61,,,
O00810,12/19/2025,C0256,P030,1,24782,0,24782,20227.41,West,Telangana,Hyderabad,Website,Standard,7,Card,Delivered,4554.59,,,
O00811,19/11/2025,C0009,P031,5,34628,20,138512,114716.59,North,Karnataka,Bengaluru,Marketplace,Standard,6,Net Banking,Cancelled,23795.41,,,
O01806,9/20/2025,C0486,P026,1,20015,5,19014.25,16191.5,North,Karnataka,Bengaluru,Mobile App,Express,5,Net Banking,Delivered,2822.75,,,
O00813,6/22/2025,C0313,P001,5,31458,25,117967.5,141435.16,North,Karnataka,Bengaluru,Mobile App,Express,5,UPI,Delivered,-23467.66,,,
O00814,6/21/2025,C0268,P022,3,38311,15,97693.05,88290.14,East,Telangana,Hyderabad,Mobile App,Standard,4,UPI,Delivered,9402.91,,,
O00815,15/05/2025,C0105,P004,1,15220,0,15220,14232.55,East,Telangana,Hyderabad,Website,Express,1,Card,Delivered,987.45,,,
O00816,19/10/2025,C0272,P024,4,17917,5,68084.6,50128.43,North,Karnataka,Bengaluru,Marketplace,Standard,3,Card,Delivered,17956.17,,,
O00817,5/8/2025,Unknown,P007,1,47222,5,44860.9,37740.53,South,Telangana,Hyderabad,Website,Express,Not Delivered,UPI,Cancelled,7120.37,,,
O00818,11/1/2025,C0115,P041,5,34543,20,138172,149292.15,East,Telangana,Hyderabad,Marketplace,Express,2,Card,Delivered,-11120.15,,,
O00819,8/11/2025,C0104,P044,2,24283,-5,48566,35879.41,South,Karnataka,Bengaluru,Marketplace,Standard,7,COD,Delivered,12686.59,,,
O00820,29/08/2025,C0308,P035,1,19420,35,13594,15562.1,South,Telangana,Hyderabad,Mobile App,Express,5,Card,Delivered,-1968.1,,,
O00821,17/11/2025,C0306,P041,2,38835,20,62136,68643.03,East,Telangana,Hyderabad,Marketplace,Standard,7,Card,Delivered,-6507.03,,,
O00822,9/24/2025,C0246,P038,3,46788,10,126327.6,131338.31,East,Maharashtra,Pune,Mobile App,Express,6,UPI,Delivered,-5010.71,,,
O00823,6/12/2025,C0161,P010,1,32352,15,27499.2,20252.8,North,Telangana,Hyderabad,Mobile App,Standard,1,Net Banking,Cancelled,7246.4,,,
O00824,5/27/2025,C0033,P011,5,4785,20,19140,21504.24,East,Maharashtra,Mumbai,Website,Express,6,UPI,Cancelled,-2364.24,,,
O00825,15/05/2025,C0223,P005,3,15635,15,39869.25,42398.79,West,Karnataka,Bengaluru,Mobile App,Express,1,Net Banking,Cancelled,-2529.54,,,
O00826,10/31/2025,C0395,P019,4,6883,15,23402.2,18745.07,North,Telangana,Hyderabad,Mobile App,Same Day,2,Card,Cancelled,4657.13,,,
O00827,7/17/2025,C0094,P011,3,46921,10,126686.7,126199.1,North,Maharashtra,Pune,Marketplace,Express,4,Card,Cancelled,487.6,,,
O00828,8/14/2025,C0252,P019,4,39806,10,143301.6,96529.4,West,Telangana,Hyderabad,Website,Same Day,3,COD,Cancelled,46772.2,,,
O00829,3/16/2025,C0271,P009,1,24914,0,24914,18388.59,East,Telangana,Hyderabad,Mobile App,Same Day,2,Card,Delivered,6525.41,,,
O00830,19/06/2025,C0437,P015,5,35766,20,143064,114425.7,West,Karnataka,Bengaluru,Mobile App,Standard,2,COD,Delivered,28638.3,,,
O00831,7/16/2025,C0144,P013,4,31769,35,88953.2,114355.31,East,Telangana,Hyderabad,Mobile App,Express,2,UPI,Delivered,-25402.11,,,
O00832,7/5/2025,C0195,P027,2,21040,25,31560,37366.3,North,Telangana,Hyderabad,Website,Same Day,1,UPI,Delivered,-5806.3,,,
O00833,12/9/2025,C0050,P001,1,46225,5,43913.75,38219.28,North,Telangana,Hyderabad,Mobile App,Standard,2,UPI,Cancelled,5694.47,,,
O00834,5/9/2025,C0172,P050,3,17629,-5,52887,44372.51,West,Karnataka,Bengaluru,Mobile App,Express,3,Card,Delivered,8514.49,,,
O00835,2/19/2025,C0321,P031,5,14135,0,70675,65415.42,East,Telangana,Hyderabad,Marketplace,Standard,2,Card,Delivered,5259.58,,,
O00836,6/15/2025,C0399,P039,5,4726,20,18904,20500.85,West,Telangana,Hyderabad,Website,Standard,7,Card,Cancelled,-1596.85,,,
O00837,4/1/2025,C0322,P014,1,5924,0,5924,5345.71,East,Telangana,Hyderabad,Website,Standard,5,Net Banking,Cancelled,578.29,,,
O00838,6/3/2025,C0212,P002,4,42975,-5,171900,145148.58,East,Karnataka,Bengaluru,Website,Standard,5,Card,Delivered,26751.42,,,
O00839,16/09/2025,C0462,P009,3,28677,-5,86031,74227.16,South,Telangana,Hyderabad,Mobile App,Express,7,UPI,Cancelled,11803.84,,,
O00840,7/5/2025,C0353,P013,4,48573,10,174862.8,137947.38,North,Karnataka,Bengaluru,Website,Express,5,COD,Delivered,36915.42,,,
O00841,8/27/2025,C0321,P037,4,36561,0,146244,128419.47,East,Maharashtra,Mumbai,Marketplace,Standard,2,Net Banking,Delivered,17824.53,,,
O00842,5/16/2025,C0385,P015,3,37976,30,79749.6,83055.93,South,Karnataka,Bengaluru,Mobile App,Express,5,COD,Cancelled,-3306.33,,,
O00843,1/19/2025,C0132,P016,3,4965,0,14895,11028.96,West,Telangana,Hyderabad,Mobile App,Express,1,Net Banking,Cancelled,3866.04,,,
O00844,2/6/2025,C0152,P023,3,38079,-5,114237,79365.76,West,Karnataka,Bengaluru,Mobile App,Express,6,UPI,Cancelled,34871.24,,,
O00845,3/17/2025,C0444,P039,4,15306,0,61224,36957.49,East,Maharashtra,Mumbai,Marketplace,Standard,4,Card,Delivered,24266.51,,,
O00846,9/8/2025,C0039,P007,3,40359,0,121077,92595.86,South,Telangana,Hyderabad,Website,Express,6,Net Banking,Cancelled,28481.14,,,
O00847,7/11/2025,C0408,P026,1,15869,10,14282.1,10949.76,South,Telangana,Hyderabad,Website,Express,5,COD,Delivered,3332.34,,,
O00848,25/07/2025,C0156,P016,1,22743,15,19331.55,15194.16,East,Telangana,Hyderabad,Website,Express,4,Card,Delivered,4137.39,,,
O00849,12/21/2025,C0321,P018,5,31064,15,132022,96758.7,West,Telangana,Hyderabad,Mobile App,Express,3,Card,Cancelled,35263.3,,,
O00850,12/31/2025,C0087,P022,2,15230,30,21322,20194.09,North,Karnataka,Bengaluru,Website,Express,4,UPI,Cancelled,1127.91,,,
O00851,12/1/2025,C0230,P037,3,30925,5,88136.25,76096.14,North,Telangana,Hyderabad,Mobile App,Express,6,Card,Cancelled,12040.11,,,
O00852,23/07/2025,C0275,P034,4,46532,30,130289.6,156708.76,South,Telangana,Hyderabad,Website,Express,2,Net Banking,Cancelled,-26419.16,,,
O00853,9/25/2025,C0188,P022,5,12691,-5,63455,40082.94,North,Telangana,Hyderabad,Marketplace,Same Day,5,Card,Delivered,23372.06,,,
O00854,8/8/2025,C0398,P050,5,1447,-5,7235,4432.79,North,Telangana,Hyderabad,Website,Standard,7,Card,Delivered,2802.21,,,
O00855,9/6/2025,C0030,P007,2,45245,0,90490,70517.89,South,Telangana,Hyderabad,Website,Express,7,Net Banking,Delivered,19972.11,,,
O00856,7/7/2025,C0290,P044,2,27643,20,44228.8,33176.89,West,Telangana,Hyderabad,Mobile App,Same Day,1,UPI,Delivered,11051.91,,,
O00857,18/11/2025,C0418,P011,5,15414,30,53949,48188.94,East,Telangana,Hyderabad,Website,Standard,3,COD,Delivered,5760.06,,,
O00858,27/07/2025,Unknown,P025,2,41839,5,79494.1,74645.61,East,Telangana,Hyderabad,Mobile App,Express,4,COD,Delivered,4848.49,,,
O00859,8/12/2025,C0049,P047,1,39400,15,33490,24386.31,East,Maharashtra,Mumbai,Website,Express,3,Net Banking,Cancelled,9103.69,,,
O00860,4/6/2025,C0165,P027,4,42154,5,160185.2,133438.1,South,Telangana,Hyderabad,Website,Express,1,UPI,Cancelled,26747.1,,,
O00861,9/2/2025,Unknown,P019,5,44249,30,154871.5,137103.04,East,Maharashtra,Pune,Mobile App,Standard,6,Card,Delivered,17768.46,,,
O00862,5/3/2025,C0168,P022,1,6029,5,5727.55,5205.37,East,Telangana,Hyderabad,Website,Express,4,Card,Cancelled,522.18,,,
O00863,8/3/2025,C0476,P020,1,21550,-5,21550,20154.19,North,Telangana,Hyderabad,Website,Express,6,COD,Delivered,1395.81,,,
O00864,12/28/2025,C0262,P028,2,6872,-5,13744,11270.62,South,Telangana,Hyderabad,Mobile App,Standard,7,UPI,Delivered,2473.38,,,
O00865,11/15/2025,C0102,P048,3,4880,20,11712,9244.5,North,Maharashtra,Mumbai,Marketplace,Express,6,Card,Delivered,2467.5,,,
O00866,30/05/2025,C0161,P029,3,31429,-5,94287,76401.1,East,Karnataka,Bengaluru,Website,Express,7,Card,Cancelled,17885.9,,,
O00867,7/26/2025,C0062,P048,1,14204,10,12783.6,9510.11,South,Maharashtra,Mumbai,Website,Express,4,UPI,Delivered,3273.49,,,
O00868,6/7/2025,C0002,P044,1,36223,-5,36223,21943.63,West,Telangana,Hyderabad,Website,Express,2,Net Banking,Cancelled,14279.37,,,
O00869,7/20/2025,C0096,P003,5,28519,30,99816.5,95364.35,North,Telangana,Hyderabad,Mobile App,Express,3,Net Banking,Delivered,4452.15,,,
O00870,29/01/2025,C0483,P028,3,35161,35,73838.1,89978.09,East,Telangana,Hyderabad,Mobile App,Standard,3,COD,Delivered,-16139.99,,,
O00871,7/3/2025,C0386,P003,5,18194,30,63679,55535.09,East,Karnataka,Bengaluru,Website,Express,1,COD,Delivered,8143.91,,,
O00872,2/27/2025,C0375,P017,2,36841,35,51577.4,54345.32,South,Telangana,Hyderabad,Marketplace,Express,4,Net Banking,Delivered,-2767.92,,,
O00873,3/23/2025,C0391,P038,2,30435,30,42609,38544.32,North,Telangana,Hyderabad,Marketplace,Express,5,COD,Delivered,4064.68,,,
O00874,7/9/2025,C0206,P044,1,49801,15,42330.85,38859.23,West,Maharashtra,Mumbai,Marketplace,Same Day,6,UPI,Delivered,3471.62,,,
O00875,6/4/2025,C0076,P005,2,36952,20,59123.2,48833.28,East,Telangana,Hyderabad,Mobile App,Same Day,3,Card,Delivered,10289.92,,,
O00876,19/05/2025,C0106,P018,3,29043,30,60990.3,67375.04,East,Maharashtra,Pune,Marketplace,Express,4,Card,Delivered,-6384.74,,,
O00877,6/13/2025,C0395,P046,3,40629,0,121887,99801,North,Karnataka,Bengaluru,Website,Standard,5,UPI,Delivered,22086,,,
O00878,10/19/2025,C0161,P031,3,35780,5,101973,90120.74,East,Telangana,Hyderabad,Mobile App,Standard,3,COD,Cancelled,11852.26,,,
O00879,23/09/2025,C0153,P002,4,31813,5,120889.4,104812.36,North,Telangana,Hyderabad,Mobile App,Standard,1,UPI,Delivered,16077.04,,,
O00880,6/5/2025,C0419,P029,4,36288,30,101606.4,135011.76,West,Maharashtra,Pune,Mobile App,Express,5,Net Banking,Cancelled,-33405.36,,,
O00881,10/11/2025,C0190,P034,3,20884,5,59519.4,42810.4,West,Telangana,Hyderabad,Marketplace,Express,1,Net Banking,Delivered,16709,,,
O00882,10/6/2025,C0083,P045,4,1863,25,5589,6488.82,North,Maharashtra,Mumbai,Mobile App,Express,6,UPI,Cancelled,-899.82,,,
O00883,29/04/2025,C0237,P020,1,45032,20,36025.6,38814.87,East,Maharashtra,Mumbai,Marketplace,Express,6,UPI,Cancelled,-2789.27,,,
O00884,7/20/2025,C0128,P010,2,35884,20,57414.4,58593.18,North,Telangana,Hyderabad,Website,Express,1,UPI,Delivered,-1178.78,,,
O02497,10/27/2025,C0016,P043,2,48815,35,68341,83436.51,West,Karnataka,Bengaluru,Mobile App,Express,5,Card,Cancelled,-15095.51,,,
O00886,1/10/2025,C0019,P016,3,2959,20,7101.6,5550.49,South,Telangana,Hyderabad,Website,Express,3,Card,Delivered,1551.11,,,
O00887,3/1/2025,C0266,P041,3,13180,35,27678,26678.47,North,Telangana,Hyderabad,Marketplace,Same Day,3,Card,Delivered,999.53,,,
O00888,13/05/2025,C0269,P043,4,36181,0,144724,115707.21,North,Maharashtra,Pune,Marketplace,Express,3,UPI,Cancelled,29016.79,,,
O00889,14/02/2025,C0167,P034,3,42888,25,96498,111231.67,North,Maharashtra,Mumbai,Marketplace,Same Day,6,Card,Delivered,-14733.67,,,
O00890,19/04/2025,C0215,P017,3,21446,35,45036.6,46953.36,North,Telangana,Hyderabad,Marketplace,Express,6,Net Banking,Delivered,-1916.76,,,
O00891,12/29/2025,C0348,P033,1,658,20,526.4,471.16,West,Karnataka,Bengaluru,Mobile App,Same Day,5,Card,Delivered,55.24,,,
O00892,9/13/2025,C0335,P011,5,42133,5,200131.75,165977.12,North,Karnataka,Bengaluru,Website,Standard,6,Card,Cancelled,34154.63,,,
O00893,13/08/2025,C0349,P031,5,6625,15,28156.25,29300.29,West,Maharashtra,Pune,Mobile App,Same Day,4,Card,Delivered,-1144.04,,,
O00894,3/5/2025,C0401,P032,5,44977,10,202396.5,181798.67,South,Telangana,Hyderabad,Website,Standard,1,Card,Delivered,20597.83,,,
O00895,1/24/2025,C0059,P018,4,38599,15,131236.6,97565.95,West,Telangana,Hyderabad,Mobile App,Same Day,4,Card,Delivered,33670.65,,,
O00896,3/10/2025,C0206,P048,5,32791,0,163955,121065.17,East,Telangana,Hyderabad,Mobile App,Express,5,Net Banking,Delivered,42889.83,,,
O00897,11/30/2025,C0127,P027,5,17345,0,86725,70152.84,West,Maharashtra,Mumbai,Mobile App,Express,4,Card,Delivered,16572.16,,,
O00898,2/7/2025,C0001,P030,5,32380,0,161900,126375.6,East,Telangana,Hyderabad,Mobile App,Standard,1,COD,Delivered,35524.4,,,
O00899,27/09/2025,C0483,P033,1,30653,10,27587.7,23235.05,West,Telangana,Hyderabad,Mobile App,Express,1,COD,Cancelled,4352.65,,,
O00900,5/19/2025,Unknown,P040,4,1817,-5,7268,5642.05,South,Telangana,Hyderabad,Mobile App,Express,2,Card,Cancelled,1625.95,,,
O00901,10/3/2025,C0286,P036,1,6589,10,5930.1,4313.42,East,Maharashtra,Pune,Marketplace,Standard,2,UPI,Cancelled,1616.68,,,
O00902,8/11/2025,C0361,P006,4,20241,35,56674.8,53494.16,South,Telangana,Hyderabad,Marketplace,Express,4,COD,Delivered,3180.64,,,
O00903,5/21/2025,C0228,P048,4,24818,10,89344.8,78432.72,East,Telangana,Hyderabad,Website,Standard,1,UPI,Delivered,10912.08,,,
O01568,6/6/2025,C0159,P015,1,27932,10,25138.8,22346.18,North,Karnataka,Bengaluru,Marketplace,Standard,5,Net Banking,Cancelled,2792.62,,,
O00905,12/7/2025,C0258,P045,4,38343,-5,153372,129853.14,South,Karnataka,Bengaluru,Website,Express,3,UPI,Cancelled,23518.86,,,
O00906,3/12/2025,C0106,P008,2,18365,-5,36730,28964.55,South,Telangana,Hyderabad,Website,Standard,6,UPI,Cancelled,7765.45,,,
O00907,5/25/2025,C0027,P011,1,41835,30,29284.5,32785.41,North,Telangana,Hyderabad,Mobile App,Express,6,COD,Delivered,-3500.91,,,
O00908,8/21/2025,C0213,P041,5,26311,0,131555,112873.08,South,Telangana,Hyderabad,Marketplace,Express,5,Card,Delivered,18681.92,,,
O00909,11/10/2025,C0177,P039,4,35440,0,141760,93918.95,South,Karnataka,Bengaluru,Mobile App,Express,3,Card,Delivered,47841.05,,,
O00910,6/20/2025,C0301,P005,4,38325,-5,153300,113681.03,West,Telangana,Hyderabad,Marketplace,Express,1,COD,Cancelled,39618.97,,,
O00911,12/7/2025,C0394,P039,2,9078,15,15432.6,13150.65,North,Telangana,Hyderabad,Website,Express,4,UPI,Delivered,2281.95,,,
O00912,6/9/2025,C0278,P030,4,16645,10,59922,43418.08,East,Maharashtra,Mumbai,Marketplace,Express,3,UPI,Delivered,16503.92,,,
O00913,4/5/2025,C0271,P002,1,41122,0,41122,33368.45,East,Karnataka,Bengaluru,Marketplace,Express,3,Card,Delivered,7753.55,,,
O00914,24/12/2025,C0376,P037,3,21724,30,45620.4,45260.99,West,Telangana,Hyderabad,Website,Standard,4,Card,Delivered,359.41,,,
O00915,2/15/2025,C0067,P027,5,39550,5,187862.5,122223.54,South,Telangana,Hyderabad,Website,Standard,5,COD,Delivered,65638.96,,,
O00916,21/06/2025,C0362,P030,5,35552,20,142208,117815.59,South,Telangana,Hyderabad,Marketplace,Express,7,Card,Delivered,24392.41,,,
O00917,1/27/2025,C0031,P037,5,6309,0,31545,23615.75,East,Karnataka,Bengaluru,Website,Express,1,UPI,Cancelled,7929.25,,,
O00918,19/06/2025,C0310,P039,5,29483,10,132673.5,124022.6,North,Telangana,Hyderabad,Mobile App,Express,6,COD,Delivered,8650.9,,,
O00919,12/2/2025,Unknown,P018,3,8033,15,20484.15,16394.5,North,Maharashtra,Mumbai,Marketplace,Same Day,1,Net Banking,Delivered,4089.65,,,
O00920,12/8/2025,C0387,P001,1,39105,35,27373.5,26233.86,North,Telangana,Hyderabad,Mobile App,Standard,1,UPI,Delivered,1139.64,,,
O00921,20/12/2025,C0272,P049,2,11360,25,17040,19329.99,East,Telangana,Hyderabad,Mobile App,Express,3,Net Banking,Delivered,-2289.99,,,
O00922,3/31/2025,C0312,P033,3,34041,0,102123,68484.22,North,Telangana,Hyderabad,Mobile App,Standard,2,Card,Delivered,33638.78,,,
O00923,3/18/2025,C0055,P024,4,14900,-5,59600,55937.95,East,Telangana,Hyderabad,Marketplace,Express,7,COD,Delivered,3662.05,,,
O00924,6/30/2025,C0205,P002,2,609,25,913.5,983.36,North,Telangana,Hyderabad,Website,Express,5,COD,Delivered,-69.86,,,
O00925,12/31/2025,C0004,P044,2,34427,25,51640.5,63750.4,North,Karnataka,Bengaluru,Marketplace,Standard,3,UPI,Delivered,-12109.9,,,
O00926,3/19/2025,C0120,P034,2,34043,0,68086,63702.81,East,Maharashtra,Pune,Mobile App,Standard,1,Card,Delivered,4383.19,,,
O00927,8/26/2025,C0344,P030,2,48692,0,97384,73499.8,North,Karnataka,Bengaluru,Marketplace,Same Day,6,Card,Cancelled,23884.2,,,
O00928,12/2/2025,C0157,P009,2,5388,25,8082,7402.86,West,Telangana,Hyderabad,Marketplace,Express,3,Card,Delivered,679.14,,,
O00929,10/5/2025,C0196,P047,1,25727,35,18008.9,18736.06,South,Karnataka,Bengaluru,Website,Standard,4,UPI,Delivered,-727.16,,,
O00930,27/05/2025,C0055,P009,2,23980,5,45562,31637.21,West,Telangana,Hyderabad,Website,Express,2,UPI,Cancelled,13924.79,,,
O00931,23/10/2025,C0275,P048,3,20843,15,53149.65,44207.06,West,Karnataka,Bengaluru,Website,Standard,4,Card,Delivered,8942.59,,,
O00932,9/15/2025,C0184,P007,5,33986,0,169930,119248.02,North,Maharashtra,Mumbai,Website,Standard,5,Card,Delivered,50681.98,,,
O00933,10/6/2025,C0156,P043,3,35211,0,105633,64267.16,East,Telangana,Hyderabad,Website,Standard,1,Card,Delivered,41365.84,,,
O00934,4/11/2025,C0032,P038,1,21717,0,21717,19453.19,North,Telangana,Hyderabad,Website,Standard,2,Card,Cancelled,2263.81,,,
O00935,30/03/2025,C0450,P004,5,34708,15,147509,134972.99,East,Telangana,Hyderabad,Mobile App,Express,4,Card,Delivered,12536.01,,,
O00936,5/1/2025,C0205,P033,1,16458,5,15635.1,10399.44,North,Telangana,Hyderabad,Marketplace,Express,5,UPI,Cancelled,5235.66,,,
O00937,2/7/2025,C0164,P038,4,27527,35,77075.6,79001.35,West,Telangana,Hyderabad,Marketplace,Express,6,Card,Delivered,-1925.75,,,
O00938,9/25/2025,C0203,P046,3,7299,20,17517.6,18398.44,West,Karnataka,Bengaluru,Website,Express,4,Net Banking,Delivered,-880.84,,,
O00939,13/08/2025,C0458,P009,2,32174,30,45043.6,48212.04,South,Telangana,Hyderabad,Website,Same Day,5,Net Banking,Cancelled,-3168.44,,,
O00940,12/15/2025,C0226,P020,2,9567,30,13393.8,15962.76,West,Telangana,Hyderabad,Website,Standard,7,Card,Cancelled,-2568.96,,,
O00941,10/10/2025,C0097,P017,5,21869,20,87476,91529.67,West,Karnataka,Bengaluru,Website,Express,4,Net Banking,Delivered,-4053.67,,,
O00942,4/10/2025,C0319,P035,4,26746,15,90936.4,77493.75,East,Telangana,Hyderabad,Marketplace,Express,Not Delivered,COD,Cancelled,13442.65,,,
O00943,24/01/2025,C0282,P021,1,5157,0,5157,3906.17,South,Telangana,Hyderabad,Website,Standard,4,Net Banking,Delivered,1250.83,,,
O00944,2/8/2025,C0282,P047,1,13517,25,10137.75,12229.18,East,Telangana,Hyderabad,Mobile App,Express,4,COD,Cancelled,-2091.43,,,
O00945,4/6/2025,C0161,P046,1,5759,25,4319.25,4884.1,South,Telangana,Hyderabad,Mobile App,Express,5,Card,Cancelled,-564.85,,,
O00946,15/12/2025,C0467,P013,3,34829,10,94038.3,71801.22,South,Telangana,Hyderabad,Mobile App,Express,5,Card,Delivered,22237.08,,,
O00947,7/19/2025,C0300,P007,3,9151,20,21962.4,17948.52,South,Maharashtra,Pune,Mobile App,Same Day,6,Card,Delivered,4013.88,,,
O00948,5/29/2025,C0307,P012,5,16918,30,59213,77979.32,South,Maharashtra,Pune,Website,Standard,7,COD,Delivered,-18766.32,,,
O00949,11/26/2025,C0241,P042,2,20590,0,41180,35387.7,West,Maharashtra,Pune,Marketplace,Express,6,COD,Delivered,5792.3,,,
O00950,11/16/2025,C0072,P007,5,15285,-5,76425,71952.76,North,Maharashtra,Pune,Mobile App,Standard,2,Card,Cancelled,4472.24,,,
O00951,22/05/2025,C0192,P016,2,30986,20,49577.6,46385.83,East,Telangana,Hyderabad,Website,Standard,4,UPI,Delivered,3191.77,,,
O00952,6/27/2025,C0113,P001,1,48848,20,39078.4,33177.7,East,Karnataka,Bengaluru,Website,Same Day,5,Card,Cancelled,5900.7,,,
O00953,1/7/2025,C0011,P027,3,21244,35,44612.4,52703.75,North,Telangana,Hyderabad,Website,Express,6,Net Banking,Delivered,-8091.35,,,
O00954,1/19/2025,C0383,P026,2,40401,0,80802,56995.58,South,Telangana,Hyderabad,Website,Standard,4,Card,Delivered,23806.42,,,
O00955,24/12/2025,C0437,P009,3,13404,15,34180.2,35855.36,South,Karnataka,Bengaluru,Marketplace,Standard,4,Net Banking,Cancelled,-1675.16,,,
O00956,6/20/2025,C0193,P022,2,47135,35,65989,80464.81,East,Telangana,Hyderabad,Website,Standard,2,UPI,Delivered,-14475.81,,,
O00957,5/9/2025,C0039,P004,2,21552,35,30172.8,36201.79,West,Telangana,Hyderabad,Website,Standard,2,Net Banking,Cancelled,-6028.99,,,
O00958,1/17/2025,C0428,P010,2,26949,20,43118.4,35423.93,East,Telangana,Hyderabad,Marketplace,Same Day,4,COD,Cancelled,7694.47,,,
O00959,3/9/2025,C0497,P007,1,36256,35,25379.2,33795.25,North,Telangana,Hyderabad,Mobile App,Express,5,Net Banking,Cancelled,-8416.05,,,
O00960,1/1/2025,C0101,P029,1,18542,30,12979.4,13137.1,East,Karnataka,Bengaluru,Marketplace,Express,2,Card,Cancelled,-157.7,,,
O02170,1/16/2025,C0332,P006,1,46280,0,46280,35121.92,South,Karnataka,Bengaluru,Mobile App,Express,4,COD,Delivered,11158.08,,,
O00962,1/6/2025,C0354,P049,1,19027,0,19027,14803.01,East,Telangana,Hyderabad,Mobile App,Standard,2,Card,Cancelled,4223.99,,,
O00963,1/29/2025,C0412,P038,4,36544,35,102323.2,116498.69,East,Maharashtra,Pune,Mobile App,Express,4,UPI,Cancelled,-14175.49,,,
O00964,4/12/2025,C0266,P046,3,36760,0,110280,90352.19,South,Karnataka,Bengaluru,Marketplace,Express,6,Card,Delivered,19927.81,,,
O00965,11/19/2025,C0498,P038,4,48255,10,173718,160002.88,East,Telangana,Hyderabad,Marketplace,Standard,4,COD,Delivered,13715.12,,,
O00966,22/11/2025,C0039,P034,3,47255,35,99235.5,92321.84,East,Telangana,Hyderabad,Website,Express,3,UPI,Delivered,6913.66,,,
O00967,27/10/2025,C0013,P031,3,46197,20,110872.8,128922.27,North,Karnataka,Bengaluru,Marketplace,Express,1,Card,Cancelled,-18049.47,,,
O00968,2/27/2025,C0420,P009,4,21415,35,59962,62747.61,West,Maharashtra,Mumbai,Mobile App,Standard,5,Card,Cancelled,-2785.61,,,
O00969,10/19/2025,C0357,P047,1,23898,-5,23898,19679.66,East,Telangana,Hyderabad,Marketplace,Express,3,COD,Delivered,4218.34,,,
O02270,11/11/2025,C0497,P038,4,3321,15,11291.4,11187.86,East,Karnataka,Bengaluru,Marketplace,Same Day,7,Card,Delivered,103.54,,,
O00971,6/11/2025,C0478,P039,1,13376,-5,13376,12423.03,East,Telangana,Hyderabad,Website,Express,1,Card,Delivered,952.97,,,
O00972,30/04/2025,C0198,P027,5,3018,15,12826.5,11517.6,West,Telangana,Hyderabad,Mobile App,Standard,2,Card,Cancelled,1308.9,,,
O00973,12/9/2025,C0061,P007,1,23711,20,18968.8,21917.5,South,Maharashtra,Mumbai,Marketplace,Same Day,3,Net Banking,Delivered,-2948.7,,,
O00974,28/06/2025,C0130,P010,1,45923,25,34442.25,38408.76,North,Telangana,Hyderabad,Mobile App,Standard,2,Card,Delivered,-3966.51,,,
O00975,3/4/2025,C0156,P033,1,14017,25,10512.75,11762.91,East,Karnataka,Bengaluru,Marketplace,Express,6,Card,Delivered,-1250.16,,,
O00976,2/13/2025,C0196,P016,4,1880,15,6392,4890.67,West,Telangana,Hyderabad,Website,Standard,3,COD,Delivered,1501.33,,,
O02558,8/3/2025,C0218,P037,1,29844,30,20890.8,21017.01,North,Telangana,Hyderabad,Marketplace,Express,1,Card,Delivered,-126.21,,,
O00978,10/15/2025,C0087,P011,4,45536,10,163929.6,147016.23,North,Telangana,Hyderabad,Website,Express,3,Card,Cancelled,16913.37,,,
O00979,2/27/2025,C0480,P027,1,20851,30,14595.7,17786.46,East,Telangana,Hyderabad,Mobile App,Standard,7,Card,Delivered,-3190.76,,,
O00980,2/7/2025,C0194,P041,3,21046,-5,63138,42806.6,South,Telangana,Hyderabad,Mobile App,Standard,3,Card,Cancelled,20331.4,,,
O00981,30/01/2025,C0304,P042,2,27962,0,55924,45950.97,East,Telangana,Hyderabad,Mobile App,Standard,6,COD,Delivered,9973.03,,,
O00982,3/6/2025,C0256,P016,2,786,5,1493.4,1133.51,East,Telangana,Hyderabad,Marketplace,Same Day,2,UPI,Cancelled,359.89,,,
O01200,12/11/2025,C0374,P012,3,48268,0,144804,98004.59,West,Telangana,Hyderabad,Website,Same Day,5,Card,Cancelled,46799.41,,,
O00984,6/13/2025,C0113,P030,2,36141,5,68667.9,53890.11,South,Telangana,Hyderabad,Mobile App,Express,6,UPI,Cancelled,14777.79,,,
O00985,21/10/2025,C0111,P048,4,9496,25,28488,32994.33,North,Telangana,Hyderabad,Mobile App,Standard,2,UPI,Cancelled,-4506.33,,,
O00986,6/9/2025,C0145,P050,4,48292,35,135217.6,141122.72,East,Telangana,Hyderabad,Website,Standard,5,Card,Delivered,-5905.12,,,
O00987,6/10/2025,C0456,P033,1,30431,0,30431,27090.19,West,Maharashtra,Mumbai,Mobile App,Standard,3,Card,Cancelled,3340.81,,,
O00988,4/9/2025,C0310,P033,3,8149,35,17112.9,22210.03,East,Karnataka,Bengaluru,Website,Express,6,COD,Delivered,-5097.13,,,
O00989,9/9/2025,C0223,P036,3,5199,25,11697.75,10304.15,North,Telangana,Hyderabad,Website,Express,3,Net Banking,Delivered,1393.6,,,
O00990,12/17/2025,C0411,P042,2,21505,-5,43010,29810.98,East,Telangana,Hyderabad,Website,Same Day,4,Net Banking,Delivered,13199.02,,,
O00991,8/10/2025,C0067,P006,2,36906,25,55359,69388.6,East,Maharashtra,Pune,Website,Standard,2,UPI,Cancelled,-14029.6,,,
O00062,17/08/2025,C0348,P050,5,28196,30,98686,98734.95,West,Telangana,Hyderabad,Mobile App,Express,5,Card,Delivered,-48.95,,,
O00993,1/5/2025,C0007,P006,1,28780,0,28780,24942.2,North,Telangana,Hyderabad,Mobile App,Express,5,Net Banking,Cancelled,3837.8,,,
O00994,11/30/2025,C0211,P017,1,11304,25,8478,7635.69,East,Telangana,Hyderabad,Marketplace,Express,1,Card,Delivered,842.31,,,
O00995,6/8/2025,C0106,P037,1,23425,35,16397.5,21769,West,Telangana,Hyderabad,Marketplace,Express,3,Net Banking,Cancelled,-5371.5,,,
O00996,2/8/2025,C0057,P027,5,12304,25,46140,38573.36,West,Telangana,Hyderabad,Website,Express,7,Card,Cancelled,7566.64,,,
O00997,8/22/2025,C0116,P005,2,44585,35,62419,83872.64,North,Telangana,Hyderabad,Website,Express,3,COD,Delivered,-21453.64,,,
O00998,8/25/2025,C0314,P039,1,39775,25,29831.25,25600.36,West,Telangana,Hyderabad,Marketplace,Same Day,2,COD,Cancelled,4230.89,,,
O00999,4/29/2025,C0296,P018,1,31810,15,27038.5,26667.15,South,Telangana,Hyderabad,Website,Standard,4,Card,Cancelled,371.35,,,
O01000,29/11/2025,C0179,P013,5,32823,5,155909.25,112398.45,South,Telangana,Hyderabad,Website,Express,4,Net Banking,Delivered,43510.8,,,
O01001,1/21/2025,C0291,P007,1,5839,25,4379.25,3942.74,South,Karnataka,Bengaluru,Marketplace,Standard,4,Card,Delivered,436.51,,,
O01002,26/11/2025,C0480,P046,5,44259,30,154906.5,153339.05,West,Telangana,Hyderabad,Website,Standard,7,COD,Delivered,1567.45,,,
O01003,16/10/2025,C0449,P039,5,11294,15,47999.5,50929.25,West,Telangana,Hyderabad,Website,Express,1,Card,Delivered,-2929.75,,,
O01004,7/24/2025,C0244,P040,5,6902,-5,34510,22710.43,South,Telangana,Hyderabad,Website,Express,6,Card,Cancelled,11799.57,,,
O01005,8/3/2025,C0339,P019,5,4272,5,20292,19670.86,West,Telangana,Hyderabad,Mobile App,Express,3,Card,Delivered,621.14,,,
O01006,23/11/2025,C0221,P017,1,46105,20,36884,36438.93,North,Maharashtra,Mumbai,Website,Same Day,2,Net Banking,Delivered,445.07,,,
O01007,7/3/2025,C0201,P003,5,19155,15,81408.75,58725.94,South,Karnataka,Bengaluru,Mobile App,Express,2,Card,Cancelled,22682.81,,,
O01008,7/4/2025,C0430,P029,5,44868,10,201906,206229.34,East,Telangana,Hyderabad,Mobile App,Standard,5,Card,Delivered,-4323.34,,,
O01009,4/27/2025,C0447,P049,2,3167,20,5067.2,4010.49,West,Telangana,Hyderabad,Website,Express,4,Card,Cancelled,1056.71,,,
O01010,2/21/2025,C0384,P006,5,39484,15,167807,121517.96,East,Telangana,Hyderabad,Marketplace,Express,3,UPI,Cancelled,46289.04,,,
O01011,4/14/2025,C0140,P028,2,30701,5,58331.9,51597.99,North,Maharashtra,Mumbai,Website,Express,5,Card,Delivered,6733.91,,,
O01012,1/11/2025,C0363,P022,3,28101,10,75872.7,65327.87,North,Telangana,Hyderabad,Website,Standard,5,Card,Cancelled,10544.83,,,
O01013,11/12/2025,C0220,P046,2,34023,20,54436.8,62922.19,West,Telangana,Hyderabad,Marketplace,Express,7,Net Banking,Delivered,-8485.39,,,
O01014,3/5/2025,C0474,P035,1,13726,5,13039.7,10399.41,West,Telangana,Hyderabad,Website,Express,1,Card,Cancelled,2640.29,,,
O01015,3/7/2025,C0177,P020,1,19575,10,17617.5,13658.97,West,Maharashtra,Mumbai,Mobile App,Same Day,4,Card,Delivered,3958.53,,,
O01016,23/07/2025,C0234,P046,5,28318,5,134510.5,119411.24,South,Telangana,Hyderabad,Mobile App,Express,6,Card,Delivered,15099.26,,,
O01017,12/1/2025,C0259,P015,4,9751,10,35103.6,30913.41,South,Karnataka,Bengaluru,Marketplace,Express,5,Card,Cancelled,4190.19,,,
O01018,6/13/2025,C0125,P047,5,47081,-5,235405,200998.74,South,Telangana,Hyderabad,Marketplace,Express,7,UPI,Cancelled,34406.26,,,
O01019,6/25/2025,C0475,P014,1,9795,35,6856.5,8186.64,North,Telangana,Hyderabad,Mobile App,Express,4,Card,Delivered,-1330.14,,,
O01020,17/01/2025,C0323,P001,3,46987,15,119816.85,87614.28,West,Maharashtra,Mumbai,Mobile App,Express,4,Card,Delivered,32202.57,,,
O01021,1/2/2025,C0182,P038,3,1539,10,4155.3,3598.58,East,Telangana,Hyderabad,Website,Express,7,COD,Cancelled,556.72,,,
O01022,2/21/2025,C0049,P041,5,13618,-5,68090,52662.93,North,Telangana,Hyderabad,Mobile App,Express,2,Net Banking,Delivered,15427.07,,,
O01023,27/04/2025,C0183,P010,2,21078,-5,42156,26469.41,South,Maharashtra,Mumbai,Mobile App,Same Day,7,UPI,Delivered,15686.59,,,
O01024,12/5/2025,C0264,P027,2,49799,15,84658.3,90093.09,West,Telangana,Hyderabad,Mobile App,Standard,1,Card,Cancelled,-5434.79,,,
O01025,10/2/2025,C0256,P034,5,47879,25,179546.25,178574.38,West,Telangana,Hyderabad,Marketplace,Express,4,Net Banking,Cancelled,971.87,,,
O01026,21/12/2025,C0418,P041,5,40702,0,203510,172037.44,East,Telangana,Hyderabad,Marketplace,Same Day,2,Card,Delivered,31472.56,,,
O01027,1/17/2025,C0196,P001,2,41525,5,78897.5,73877.92,North,Telangana,Hyderabad,Website,Express,5,Card,Delivered,5019.58,,,
O01028,2/3/2025,C0010,P046,2,35639,5,67714.1,55273.81,North,Telangana,Hyderabad,Mobile App,Express,2,COD,Cancelled,12440.29,,,
O01029,4/27/2025,C0221,P025,5,17749,25,66558.75,66742.03,West,Maharashtra,Mumbai,Mobile App,Express,7,UPI,Delivered,-183.28,,,
O01030,7/1/2025,C0259,P021,4,29585,20,94672,103496.16,North,Telangana,Hyderabad,Website,Same Day,7,UPI,Cancelled,-8824.16,,,
O01031,1/23/2025,C0392,P050,4,43714,25,131142,158468.8,East,Maharashtra,Pune,Mobile App,Express,4,Net Banking,Delivered,-27326.8,,,
O01032,7/5/2025,C0406,P017,1,29932,5,28435.4,24638.08,South,Maharashtra,Pune,Marketplace,Express,7,COD,Delivered,3797.32,,,
O01033,27/12/2025,C0162,P001,4,44889,0,179556,138985.43,East,Telangana,Hyderabad,Website,Express,1,UPI,Delivered,40570.57,,,
O01034,11/16/2025,C0411,P027,5,27639,0,138195,110263.6,North,Telangana,Hyderabad,Marketplace,Same Day,1,COD,Delivered,27931.4,,,
O01035,8/9/2025,C0448,P047,3,47760,25,107460,98644.18,North,Maharashtra,Pune,Website,Express,6,Card,Delivered,8815.82,,,
O01036,2/7/2025,C0298,P014,3,44893,-5,134679,83321.01,South,Telangana,Hyderabad,Marketplace,Express,2,UPI,Delivered,51357.99,,,
O01037,6/12/2025,C0010,P029,1,31099,15,26434.15,28507.78,North,Telangana,Hyderabad,Marketplace,Same Day,3,Net Banking,Delivered,-2073.63,,,
O01038,13/08/2025,C0237,P006,1,4422,10,3979.8,3828.24,East,Maharashtra,Mumbai,Website,Standard,6,Card,Delivered,151.56,,,
O01039,5/12/2025,C0034,P030,5,19736,15,83878,93592.04,South,Telangana,Hyderabad,Mobile App,Express,5,COD,Cancelled,-9714.04,,,
O01040,3/5/2025,C0004,P031,5,23684,15,100657,110323.38,West,Telangana,Hyderabad,Website,Express,2,UPI,Delivered,-9666.38,,,
O01041,23/03/2025,C0256,P004,1,43175,25,32381.25,29125.05,North,Maharashtra,Pune,Mobile App,Standard,1,COD,Delivered,3256.2,,,
O01042,3/29/2025,C0452,P022,4,27734,35,77655.2,84781.92,South,Maharashtra,Mumbai,Website,Express,6,Card,Delivered,-7126.72,,,
O01043,20/05/2025,C0445,P026,1,11197,-5,11197,7952.01,South,Telangana,Hyderabad,Marketplace,Standard,2,Card,Cancelled,3244.99,,,
O01044,1/2/2025,C0411,P033,3,13637,10,36819.9,30686.12,East,Telangana,Hyderabad,Mobile App,Express,5,Card,Delivered,6133.78,,,
O01045,4/26/2025,C0300,P044,1,43823,35,30676.1,32161.34,East,Telangana,Hyderabad,Marketplace,Express,6,UPI,Cancelled,-1485.24,,,
O01046,14/04/2025,C0229,P001,3,9948,15,25367.4,21066.83,East,Karnataka,Bengaluru,Marketplace,Standard,7,COD,Delivered,4300.57,,,
O01047,30/07/2025,C0440,P035,5,22180,20,88720,79192.31,West,Telangana,Hyderabad,Mobile App,Standard,4,Card,Cancelled,9527.69,,,
O01048,10/19/2025,C0454,P004,4,26431,20,84579.2,100322.2,East,Maharashtra,Pune,Website,Express,4,COD,Delivered,-15743,,,
O01049,10/10/2025,C0390,P023,4,10032,10,36115.2,29847.11,North,Telangana,Hyderabad,Website,Standard,1,Card,Delivered,6268.09,,,
O01050,1/2/2025,C0362,P040,2,14770,0,29540,24175.04,South,Telangana,Hyderabad,Marketplace,Express,7,UPI,Delivered,5364.96,,,
O01051,5/29/2025,C0011,P042,3,35649,30,74862.9,65869.71,South,Telangana,Hyderabad,Marketplace,Express,6,COD,Delivered,8993.19,,,
O01052,25/05/2025,C0278,P015,3,668,30,1402.8,1217.65,South,Telangana,Hyderabad,Mobile App,Express,2,COD,Cancelled,185.15,,,
O01053,12/7/2025,C0226,P017,2,1006,25,1509,1823.71,East,Karnataka,Bengaluru,Mobile App,Same Day,2,Card,Delivered,-314.71,,,
O01054,1/2/2025,C0263,P013,3,8919,25,20067.75,22591.62,West,Maharashtra,Pune,Marketplace,Same Day,3,COD,Cancelled,-2523.87,,,
O01055,6/22/2025,C0252,P010,1,36502,0,36502,25555.76,North,Telangana,Hyderabad,Mobile App,Express,1,UPI,Cancelled,10946.24,,,
O01056,3/26/2025,C0321,P036,3,46152,10,124610.4,117970,South,Telangana,Hyderabad,Mobile App,Standard,5,Net Banking,Delivered,6640.4,,,
O01057,12/22/2025,C0439,P014,3,4749,30,9972.9,9667.28,East,Karnataka,Bengaluru,Website,Express,7,COD,Cancelled,305.62,,,
O01058,6/6/2025,C0462,P026,1,7344,15,6242.4,6246.98,West,Maharashtra,Pune,Website,Express,6,Card,Cancelled,-4.58,,,
O01059,12/13/2025,C0393,P031,4,17889,35,50089.2,64964.14,North,Telangana,Hyderabad,Website,Express,6,UPI,Delivered,-14874.94,,,
O01060,9/8/2025,C0204,P020,1,36875,10,33187.5,33378.41,West,Telangana,Hyderabad,Marketplace,Express,3,Net Banking,Cancelled,-190.91,,,
O01061,1/10/2025,C0011,P007,3,33524,-5,100572,77512.18,East,Telangana,Hyderabad,Website,Express,4,Card,Cancelled,23059.82,,,
O01062,11/20/2025,C0240,P036,4,7179,-5,28716,23447.63,North,Maharashtra,Mumbai,Website,Express,2,UPI,Delivered,5268.37,,,
O01063,10/15/2025,C0068,P005,4,41965,10,151074,144128.24,East,Telangana,Hyderabad,Mobile App,Express,7,UPI,Delivered,6945.76,,,
O01064,23/11/2025,C0023,P014,3,19099,15,48702.45,38808.85,East,Maharashtra,Mumbai,Marketplace,Express,1,COD,Cancelled,9893.6,,,
O01065,10/18/2025,C0037,P018,3,36213,20,86911.2,91014.96,South,Telangana,Hyderabad,Marketplace,Express,5,COD,Delivered,-4103.76,,,
O01066,17/08/2025,C0326,P020,4,47912,15,162900.8,130146.7,South,Telangana,Hyderabad,Marketplace,Express,7,Card,Delivered,32754.1,,,
O01067,12/5/2025,C0185,P007,4,29298,15,99613.2,103300.33,South,Telangana,Hyderabad,Website,Express,5,UPI,Cancelled,-3687.13,,,
O01068,5/14/2025,C0480,P002,4,30268,5,115018.4,79103.04,South,Telangana,Hyderabad,Website,Standard,3,UPI,Delivered,35915.36,,,
O01069,4/24/2025,C0081,P030,5,35019,15,148830.75,139633.07,South,Telangana,Hyderabad,Marketplace,Express,7,Card,Delivered,9197.68,,,
O01070,5/23/2025,C0158,P036,1,15991,0,15991,12460.24,North,Telangana,Hyderabad,Website,Express,4,UPI,Cancelled,3530.76,,,
O01071,7/20/2025,C0197,P029,4,13580,25,40740,42815.96,East,Telangana,Hyderabad,Website,Same Day,7,UPI,Delivered,-2075.96,,,
O00111,2/17/2025,C0221,P002,3,2334,25,5251.5,5714.68,West,Telangana,Hyderabad,Marketplace,Express,6,Card,Cancelled,-463.18,,,
O01073,6/15/2025,C0357,P018,4,18419,15,62624.6,69903.26,North,Telangana,Hyderabad,Website,Express,1,Card,Delivered,-7278.66,,,
O01074,1/25/2025,C0431,P009,5,39116,15,166243,132697.99,North,Telangana,Hyderabad,Website,Express,1,Card,Delivered,33545.01,,,
O01075,6/30/2025,C0205,P030,3,18222,25,40999.5,40201.82,North,Telangana,Hyderabad,Website,Standard,1,Net Banking,Delivered,797.68,,,
O01076,6/19/2025,C0016,P005,4,13798,5,52432.4,48394.27,North,Telangana,Hyderabad,Website,Express,7,UPI,Delivered,4038.13,,,
O01077,23/12/2025,C0472,P022,1,20166,10,18149.4,15782.9,South,Karnataka,Bengaluru,Marketplace,Express,5,Card,Delivered,2366.5,,,
O01078,12/10/2025,C0401,P045,4,35658,20,114105.6,115800.91,North,Maharashtra,Pune,Website,Standard,2,UPI,Delivered,-1695.31,,,
O01079,16/02/2025,Unknown,P040,5,27300,0,136500,107171.85,East,Karnataka,Bengaluru,Marketplace,Express,6,UPI,Cancelled,29328.15,,,
O01080,10/4/2025,C0489,P046,3,30109,10,81294.3,79415.78,West,Telangana,Hyderabad,Mobile App,Standard,5,Card,Cancelled,1878.52,,,
O01081,1/24/2025,C0324,P004,2,30693,30,42970.2,58051.17,East,Maharashtra,Mumbai,Marketplace,Express,7,Card,Cancelled,-15080.97,,,
O01082,7/6/2025,C0349,P027,1,23522,30,16465.4,21022.04,North,Karnataka,Bengaluru,Website,Express,2,Card,Delivered,-4556.64,,,
O01083,11/30/2025,C0231,P017,3,29849,25,67160.25,63689.74,East,Telangana,Hyderabad,Marketplace,Express,1,UPI,Delivered,3470.51,,,
O01084,6/9/2025,C0397,P009,3,38271,30,80369.1,78092.27,North,Telangana,Hyderabad,Website,Standard,3,UPI,Cancelled,2276.83,,,
O01085,12/10/2025,C0488,P028,4,20266,0,81064,66912.42,East,Telangana,Hyderabad,Marketplace,Express,6,Card,Cancelled,14151.58,,,
O01086,19/09/2025,C0121,P007,1,925,30,647.5,875.59,East,Maharashtra,Mumbai,Website,Express,5,Card,Delivered,-228.09,,,
O01087,31/08/2025,C0009,P013,2,19784,30,27697.6,36376.47,West,Maharashtra,Mumbai,Marketplace,Express,2,Card,Delivered,-8678.87,,,
O01088,26/06/2025,C0194,P018,4,44673,0,178692,148513.65,West,Telangana,Hyderabad,Website,Express,2,COD,Delivered,30178.35,,,
O01089,11/21/2025,C0069,P007,4,12608,15,42867.2,40364.53,East,Telangana,Hyderabad,Mobile App,Express,5,COD,Delivered,2502.67,,,
O01090,1/12/2025,C0117,P046,5,23030,0,115150,99556.11,North,Telangana,Hyderabad,Mobile App,Standard,2,Net Banking,Delivered,15593.89,,,
O01532,18/02/2025,C0107,P025,1,9603,25,7202.25,7981.53,East,Karnataka,Bengaluru,Mobile App,Express,6,Card,Delivered,-779.28,,,
O01092,3/14/2025,C0478,P029,2,22761,0,45522,34356.21,South,Maharashtra,Mumbai,Mobile App,Express,5,Card,Delivered,11165.79,,,
O01093,20/02/2025,C0358,P017,5,36475,15,155018.75,119064.55,North,Telangana,Hyderabad,Marketplace,Express,7,UPI,Delivered,35954.2,,,
O01094,7/31/2025,C0196,P031,2,15832,0,31664,20416.85,North,Maharashtra,Mumbai,Website,Express,5,Card,Delivered,11247.15,,,
O01095,4/10/2025,C0251,P040,1,3864,10,3477.6,3521.87,East,Telangana,Hyderabad,Mobile App,Express,3,Card,Delivered,-44.27,,,
O01096,3/29/2025,C0192,P045,3,18690,30,39249,34762.69,East,Maharashtra,Mumbai,Marketplace,Express,2,COD,Delivered,4486.31,,,
O01097,1/26/2025,C0057,P010,5,6598,15,28041.5,20455.18,North,Maharashtra,Pune,Marketplace,Express,3,UPI,Delivered,7586.32,,,
O01098,11/9/2025,C0197,P005,5,2967,5,14093.25,11507.23,North,Maharashtra,Pune,Mobile App,Standard,5,Net Banking,Delivered,2586.02,,,
O01099,2/21/2025,C0050,P014,3,38733,35,81339.3,73925.55,West,Telangana,Hyderabad,Marketplace,Same Day,4,UPI,Delivered,7413.75,,,
O01100,5/5/2025,C0137,P025,5,10847,30,37964.5,48394.7,North,Telangana,Hyderabad,Mobile App,Express,5,Net Banking,Delivered,-10430.2,,,
O01101,21/03/2025,C0005,P020,1,20218,35,14152.6,14388.43,South,Telangana,Hyderabad,Mobile App,Standard,7,Card,Delivered,-235.83,,,
O01102,2/16/2025,C0417,P018,3,31468,20,75523.2,75268.24,East,Telangana,Hyderabad,Website,Express,3,Net Banking,Delivered,254.96,,,
O01103,4/1/2025,C0212,P017,3,42783,0,128349,108831.26,South,Karnataka,Bengaluru,Mobile App,Express,3,Net Banking,Cancelled,19517.74,,,
O01104,7/27/2025,C0161,P024,3,34351,-5,103053,62858.62,West,Telangana,Hyderabad,Mobile App,Express,5,Card,Delivered,40194.38,,,
O01105,7/23/2025,C0436,P044,4,30750,25,92250,81075.19,West,Maharashtra,Pune,Website,Same Day,7,Card,Cancelled,11174.81,,,
O01106,7/7/2025,C0418,P013,5,5203,30,18210.5,22750.16,North,Telangana,Hyderabad,Marketplace,Express,4,Card,Cancelled,-4539.66,,,
O01107,11/22/2025,C0488,P038,4,11193,-5,44772,33200.3,East,Telangana,Hyderabad,Mobile App,Standard,5,UPI,Delivered,11571.7,,,
O01108,10/15/2025,C0240,P002,5,27609,25,103533.75,120446.69,West,Karnataka,Bengaluru,Mobile App,Express,6,UPI,Delivered,-16912.94,,,
O01109,11/27/2025,C0108,P045,2,27161,0,54322,46022.75,South,Telangana,Hyderabad,Mobile App,Standard,2,UPI,Delivered,8299.25,,,
O01110,5/12/2025,C0301,P024,2,20557,0,41114,33116.43,West,Karnataka,Bengaluru,Website,Express,4,COD,Cancelled,7997.57,,,
O01111,8/10/2025,C0305,P002,4,10663,0,42652,28048.85,South,Telangana,Hyderabad,Website,Standard,3,COD,Delivered,14603.15,,,
O01112,20/07/2025,C0395,P017,3,20001,30,42002.1,45541.68,West,Telangana,Hyderabad,Website,Standard,1,Card,Delivered,-3539.58,,,
O01113,6/21/2025,C0035,P038,2,17711,20,28337.6,24241.13,South,Karnataka,Bengaluru,Website,Same Day,4,Card,Cancelled,4096.47,,,
O01114,4/21/2025,Unknown,P002,1,19528,25,14646,15242,North,Telangana,Hyderabad,Website,Express,1,Card,Delivered,-596,,,
O01115,8/24/2025,C0484,P049,4,22035,10,79326,61204.35,North,Telangana,Hyderabad,Mobile App,Express,2,COD,Delivered,18121.65,,,
O01116,9/8/2025,C0003,P032,2,34090,-5,68180,47420.27,East,Telangana,Hyderabad,Marketplace,Standard,6,Net Banking,Cancelled,20759.73,,,
O01117,19/02/2025,C0287,P007,3,4122,25,9274.5,8182.37,West,Telangana,Hyderabad,Website,Express,2,Card,Delivered,1092.13,,,
O01118,3/8/2025,C0002,P018,1,45164,10,40647.6,41850.62,North,Karnataka,Bengaluru,Website,Same Day,6,Card,Delivered,-1203.02,,,
O01119,9/1/2025,C0322,P020,4,21123,5,80267.4,61636.22,East,Telangana,Hyderabad,Website,Standard,2,UPI,Cancelled,18631.18,,,
O01120,9/28/2025,C0474,P001,2,29151,0,58302,46972.61,East,Karnataka,Bengaluru,Mobile App,Express,3,Net Banking,Delivered,11329.39,,,
O01121,10/1/2025,C0180,P007,2,32537,20,52059.2,58357.9,East,Telangana,Hyderabad,Marketplace,Standard,Not Delivered,Card,Cancelled,-6298.7,,,
O01122,10/6/2025,C0343,P034,3,32522,30,68296.2,72674.95,West,Telangana,Hyderabad,Website,Express,2,Net Banking,Delivered,-4378.75,,,
O01123,11/4/2025,C0314,P023,2,42233,20,67572.8,57533.93,West,Telangana,Hyderabad,Mobile App,Express,4,Net Banking,Delivered,10038.87,,,
O01124,13/10/2025,C0328,P027,2,28898,30,40457.2,46481.14,East,Telangana,Hyderabad,Mobile App,Same Day,2,Net Banking,Delivered,-6023.94,,,
O01125,12/1/2025,C0286,P022,1,47282,0,47282,39913.17,East,Karnataka,Bengaluru,Marketplace,Standard,6,UPI,Cancelled,7368.83,,,
O01126,21/05/2025,C0098,P022,1,33919,25,25439.25,23575.58,South,Maharashtra,Mumbai,Mobile App,Express,6,UPI,Delivered,1863.67,,,
O01127,3/13/2025,C0144,P028,2,39487,30,55281.8,67178.61,East,Telangana,Hyderabad,Marketplace,Express,6,COD,Delivered,-11896.81,,,
O01128,7/8/2025,C0478,P038,2,11717,30,16403.8,15575.06,North,Telangana,Hyderabad,Marketplace,Standard,3,Card,Cancelled,828.74,,,
O01129,2/6/2025,C0178,P047,4,22216,35,62204.8,78472.1,North,Telangana,Hyderabad,Marketplace,Standard,1,Card,Delivered,-16267.3,,,
O01130,23/01/2025,C0301,P035,3,40432,30,84907.2,86123.01,East,Telangana,Hyderabad,Mobile App,Express,3,UPI,Cancelled,-1215.81,,,
O01131,7/28/2025,C0288,P033,4,22944,5,87187.2,70776.98,East,Maharashtra,Pune,Marketplace,Standard,6,Net Banking,Delivered,16410.22,,,
O01132,2/10/2025,C0352,P023,3,38557,0,115671,84627.12,West,Telangana,Hyderabad,Marketplace,Standard,3,Card,Cancelled,31043.88,,,
O01133,4/27/2025,C0001,P028,2,4457,0,8914,8084.89,West,Maharashtra,Mumbai,Mobile App,Standard,3,COD,Cancelled,829.11,,,
O01134,3/14/2025,C0264,P050,3,21215,35,44551.5,59295.14,North,Karnataka,Bengaluru,Marketplace,Express,2,UPI,Delivered,-14743.64,,,
O01135,3/21/2025,Unknown,P007,4,11164,0,44656,29119.38,East,Maharashtra,Mumbai,Mobile App,Express,2,Net Banking,Cancelled,15536.62,,,
O01136,7/17/2025,C0342,P049,3,45004,35,94508.4,87223.52,South,Karnataka,Bengaluru,Marketplace,Standard,3,COD,Delivered,7284.88,,,
O01137,22/02/2025,C0097,P027,5,48498,-5,242490,217489.43,East,Telangana,Hyderabad,Marketplace,Express,4,Net Banking,Cancelled,25000.57,,,
O01138,15/07/2025,C0059,P016,2,35929,25,53893.5,63235.94,North,Telangana,Hyderabad,Mobile App,Express,2,Net Banking,Delivered,-9342.44,,,
O01139,14/05/2025,C0419,P013,2,35019,0,70038,51944.71,South,Maharashtra,Mumbai,Mobile App,Express,1,COD,Cancelled,18093.29,,,
O01140,8/6/2025,C0051,P022,5,2086,0,10430,6907.99,East,Maharashtra,Mumbai,Marketplace,Express,4,Card,Delivered,3522.01,,,
O01141,17/07/2025,C0127,P005,5,17271,35,60448.5,75087.26,West,Telangana,Hyderabad,Mobile App,Express,6,UPI,Delivered,-14638.76,,,
O01142,1/23/2025,C0474,P038,5,11079,5,52625.25,45452.85,West,Telangana,Hyderabad,Website,Express,4,Net Banking,Delivered,7172.4,,,
O01143,11/4/2025,C0072,P043,1,10767,10,9690.3,8389.36,North,Telangana,Hyderabad,Marketplace,Standard,6,Net Banking,Delivered,1300.94,,,
O01144,5/5/2025,C0354,P034,4,11942,25,35826,37504.21,South,Maharashtra,Pune,Marketplace,Same Day,4,Card,Cancelled,-1678.21,,,
O01145,3/25/2025,C0293,P034,5,37546,20,150184,119229.69,North,Maharashtra,Mumbai,Website,Standard,6,Net Banking,Delivered,30954.31,,,
O01146,9/1/2025,C0103,P007,4,13892,5,52789.6,39256.31,South,Maharashtra,Pune,Website,Standard,5,COD,Cancelled,13533.29,,,
O01147,8/14/2025,C0369,P045,1,36696,0,36696,28776.3,West,Maharashtra,Mumbai,Mobile App,Standard,2,Card,Cancelled,7919.7,,,
O01148,4/12/2025,C0446,P042,4,4444,0,17776,15697.46,West,Telangana,Hyderabad,Website,Standard,2,UPI,Cancelled,2078.54,,,
O01149,7/9/2025,C0240,P026,1,16926,30,11848.2,10756.8,West,Telangana,Hyderabad,Mobile App,Standard,2,Net Banking,Delivered,1091.4,,,
O01150,20/04/2025,C0176,P044,3,21976,-5,65928,51830.47,East,Telangana,Hyderabad,Website,Express,7,Card,Delivered,14097.53,,,
O01151,9/8/2025,C0376,P031,1,33154,15,28180.9,20385.45,West,Karnataka,Bengaluru,Marketplace,Standard,2,Card,Delivered,7795.45,,,
O01152,2/4/2025,C0180,P048,3,8417,20,20200.8,18790.65,North,Maharashtra,Pune,Marketplace,Standard,7,COD,Delivered,1410.15,,,
O01153,28/04/2025,C0005,P045,5,26522,25,99457.5,104732.74,South,Telangana,Hyderabad,Marketplace,Standard,2,COD,Delivered,-5275.24,,,
O01154,9/26/2025,C0051,P018,3,31795,30,66769.5,67211.98,North,Karnataka,Bengaluru,Marketplace,Standard,6,Card,Delivered,-442.48,,,
O01427,3/3/2025,C0277,P016,2,49111,25,73666.5,87420.75,East,Karnataka,Bengaluru,Marketplace,Express,5,UPI,Cancelled,-13754.25,,,
O01156,15/12/2025,C0205,P046,1,7447,35,5212.9,6306.49,North,Telangana,Hyderabad,Marketplace,Express,1,COD,Delivered,-1093.59,,,
O01157,12/15/2025,C0094,P009,5,18353,25,68823.75,84785.73,South,Telangana,Hyderabad,Mobile App,Express,6,Card,Delivered,-15961.98,,,
O01158,30/03/2025,C0496,P036,5,19285,0,96425,66945.27,North,Telangana,Hyderabad,Website,Express,6,Card,Delivered,29479.73,,,
O01159,3/11/2025,C0076,P010,3,19035,10,51394.5,48295.37,West,Maharashtra,Mumbai,Mobile App,Express,2,Card,Cancelled,3099.13,,,
O01160,2/27/2025,C0077,P006,1,39971,35,27979.7,29673.41,North,Telangana,Hyderabad,Mobile App,Express,6,Card,Delivered,-1693.71,,,
O01161,18/12/2025,C0417,P002,2,10161,10,18289.8,13804.92,East,Karnataka,Bengaluru,Mobile App,Express,2,COD,Delivered,4484.88,,,
O01162,10/26/2025,C0059,P004,4,23025,0,92100,86967.14,North,Telangana,Hyderabad,Mobile App,Standard,1,Net Banking,Cancelled,5132.86,,,
O01163,8/18/2025,C0311,P045,5,12578,25,47167.5,38064.63,North,Telangana,Hyderabad,Mobile App,Express,6,COD,Cancelled,9102.87,,,
O01164,5/19/2025,C0176,P043,2,1394,-5,2788,1852.77,East,Karnataka,Bengaluru,Website,Same Day,6,COD,Delivered,935.23,,,
O01165,12/26/2025,C0328,P030,4,46570,35,130396,168363,East,Maharashtra,Mumbai,Mobile App,Express,6,Card,Delivered,-37967,,,
O01166,1/13/2025,C0078,P050,5,15512,15,65926,52741.49,North,Telangana,Hyderabad,Website,Express,2,COD,Delivered,13184.51,,,
O01167,7/6/2025,C0213,P049,4,32733,15,111292.2,85804.1,East,Telangana,Hyderabad,Website,Express,2,Card,Delivered,25488.1,,,
O01168,3/1/2025,C0166,P004,1,3981,25,2985.75,2983.73,North,Karnataka,Bengaluru,Mobile App,Express,3,COD,Delivered,2.02,,,
O01169,10/11/2025,C0327,P019,5,48076,35,168266,203075.02,South,Telangana,Hyderabad,Marketplace,Standard,3,COD,Cancelled,-34809.02,,,
O01170,3/28/2025,C0386,P010,3,4302,-5,12906,11580.02,North,Karnataka,Bengaluru,Website,Express,7,Card,Delivered,1325.98,,,
O01171,11/17/2025,C0086,P003,2,36119,10,65014.2,68479.67,East,Telangana,Hyderabad,Mobile App,Standard,6,Card,Cancelled,-3465.47,,,
O01172,10/2/2025,C0193,P020,4,18466,20,59091.2,66181.54,East,Maharashtra,Pune,Mobile App,Standard,4,UPI,Cancelled,-7090.34,,,
O01173,11/21/2025,C0136,P007,5,2032,30,7112,7177.83,South,Karnataka,Bengaluru,Marketplace,Express,6,COD,Cancelled,-65.83,,,
O01174,12/1/2025,C0321,P001,5,32467,20,129868,108743.52,East,Telangana,Hyderabad,Website,Express,6,COD,Cancelled,21124.48,,,
O01175,7/30/2025,C0356,P020,5,46348,15,196979,162572.09,West,Telangana,Hyderabad,Mobile App,Express,2,Net Banking,Delivered,34406.91,,,
O01176,8/1/2025,C0410,P013,1,11326,10,10193.4,8085.67,South,Karnataka,Bengaluru,Marketplace,Express,2,COD,Cancelled,2107.73,,,
O01177,4/5/2025,C0224,P008,3,20932,20,50236.8,57692.15,North,Telangana,Hyderabad,Website,Express,5,COD,Delivered,-7455.35,,,
O01178,1/27/2025,C0167,P050,1,19136,15,16265.6,13672.98,West,Maharashtra,Pune,Marketplace,Express,1,Card,Cancelled,2592.62,,,
O01179,12/7/2025,C0120,P022,3,40551,15,103405.05,109608.41,South,Telangana,Hyderabad,Website,Same Day,7,Net Banking,Delivered,-6203.36,,,
O01180,4/26/2025,C0002,P012,1,20662,0,20662,18018.64,South,Telangana,Hyderabad,Mobile App,Express,3,COD,Cancelled,2643.36,,,
O01181,3/9/2025,C0332,P029,3,28835,-5,86505,75476.66,West,Maharashtra,Mumbai,Marketplace,Express,4,Card,Delivered,11028.34,,,
O01182,7/7/2025,C0482,P027,4,28282,5,107471.6,79799.17,West,Maharashtra,Pune,Marketplace,Express,7,UPI,Delivered,27672.43,,,
O01183,6/4/2025,C0466,P038,4,30083,0,120332,107304.3,East,Telangana,Hyderabad,Mobile App,Express,2,Card,Delivered,13027.7,,,
O01184,8/17/2025,C0214,P035,2,25570,5,48583,45838.48,North,Karnataka,Bengaluru,Mobile App,Express,1,Card,Delivered,2744.52,,,
O01185,7/11/2025,C0241,P010,3,9235,0,27705,19215.15,East,Telangana,Hyderabad,Website,Standard,6,Card,Delivered,8489.85,,,
O01186,11/11/2025,C0242,P012,5,12186,10,54837,54123.74,West,Telangana,Hyderabad,Website,Express,1,Card,Cancelled,713.26,,,
O01187,8/20/2025,C0202,P026,3,4089,15,10426.95,10455.58,West,Maharashtra,Mumbai,Website,Standard,3,Card,Cancelled,-28.63,,,
O01188,10/7/2025,C0257,P015,2,29613,5,56264.7,43832.94,South,Telangana,Hyderabad,Mobile App,Express,6,UPI,Delivered,12431.76,,,
O01189,8/24/2025,C0406,P049,5,48895,0,244475,211954.44,East,Telangana,Hyderabad,Website,Standard,4,Card,Delivered,32520.56,,,
O01190,3/8/2025,C0114,P047,5,18270,5,86782.5,57139.02,North,Telangana,Hyderabad,Mobile App,Express,4,COD,Delivered,29643.48,,,
O01191,10/29/2025,C0008,P045,4,15998,0,63992,48442.55,West,Karnataka,Bengaluru,Marketplace,Express,1,UPI,Cancelled,15549.45,,,
O01192,8/18/2025,C0460,P034,1,20981,15,17833.85,15429.02,West,Maharashtra,Pune,Marketplace,Express,Not Delivered,Card,Cancelled,2404.83,,,
O01193,4/6/2025,C0039,P002,1,5528,0,5528,3405.64,South,Telangana,Hyderabad,Mobile App,Same Day,3,Card,Delivered,2122.36,,,
O01194,3/5/2025,C0277,P015,1,17304,20,13843.2,13448.92,South,Telangana,Hyderabad,Mobile App,Express,4,Card,Cancelled,394.28,,,
O01195,5/9/2025,C0049,P042,4,10459,10,37652.4,31918.81,East,Maharashtra,Pune,Website,Standard,3,Card,Delivered,5733.59,,,
O01196,2/10/2025,C0017,P024,5,4425,25,16593.75,14360.74,South,Telangana,Hyderabad,Marketplace,Standard,6,Card,Delivered,2233.01,,,
O01197,1/28/2025,C0335,P033,5,12832,20,51328,47441.93,West,Telangana,Hyderabad,Mobile App,Express,3,Card,Delivered,3886.07,,,
O01198,6/6/2025,C0107,P040,5,16611,15,70596.75,78280.66,South,Telangana,Hyderabad,Mobile App,Standard,2,UPI,Delivered,-7683.91,,,
O01199,3/18/2025,C0172,P008,3,13270,0,39810,35336.01,North,Telangana,Hyderabad,Marketplace,Same Day,1,UPI,Delivered,4473.99,,,
O01200,6/7/2025,C0411,P040,3,48204,5,137381.4,110618.93,North,Maharashtra,Mumbai,Marketplace,Standard,5,Card,Delivered,26762.47,,,
O01201,25/06/2025,C0214,P011,1,34670,-5,34670,27833.64,East,Telangana,Hyderabad,Marketplace,Express,6,COD,Cancelled,6836.36,,,
O01202,14/07/2025,C0448,P014,2,24980,0,49960,35588.79,South,Telangana,Hyderabad,Website,Express,3,Net Banking,Delivered,14371.21,,,
O01203,12/10/2025,C0140,P014,1,30926,35,21648.2,22348.79,West,Telangana,Hyderabad,Mobile App,Standard,4,Card,Delivered,-700.59,,,
O01204,5/22/2025,C0466,P045,4,14453,15,49140.2,46724.33,West,Telangana,Hyderabad,Mobile App,Standard,1,Card,Cancelled,2415.87,,,
O01205,7/21/2025,C0344,P042,4,22526,5,85598.8,72930.58,West,Telangana,Hyderabad,Marketplace,Express,2,COD,Delivered,12668.22,,,
O01206,11/28/2025,C0291,P005,4,9227,10,33217.2,22913.03,North,Maharashtra,Pune,Mobile App,Standard,1,Card,Cancelled,10304.17,,,
O01207,1/23/2025,C0297,P049,5,31703,5,150589.25,107589.37,West,Karnataka,Bengaluru,Marketplace,Standard,5,Net Banking,Delivered,42999.88,,,
O01208,11/11/2025,C0320,P019,5,39917,10,179626.5,186188.77,West,Telangana,Hyderabad,Marketplace,Standard,2,Net Banking,Delivered,-6562.27,,,
O01209,4/25/2025,C0129,P046,5,19747,30,69114.5,86172.47,West,Telangana,Hyderabad,Mobile App,Express,3,Card,Cancelled,-17057.97,,,
O01210,14/07/2025,C0382,P011,5,49024,20,196096,195898.63,West,Telangana,Hyderabad,Website,Standard,6,Net Banking,Delivered,197.37,,,
O01211,1/25/2025,C0499,P007,4,49291,25,147873,136104.22,East,Telangana,Hyderabad,Marketplace,Standard,4,Card,Cancelled,11768.78,,,
O01212,7/11/2025,C0224,P010,3,40951,10,110567.7,85779.93,South,Telangana,Hyderabad,Mobile App,Express,2,UPI,Delivered,24787.77,,,
O01213,4/20/2025,C0033,P031,5,21004,0,105020,75346.64,West,Telangana,Hyderabad,Marketplace,Same Day,3,UPI,Delivered,29673.36,,,
O01214,3/7/2025,C0034,P001,1,10919,5,10373.05,7898.95,West,Telangana,Hyderabad,Marketplace,Same Day,2,COD,Delivered,2474.1,,,
O01215,6/22/2025,C0378,P005,3,17357,0,52071,46495.49,East,Karnataka,Bengaluru,Website,Express,6,UPI,Delivered,5575.51,,,
O01216,4/4/2025,C0315,P025,1,13842,35,9689.4,9029.68,West,Maharashtra,Mumbai,Marketplace,Standard,4,Card,Cancelled,659.72,,,
O01217,10/9/2025,C0222,P029,1,38931,35,27251.7,33199.5,West,Maharashtra,Mumbai,Website,Express,1,Net Banking,Cancelled,-5947.8,,,
O01218,29/05/2025,C0443,P006,2,6558,5,12460.2,9932.51,West,Telangana,Hyderabad,Mobile App,Express,4,Card,Delivered,2527.69,,,
O01219,4/2/2025,Unknown,P034,1,14303,30,10012.1,11052.76,West,Telangana,Hyderabad,Website,Express,3,COD,Delivered,-1040.66,,,
O01220,2/19/2025,C0213,P003,3,48825,15,124503.75,98351.93,East,Telangana,Hyderabad,Marketplace,Express,4,COD,Cancelled,26151.82,,,
O01221,11/25/2025,C0222,P021,3,2283,25,5136.75,5701.28,East,Maharashtra,Mumbai,Marketplace,Express,5,COD,Cancelled,-564.53,,,
O01222,2/20/2025,C0286,P024,1,38870,35,27209,29891.25,West,Telangana,Hyderabad,Marketplace,Standard,5,Net Banking,Cancelled,-2682.25,,,
O01223,5/10/2025,C0401,P033,2,35862,20,57379.2,54982.21,East,Telangana,Hyderabad,Mobile App,Standard,5,Card,Delivered,2396.99,,,
O01224,12/19/2025,C0084,P008,4,14429,15,49058.6,43467.02,South,Telangana,Hyderabad,Website,Same Day,3,Net Banking,Cancelled,5591.58,,,
O01225,1/19/2025,C0193,P010,2,20904,10,37627.2,33006.51,East,Karnataka,Bengaluru,Mobile App,Express,2,COD,Delivered,4620.69,,,
O01226,7/12/2025,C0088,P044,4,16804,-5,67216,52294.25,North,Karnataka,Bengaluru,Marketplace,Express,4,UPI,Delivered,14921.75,,,
O01227,8/8/2025,C0150,P028,4,30425,0,121700,77784.93,East,Telangana,Hyderabad,Mobile App,Same Day,5,UPI,Delivered,43915.07,,,
O01228,18/03/2025,C0207,P049,2,25046,15,42578.2,46260.42,East,Telangana,Hyderabad,Mobile App,Express,7,UPI,Delivered,-3682.22,,,
O01229,7/16/2025,C0366,P039,1,37454,-5,37454,35208.91,East,Telangana,Hyderabad,Website,Standard,1,Net Banking,Delivered,2245.09,,,
O01230,12/22/2025,C0158,P003,2,7480,20,11968,12266,South,Maharashtra,Mumbai,Mobile App,Same Day,4,UPI,Delivered,-298,,,
O01231,2/8/2025,C0346,P015,1,15098,5,14343.1,10194.56,South,Telangana,Hyderabad,Website,Standard,6,Card,Cancelled,4148.54,,,
O01232,3/4/2025,C0312,P009,5,44098,-5,220490,156602.66,North,Telangana,Hyderabad,Marketplace,Standard,1,Net Banking,Delivered,63887.34,,,
O01233,7/14/2025,C0133,P050,1,27825,10,25042.5,19026.22,East,Telangana,Hyderabad,Mobile App,Standard,3,Card,Cancelled,6016.28,,,
O01234,9/27/2025,Unknown,P027,1,7607,5,7226.65,5161.94,South,Telangana,Hyderabad,Mobile App,Express,3,Card,Delivered,2064.71,,,
O01235,11/4/2025,C0182,P049,2,8410,0,16820,15162.56,South,Karnataka,Bengaluru,Marketplace,Express,2,COD,Delivered,1657.44,,,
O01236,3/18/2025,C0390,P004,3,19087,30,40082.7,39458.73,West,Karnataka,Bengaluru,Mobile App,Express,6,Net Banking,Cancelled,623.97,,,
O01237,1/3/2025,C0023,P021,4,33644,25,100932,104470.63,East,Maharashtra,Pune,Marketplace,Express,7,Card,Delivered,-3538.63,,,
O01238,12/19/2025,C0480,P028,2,32904,30,46065.6,49075.84,North,Karnataka,Bengaluru,Mobile App,Same Day,5,Net Banking,Delivered,-3010.24,,,
O01239,9/17/2025,C0360,P008,1,7497,10,6747.3,6479.35,South,Telangana,Hyderabad,Website,Same Day,1,Card,Delivered,267.95,,,
O01240,11/26/2025,C0233,P019,2,48331,0,96662,68654.16,East,Karnataka,Bengaluru,Mobile App,Express,4,UPI,Delivered,28007.84,,,
O01241,3/30/2025,C0247,P043,2,5374,10,9673.2,9979.08,East,Telangana,Hyderabad,Marketplace,Express,7,Net Banking,Delivered,-305.88,,,
O01242,27/12/2025,C0387,P041,2,39130,15,66521,49476.99,East,Karnataka,Bengaluru,Mobile App,Same Day,4,COD,Delivered,17044.01,,,
O01243,3/29/2025,C0316,P012,5,37470,30,131145,143808.89,East,Telangana,Hyderabad,Mobile App,Express,7,UPI,Delivered,-12663.89,,,
O01244,11/5/2025,C0245,P036,5,11232,0,56160,50663.4,South,Maharashtra,Mumbai,Website,Standard,4,Net Banking,Delivered,5496.6,,,
O01245,18/05/2025,C0142,P045,1,13751,15,11688.35,12970.22,West,Maharashtra,Mumbai,Mobile App,Standard,6,Net Banking,Delivered,-1281.87,,,
O01246,7/17/2025,C0106,P017,1,43214,10,38892.6,30592.95,North,Maharashtra,Pune,Marketplace,Express,6,Net Banking,Cancelled,8299.65,,,
O01247,31/10/2025,C0011,P014,2,26975,35,37765,41033.17,North,Maharashtra,Mumbai,Marketplace,Express,6,Card,Cancelled,-3268.17,,,
O01248,6/17/2025,C0412,P027,4,32710,0,130840,109758.2,West,Telangana,Hyderabad,Mobile App,Express,4,Net Banking,Delivered,21081.8,,,
O01249,1/12/2025,C0073,P045,5,12768,25,47880,41044.33,West,Telangana,Hyderabad,Website,Express,5,Card,Delivered,6835.67,,,
O01250,5/7/2025,C0007,P041,1,19256,15,16367.6,15339.4,East,Karnataka,Bengaluru,Mobile App,Standard,5,Card,Delivered,1028.2,,,
O01251,6/20/2025,C0485,P021,4,16028,20,51289.6,47106.55,East,Telangana,Hyderabad,Mobile App,Express,3,Card,Delivered,4183.05,,,
O01252,9/15/2025,C0287,P038,4,10025,30,28070,36873.18,South,Telangana,Hyderabad,Marketplace,Express,2,Net Banking,Delivered,-8803.18,,,
O01253,9/4/2025,Unknown,P022,5,46826,5,222423.5,215566.98,East,Telangana,Hyderabad,Mobile App,Standard,4,UPI,Delivered,6856.52,,,
O01254,10/14/2025,C0462,P028,3,42820,30,89922,94817.75,East,Telangana,Hyderabad,Mobile App,Express,6,Net Banking,Delivered,-4895.75,,,
O01255,1/22/2025,C0310,P027,2,18360,35,25704,27459.76,East,Telangana,Hyderabad,Mobile App,Standard,4,Card,Cancelled,-1755.76,,,
O01256,7/19/2025,C0072,P021,4,30725,0,122900,94717.54,West,Telangana,Hyderabad,Website,Standard,7,COD,Delivered,28182.46,,,
O01257,7/17/2025,C0270,P047,2,8062,20,12899.2,15182.49,North,Maharashtra,Pune,Mobile App,Express,5,Card,Delivered,-2283.29,,,
O01258,13/10/2025,C0358,P004,1,11329,0,11329,10318.54,North,Telangana,Hyderabad,Mobile App,Express,2,Card,Delivered,1010.46,,,
O01259,9/20/2025,C0297,P034,4,37536,5,142636.8,98002.44,North,Karnataka,Bengaluru,Mobile App,Express,7,COD,Cancelled,44634.36,,,
O01260,27/01/2025,C0416,P014,5,11413,20,45652,51527.93,South,Karnataka,Bengaluru,Marketplace,Standard,3,Net Banking,Delivered,-5875.93,,,
O01261,17/11/2025,C0084,P002,4,33213,5,126209.4,121551.31,North,Telangana,Hyderabad,Mobile App,Express,5,UPI,Delivered,4658.09,,,
O01262,18/11/2025,C0288,P008,1,1084,35,758.8,768.35,North,Telangana,Hyderabad,Mobile App,Express,4,UPI,Delivered,-9.55,,,
O01263,18/03/2025,C0481,P038,1,10316,0,10316,8925.21,South,Telangana,Hyderabad,Website,Standard,4,UPI,Delivered,1390.79,,,
O01264,5/17/2025,C0163,P007,4,28179,35,78901.2,99887.81,West,Telangana,Hyderabad,Website,Express,2,COD,Cancelled,-20986.61,,,
O01265,2/9/2025,C0311,P012,5,47660,15,202555,180475.36,East,Maharashtra,Mumbai,Mobile App,Standard,1,Net Banking,Cancelled,22079.64,,,
O01266,6/5/2025,C0018,P024,5,22456,15,95438,93452.47,North,Telangana,Hyderabad,Marketplace,Standard,2,Card,Delivered,1985.53,,,
O01267,11/27/2025,C0177,P042,3,13346,10,36034.2,36720.68,North,Maharashtra,Pune,Marketplace,Express,5,Net Banking,Delivered,-686.48,,,
O01268,1/20/2025,C0158,P020,4,49592,0,198368,122992.89,East,Karnataka,Bengaluru,Marketplace,Same Day,4,Card,Delivered,75375.11,,,
O01269,4/10/2025,C0035,P016,4,27421,35,76778.8,86130.08,West,Telangana,Hyderabad,Mobile App,Express,5,Net Banking,Delivered,-9351.28,,,
O01270,4/28/2025,C0432,P032,1,42829,35,29980.3,31863.74,North,Telangana,Hyderabad,Website,Express,7,UPI,Cancelled,-1883.44,,,
O01271,3/7/2025,C0028,P034,2,43684,30,61157.6,56142.45,East,Telangana,Hyderabad,Website,Standard,5,UPI,Cancelled,5015.15,,,
O01272,2/18/2025,C0497,P032,2,31009,-5,62018,47823.98,North,Karnataka,Bengaluru,Website,Express,1,COD,Cancelled,14194.02,,,
O01273,6/3/2025,C0367,P007,1,19492,30,13644.4,18456.24,South,Telangana,Hyderabad,Marketplace,Express,6,UPI,Delivered,-4811.84,,,
O01274,10/29/2025,C0290,P046,3,47742,0,143226,136022.23,South,Telangana,Hyderabad,Website,Express,2,Net Banking,Delivered,7203.77,,,
O02736,12/14/2025,C0411,P027,5,10784,35,37744,41308.66,North,Telangana,Hyderabad,Mobile App,Express,7,COD,Cancelled,-3564.66,,,
O01276,11/8/2025,C0026,P029,3,5430,15,13846.5,11606.17,North,Telangana,Hyderabad,Website,Express,4,COD,Cancelled,2240.33,,,
O01277,12/24/2025,C0208,P009,5,1787,10,8041.5,7530.02,East,Telangana,Hyderabad,Marketplace,Express,5,Card,Delivered,511.48,,,
O01278,16/06/2025,C0221,P016,2,32858,30,46001.2,52567.58,East,Maharashtra,Pune,Marketplace,Standard,5,COD,Cancelled,-6566.38,,,
O01279,1/17/2025,C0126,P019,1,33429,25,25071.75,31238.21,South,Karnataka,Bengaluru,Website,Express,6,Card,Delivered,-6166.46,,,
O01280,12/13/2025,C0398,P050,1,36133,20,28906.4,30552.3,East,Telangana,Hyderabad,Website,Express,7,Card,Delivered,-1645.9,,,
O01281,17/02/2025,C0080,P033,2,10062,35,14086.8,14978.04,South,Telangana,Hyderabad,Website,Express,3,UPI,Delivered,-891.24,,,
O01282,5/15/2025,C0287,P033,4,45368,5,172398.4,128646.48,South,Telangana,Hyderabad,Website,Standard,3,UPI,Cancelled,43751.92,,,
O01283,8/11/2025,C0071,P002,5,8861,25,33228.75,39178.65,East,Telangana,Hyderabad,Mobile App,Standard,6,COD,Delivered,-5949.9,,,
O01284,12/7/2025,C0335,P014,1,41330,30,28931,36629.84,West,Maharashtra,Pune,Website,Standard,1,Card,Delivered,-7698.84,,,
O01285,11/1/2025,C0314,P038,3,1294,0,3882,2713.73,South,Maharashtra,Mumbai,Marketplace,Express,7,UPI,Delivered,1168.27,,,
O01286,3/22/2025,C0023,P016,4,23737,30,66463.6,70848.74,East,Telangana,Hyderabad,Website,Standard,6,COD,Cancelled,-4385.14,,,
O01287,12/19/2025,C0120,P049,3,2344,15,5977.2,6430.45,East,Telangana,Hyderabad,Marketplace,Express,4,Card,Cancelled,-453.25,,,
O01288,10/3/2025,C0340,P045,3,48734,5,138891.9,92189.76,East,Telangana,Hyderabad,Website,Express,6,UPI,Cancelled,46702.14,,,
O01289,11/27/2025,C0125,P007,5,36421,-5,182105,118783.07,South,Telangana,Hyderabad,Website,Express,6,Card,Delivered,63321.93,,,
O01290,4/5/2025,C0445,P031,1,44778,15,38061.3,27615.23,South,Telangana,Hyderabad,Website,Same Day,5,Net Banking,Delivered,10446.07,,,
O01291,8/7/2025,C0304,P036,4,28233,20,90345.6,98867.48,South,Telangana,Hyderabad,Marketplace,Same Day,3,Net Banking,Delivered,-8521.88,,,
O01292,5/3/2025,C0132,P032,1,4248,5,4035.6,3123.68,North,Telangana,Hyderabad,Marketplace,Standard,5,Card,Cancelled,911.92,,,
O01293,10/30/2025,C0097,P003,2,14219,10,25594.2,26119.14,West,Telangana,Hyderabad,Website,Standard,2,UPI,Delivered,-524.94,,,
O01294,16/08/2025,C0264,P043,5,28795,10,129577.5,109175.41,North,Telangana,Hyderabad,Marketplace,Express,2,COD,Delivered,20402.09,,,
O01295,4/27/2025,C0161,P012,2,31306,0,62612,59362.17,South,Telangana,Hyderabad,Marketplace,Express,5,Card,Delivered,3249.83,,,
O01296,4/7/2025,C0313,P042,2,15309,-5,30618,21396.4,East,Maharashtra,Mumbai,Website,Express,2,UPI,Delivered,9221.6,,,
O01297,11/7/2025,C0131,P012,1,28855,15,24526.75,26379.14,East,Telangana,Hyderabad,Website,Express,1,COD,Delivered,-1852.39,,,
O01298,4/17/2025,C0017,P044,5,40329,35,141151.5,177652.95,East,Telangana,Hyderabad,Mobile App,Express,5,Net Banking,Delivered,-36501.45,,,
O01299,7/28/2025,C0174,P039,5,42675,10,192037.5,187246.82,South,Telangana,Hyderabad,Website,Standard,4,UPI,Delivered,4790.68,,,
O01300,3/18/2025,C0127,P023,2,28175,15,47897.5,49717.87,West,Telangana,Hyderabad,Mobile App,Express,7,Card,Delivered,-1820.37,,,
O01301,25/06/2025,C0086,P045,1,24395,35,17076.5,19001.01,West,Telangana,Hyderabad,Website,Same Day,4,Card,Cancelled,-1924.51,,,
O01302,12/19/2025,C0080,P024,1,13704,0,13704,12515.39,East,Karnataka,Bengaluru,Marketplace,Standard,5,Card,Delivered,1188.61,,,
O01303,3/3/2025,C0090,P049,5,13410,0,67050,47663.21,West,Telangana,Hyderabad,Website,Express,6,UPI,Delivered,19386.79,,,
O01304,2/18/2025,C0459,P026,5,11492,20,45968,54277.99,South,Karnataka,Bengaluru,Marketplace,Standard,7,COD,Delivered,-8309.99,,,
O01305,4/22/2025,C0248,P017,4,39229,15,133378.6,124714.3,North,Maharashtra,Pune,Website,Express,3,Net Banking,Delivered,8664.3,,,
O01306,3/5/2025,C0068,P012,2,22163,0,44326,35085.36,East,Telangana,Hyderabad,Mobile App,Express,6,Card,Delivered,9240.64,,,
O01307,4/10/2025,C0402,P008,1,34137,25,25602.75,28606.21,South,Telangana,Hyderabad,Mobile App,Express,4,COD,Delivered,-3003.46,,,
O01308,3/4/2025,C0041,P038,5,34841,0,174205,151215.07,East,Maharashtra,Mumbai,Mobile App,Express,4,Card,Delivered,22989.93,,,
O01309,11/27/2025,C0044,P045,5,25095,30,87832.5,114151.94,East,Telangana,Hyderabad,Website,Express,7,COD,Delivered,-26319.44,,,
O01310,6/17/2025,C0136,P041,3,45383,5,129341.55,106544.46,West,Maharashtra,Pune,Marketplace,Express,6,UPI,Delivered,22797.09,,,
O01311,10/16/2025,C0321,P033,4,46001,10,165603.6,153468.37,South,Telangana,Hyderabad,Website,Same Day,4,Net Banking,Delivered,12135.23,,,
O01312,8/6/2025,C0366,P017,4,20905,25,62715,73721.2,South,Telangana,Hyderabad,Mobile App,Express,7,COD,Delivered,-11006.2,,,
O01313,3/9/2025,Unknown,P009,2,26068,35,36495.2,37375.76,East,Telangana,Hyderabad,Marketplace,Express,5,Card,Delivered,-880.56,,,
O01314,3/10/2025,C0080,P015,5,30287,5,143863.25,94857.12,South,Telangana,Hyderabad,Website,Express,5,Card,Cancelled,49006.13,,,
O01315,1/3/2025,C0474,P036,2,47307,5,89883.3,79284.05,West,Telangana,Hyderabad,Mobile App,Standard,4,Net Banking,Cancelled,10599.25,,,
O01316,1/28/2025,C0342,P018,3,26123,5,74450.55,65641.5,West,Telangana,Hyderabad,Mobile App,Express,2,Card,Delivered,8809.05,,,
O01317,4/3/2025,C0111,P033,4,20347,0,81388,49784.56,South,Telangana,Hyderabad,Marketplace,Standard,7,Card,Delivered,31603.44,,,
O01318,3/8/2025,C0345,P006,4,48173,5,183057.4,152272.72,East,Telangana,Hyderabad,Marketplace,Express,5,Net Banking,Delivered,30784.68,,,
O01319,26/03/2025,C0438,P042,2,18262,5,34697.8,23376.35,South,Karnataka,Bengaluru,Website,Express,4,Card,Cancelled,11321.45,,,
O01320,5/4/2025,C0163,P043,2,31261,35,43765.4,37584.28,South,Telangana,Hyderabad,Website,Express,2,Net Banking,Delivered,6181.12,,,
O01321,7/14/2025,C0210,P037,4,42202,-5,168808,103681.51,North,Telangana,Hyderabad,Marketplace,Express,1,Card,Cancelled,65126.49,,,
O01322,2/10/2025,C0132,P001,2,16994,15,28889.8,30694.37,North,Telangana,Hyderabad,Marketplace,Express,2,UPI,Delivered,-1804.57,,,
O01323,11/25/2025,C0201,P038,4,43243,20,138377.6,108263.21,East,Telangana,Hyderabad,Marketplace,Same Day,5,Card,Cancelled,30114.39,,,
O01324,17/10/2025,Unknown,P011,1,24250,-5,24250,22341.22,South,Maharashtra,Mumbai,Mobile App,Standard,5,UPI,Delivered,1908.78,,,
O01325,7/31/2025,C0157,P008,4,13893,25,41679,50813.29,North,Karnataka,Bengaluru,Mobile App,Express,5,Net Banking,Cancelled,-9134.29,,,
O01326,6/14/2025,C0039,P010,3,30419,25,68442.75,59451.96,North,Telangana,Hyderabad,Mobile App,Express,6,Card,Delivered,8990.79,,,
O01327,7/15/2025,C0051,P004,2,11288,35,15803.2,19257.3,East,Telangana,Hyderabad,Marketplace,Standard,3,Net Banking,Delivered,-3454.1,,,
O01328,12/25/2025,C0420,P047,4,23958,20,76665.6,65818.27,East,Maharashtra,Pune,Website,Express,3,Card,Cancelled,10847.33,,,
O01329,5/18/2025,C0343,P008,3,44474,0,133422,102985.66,West,Telangana,Hyderabad,Marketplace,Express,4,COD,Cancelled,30436.34,,,
O02069,1/25/2025,C0064,P024,5,34442,35,120547,118041.3,East,Maharashtra,Pune,Marketplace,Same Day,5,UPI,Delivered,2505.7,,,
O01331,19/04/2025,C0320,P010,3,31482,30,66112.2,82990.59,West,Maharashtra,Mumbai,Website,Standard,5,Card,Delivered,-16878.39,,,
O01332,5/15/2025,C0267,P029,4,37893,20,121257.6,93437.75,North,Karnataka,Bengaluru,Marketplace,Same Day,1,Card,Cancelled,27819.85,,,
O01333,5/6/2025,C0215,P045,4,48628,0,194512,162608.53,North,Maharashtra,Mumbai,Mobile App,Express,5,Card,Delivered,31903.47,,,
O01334,8/4/2025,C0283,P039,5,33678,0,168390,144836.49,West,Telangana,Hyderabad,Mobile App,Standard,1,Net Banking,Delivered,23553.51,,,
O01335,4/7/2025,C0214,P023,2,16726,10,30106.8,29906.81,East,Telangana,Hyderabad,Marketplace,Express,5,Card,Delivered,199.99,,,
O01336,27/04/2025,C0287,P044,4,44447,5,168898.6,147292.81,South,Telangana,Hyderabad,Mobile App,Same Day,2,Net Banking,Cancelled,21605.79,,,
O01337,12/17/2025,C0107,P028,4,45643,-5,182572,132378.41,North,Telangana,Hyderabad,Marketplace,Standard,6,COD,Delivered,50193.59,,,
O01338,7/15/2025,C0435,P045,4,46287,35,129603.6,117161.41,East,Telangana,Hyderabad,Mobile App,Express,5,Card,Delivered,12442.19,,,
O01339,3/11/2025,C0461,P046,5,8832,0,44160,37426.86,South,Karnataka,Bengaluru,Website,Express,1,UPI,Cancelled,6733.14,,,
O01340,11/28/2025,C0222,P047,2,8419,30,11786.6,14304.22,East,Telangana,Hyderabad,Website,Express,1,Net Banking,Delivered,-2517.62,,,
O01341,7/2/2025,C0075,P036,3,46530,0,139590,91078.03,East,Telangana,Hyderabad,Mobile App,Express,7,Net Banking,Delivered,48511.97,,,
O01342,13/02/2025,C0270,P012,1,16513,30,11559.1,14244.29,North,Karnataka,Bengaluru,Mobile App,Express,7,Net Banking,Cancelled,-2685.19,,,
O01343,20/04/2025,C0043,P011,4,45671,35,127878.8,150508.75,East,Telangana,Hyderabad,Marketplace,Express,6,Card,Delivered,-22629.95,,,
O01344,2/11/2025,C0005,P018,4,782,0,3128,2459.49,East,Maharashtra,Pune,Website,Same Day,3,UPI,Delivered,668.51,,,
O01345,9/29/2025,C0224,P018,1,4329,15,3679.65,3708.4,West,Telangana,Hyderabad,Mobile App,Standard,2,UPI,Delivered,-28.75,,,
O01346,7/29/2025,C0390,P010,4,7611,15,25877.4,24875,East,Maharashtra,Mumbai,Mobile App,Same Day,1,Card,Delivered,1002.4,,,
O01347,12/3/2025,C0174,P041,5,30723,0,153615,142757.53,South,Maharashtra,Pune,Website,Same Day,7,Net Banking,Delivered,10857.47,,,
O01348,9/25/2025,C0053,P025,2,36907,5,70123.3,44885.2,East,Telangana,Hyderabad,Website,Express,5,COD,Delivered,25238.1,,,
O01349,6/29/2025,C0306,P032,5,32701,35,114453.5,138026.51,South,Karnataka,Bengaluru,Marketplace,Express,7,Card,Delivered,-23573.01,,,
O01350,4/11/2025,C0014,P024,5,8354,35,29239,37848.74,West,Telangana,Hyderabad,Mobile App,Express,7,UPI,Delivered,-8609.74,,,
O01351,7/1/2025,C0078,P001,2,12228,25,18342,15589.38,North,Telangana,Hyderabad,Website,Standard,7,Card,Delivered,2752.62,,,
O01352,18/02/2025,C0481,P004,2,2754,20,4406.4,3977.65,South,Telangana,Hyderabad,Website,Express,6,Card,Delivered,428.75,,,
O01353,8/10/2025,C0217,P008,3,8017,15,20443.35,16055.95,North,Telangana,Hyderabad,Website,Express,2,COD,Cancelled,4387.4,,,
O01354,7/26/2025,C0167,P033,2,43608,35,61051.2,67352.89,South,Telangana,Hyderabad,Website,Express,1,Net Banking,Cancelled,-6301.69,,,
O01355,11/20/2025,C0152,P012,1,21770,0,21770,19821.73,East,Maharashtra,Mumbai,Mobile App,Standard,5,Net Banking,Delivered,1948.27,,,
O01356,8/2/2025,C0389,P040,4,38571,15,131141.4,103059.65,East,Telangana,Hyderabad,Marketplace,Standard,1,Net Banking,Cancelled,28081.75,,,
O01357,10/25/2025,C0063,P026,4,27602,15,93846.8,88888.79,North,Telangana,Hyderabad,Mobile App,Standard,3,Net Banking,Delivered,4958.01,,,
O01358,6/10/2025,C0108,P011,4,40778,10,146800.8,103984.56,East,Telangana,Hyderabad,Mobile App,Express,4,Card,Delivered,42816.24,,,
O01359,15/04/2025,C0070,P037,4,9768,0,39072,35859.84,East,Karnataka,Bengaluru,Marketplace,Same Day,3,Net Banking,Cancelled,3212.16,,,
O01360,9/6/2025,C0119,P001,2,40134,-5,80268,69859.94,East,Telangana,Hyderabad,Mobile App,Express,5,Card,Cancelled,10408.06,,,
O02478,12/14/2025,C0397,P035,3,12588,0,37764,30835.06,North,Telangana,Hyderabad,Mobile App,Express,7,Card,Delivered,6928.94,,,
O01362,8/19/2025,C0277,P040,5,15097,30,52839.5,57729.5,South,Maharashtra,Pune,Website,Same Day,4,UPI,Delivered,-4890,,,
O01363,23/10/2025,C0206,P021,2,44542,-5,89084,70309.18,North,Karnataka,Bengaluru,Mobile App,Express,1,Card,Delivered,18774.82,,,
O01364,12/27/2025,Unknown,P022,3,21588,15,55049.4,48978.5,South,Telangana,Hyderabad,Mobile App,Express,7,Card,Delivered,6070.9,,,
O01365,7/3/2025,C0123,P006,1,31510,30,22057,19977,West,Maharashtra,Pune,Marketplace,Express,7,Card,Delivered,2080,,,
O01366,1/21/2025,C0136,P042,3,38318,35,80467.8,97223.64,South,Karnataka,Bengaluru,Mobile App,Express,3,UPI,Delivered,-16755.84,,,
O01367,10/17/2025,C0500,P018,5,38966,0,194830,128432.02,East,Telangana,Hyderabad,Mobile App,Express,4,Card,Cancelled,66397.98,,,
O01368,15/08/2025,C0411,P037,1,38848,15,33020.8,28331.88,South,Maharashtra,Mumbai,Mobile App,Standard,1,Card,Delivered,4688.92,,,
O01369,6/24/2025,C0339,P046,3,37386,0,112158,81202.98,South,Telangana,Hyderabad,Mobile App,Express,4,Net Banking,Delivered,30955.02,,,
O01370,6/8/2025,C0043,P041,2,18216,-5,36432,27174.94,North,Telangana,Hyderabad,Website,Express,1,Card,Cancelled,9257.06,,,
O01371,28/10/2025,C0461,P048,2,6254,20,10006.4,9717.45,East,Maharashtra,Pune,Mobile App,Standard,4,UPI,Cancelled,288.95,,,
O01372,5/31/2025,C0104,P027,3,29742,5,84764.7,71256.49,East,Telangana,Hyderabad,Mobile App,Express,6,COD,Cancelled,13508.21,,,
O01373,12/9/2025,C0353,P010,3,46192,25,103932,105146.36,South,Telangana,Hyderabad,Website,Express,4,Net Banking,Cancelled,-1214.36,,,
O01374,8/4/2025,C0258,P027,4,28490,30,79772,68879.46,West,Telangana,Hyderabad,Website,Express,7,Card,Delivered,10892.54,,,
O01375,17/04/2025,C0142,P028,2,29865,5,56743.5,43980.86,West,Telangana,Hyderabad,Website,Standard,1,COD,Cancelled,12762.64,,,
O01376,25/02/2025,C0238,P027,3,43956,0,131868,113215.57,West,Telangana,Hyderabad,Marketplace,Express,7,COD,Delivered,18652.43,,,
O01377,5/13/2025,C0356,P005,1,31044,35,21730.8,21412.18,South,Telangana,Hyderabad,Marketplace,Same Day,4,Net Banking,Delivered,318.62,,,
O01378,3/7/2025,C0492,P019,2,14378,10,25880.4,23042.6,South,Telangana,Hyderabad,Website,Standard,2,Net Banking,Delivered,2837.8,,,
O01379,8/5/2025,Unknown,P035,4,33223,0,132892,94355.94,West,Maharashtra,Mumbai,Marketplace,Same Day,7,Net Banking,Cancelled,38536.06,,,
O01380,5/30/2025,C0280,P019,5,16986,0,84930,51024.25,North,Telangana,Hyderabad,Marketplace,Express,2,COD,Delivered,33905.75,,,
O01381,9/3/2025,C0106,P034,3,45547,30,95648.7,127271.99,South,Telangana,Hyderabad,Marketplace,Same Day,2,Net Banking,Delivered,-31623.29,,,
O01382,22/03/2025,Unknown,P015,3,36007,5,102619.95,95735.14,East,Telangana,Hyderabad,Mobile App,Express,2,Net Banking,Delivered,6884.81,,,
O01383,26/08/2025,C0187,P038,3,10979,0,32937,30472.62,North,Telangana,Hyderabad,Marketplace,Standard,3,COD,Delivered,2464.38,,,
O01384,3/6/2025,C0365,P016,1,1781,30,1246.7,1094.51,South,Telangana,Hyderabad,Website,Standard,Not Delivered,UPI,Cancelled,152.19,,,
O01385,7/4/2025,C0058,P046,3,39962,-5,119886,92243.51,North,Maharashtra,Pune,Marketplace,Standard,2,Card,Cancelled,27642.49,,,
O01386,7/20/2025,C0406,P002,2,9683,35,13556.2,14950.22,West,Maharashtra,Mumbai,Mobile App,Standard,2,COD,Cancelled,-1394.02,,,
O01387,5/2/2025,C0179,P033,2,40834,5,77584.6,51944.79,North,Maharashtra,Mumbai,Mobile App,Express,1,Card,Delivered,25639.81,,,
O01388,2/8/2025,C0435,P039,4,40375,10,145350,100469.24,North,Telangana,Hyderabad,Mobile App,Standard,7,COD,Delivered,44880.76,,,
O01389,24/02/2025,C0214,P019,2,11484,30,16077.6,19650.99,South,Telangana,Hyderabad,Marketplace,Express,7,Card,Delivered,-3573.39,,,
O01390,5/5/2025,C0218,P001,5,48497,20,193988,145685.65,North,Maharashtra,Mumbai,Mobile App,Express,6,Card,Delivered,48302.35,,,
O01391,3/30/2025,C0205,P028,4,8119,5,30852.2,26269.28,East,Telangana,Hyderabad,Website,Same Day,5,Card,Delivered,4582.92,,,
O01392,3/19/2025,C0338,P037,1,18128,0,18128,16631.9,North,Telangana,Hyderabad,Mobile App,Standard,1,COD,Delivered,1496.1,,,
O01393,9/6/2025,C0328,P024,1,20847,20,16677.6,19456.35,North,Maharashtra,Mumbai,Mobile App,Express,1,Net Banking,Cancelled,-2778.75,,,
O01394,6/15/2025,C0319,P020,1,35282,-5,35282,29088.05,East,Maharashtra,Mumbai,Mobile App,Express,3,Card,Delivered,6193.95,,,
O01395,10/2/2025,C0390,P025,5,49570,15,210672.5,173753.68,West,Maharashtra,Pune,Marketplace,Express,Not Delivered,Card,Cancelled,36918.82,,,
O01396,13/12/2025,C0152,P026,4,32157,0,128628,118772.53,North,Telangana,Hyderabad,Website,Express,6,Net Banking,Delivered,9855.47,,,
O01397,22/11/2025,C0448,P040,4,18438,25,55314,48412.07,North,Telangana,Hyderabad,Marketplace,Standard,6,Card,Delivered,6901.93,,,
O01398,9/30/2025,C0166,P033,5,17853,25,66948.75,82546.91,West,Telangana,Hyderabad,Website,Express,2,Card,Delivered,-15598.16,,,
O01399,5/7/2025,Unknown,P011,3,14985,10,40459.5,33685.73,North,Telangana,Hyderabad,Website,Express,7,Net Banking,Cancelled,6773.77,,,
O01400,3/14/2025,C0250,P030,3,38720,20,92928,71488.3,North,Telangana,Hyderabad,Marketplace,Express,1,Card,Cancelled,21439.7,,,
O01401,6/22/2025,C0219,P021,5,29726,30,104041,140237.43,West,Telangana,Hyderabad,Marketplace,Express,5,COD,Delivered,-36196.43,,,
O01402,8/3/2025,C0196,P040,5,11053,0,55265,50487.28,North,Telangana,Hyderabad,Website,Express,4,UPI,Cancelled,4777.72,,,
O01403,1/6/2025,C0071,P038,3,22313,5,63592.05,47437.77,East,Telangana,Hyderabad,Marketplace,Express,7,Card,Delivered,16154.28,,,
O01404,6/10/2025,C0067,P023,1,18507,0,18507,14625.19,East,Telangana,Hyderabad,Website,Express,7,Net Banking,Delivered,3881.81,,,
O01405,12/5/2025,C0003,P021,5,32935,15,139973.75,147917,North,Maharashtra,Mumbai,Website,Standard,1,Card,Delivered,-7943.25,,,
O01406,1/2/2025,C0339,P037,1,9505,15,8079.25,8630.27,West,Maharashtra,Pune,Website,Same Day,2,Card,Delivered,-551.02,,,
O01407,23/07/2025,C0020,P018,3,14654,5,41763.9,39247.88,West,Telangana,Hyderabad,Website,Standard,5,COD,Cancelled,2516.02,,,
O01408,10/6/2025,C0390,P044,5,23361,15,99284.25,78452.53,East,Karnataka,Bengaluru,Website,Standard,7,Card,Delivered,20831.72,,,
O01409,10/5/2025,C0020,P015,5,36865,30,129027.5,142332.88,East,Telangana,Hyderabad,Mobile App,Standard,2,Card,Cancelled,-13305.38,,,
O01410,8/19/2025,C0287,P012,2,27227,20,43563.2,45659.34,East,Telangana,Hyderabad,Marketplace,Same Day,2,Card,Delivered,-2096.14,,,
O01411,7/27/2025,C0125,P037,5,34423,5,163509.25,159576.99,North,Telangana,Hyderabad,Website,Express,2,Card,Cancelled,3932.26,,,
O01412,12/5/2025,Unknown,P033,1,35045,-5,35045,21523.97,South,Telangana,Hyderabad,Marketplace,Express,4,Card,Cancelled,13521.03,,,
O01413,4/21/2025,C0374,P028,3,42114,25,94756.5,114210.17,South,Telangana,Hyderabad,Website,Express,3,Net Banking,Delivered,-19453.67,,,
O01414,1/20/2025,C0012,P015,4,20189,10,72680.4,49570.1,North,Telangana,Hyderabad,Marketplace,Express,7,COD,Cancelled,23110.3,,,
O01415,7/4/2025,C0483,P041,4,34856,5,132452.8,109441.29,North,Maharashtra,Mumbai,Mobile App,Standard,5,Card,Delivered,23011.51,,,
O01416,8/10/2025,C0253,P014,3,42308,15,107885.4,119379.56,East,Karnataka,Bengaluru,Marketplace,Express,7,Net Banking,Delivered,-11494.16,,,
O01417,4/7/2025,C0242,P027,3,40293,15,102747.15,113180.31,North,Telangana,Hyderabad,Website,Standard,1,UPI,Delivered,-10433.16,,,
O01418,9/24/2025,C0426,P001,4,41599,25,124797,132633.85,West,Telangana,Hyderabad,Marketplace,Standard,3,Net Banking,Delivered,-7836.85,,,
O01419,12/20/2025,C0304,P016,5,10945,35,38307.5,32984.63,West,Telangana,Hyderabad,Marketplace,Express,6,Net Banking,Delivered,5322.87,,,
O01420,1/9/2025,C0347,P009,1,31781,15,27013.85,20863.74,East,Maharashtra,Mumbai,Website,Express,7,UPI,Cancelled,6150.11,,,
O01421,3/24/2025,C0220,P035,5,16132,-5,80660,69738.97,South,Karnataka,Bengaluru,Mobile App,Express,3,Card,Delivered,10921.03,,,
O01422,6/13/2025,C0010,P013,5,21586,0,107930,70620.82,North,Maharashtra,Pune,Marketplace,Express,3,Card,Cancelled,37309.18,,,
O01423,1/12/2025,C0067,P009,4,30319,5,115212.2,90798.43,South,Telangana,Hyderabad,Mobile App,Express,3,Card,Delivered,24413.77,,,
O00204,4/29/2025,C0232,P030,4,41276,5,156848.8,109511.94,South,Karnataka,Bengaluru,Website,Same Day,5,Card,Delivered,47336.86,,,
O01425,17/12/2025,C0205,P037,5,29753,30,104135.5,114767.63,West,Telangana,Hyderabad,Mobile App,Express,2,COD,Delivered,-10632.13,,,
O01426,22/04/2025,C0197,P040,3,10585,30,22228.5,22559.29,West,Maharashtra,Pune,Marketplace,Standard,6,Card,Cancelled,-330.79,,,
O01427,6/2/2025,C0461,P037,2,38209,-5,76418,48912.56,West,Karnataka,Bengaluru,Website,Express,2,UPI,Delivered,27505.44,,,
O01428,24/04/2025,C0499,P012,5,11966,-5,59830,53488.03,North,Telangana,Hyderabad,Marketplace,Express,7,COD,Cancelled,6341.97,,,
O01429,11/8/2025,C0489,P035,5,25182,35,88137,119015.56,East,Telangana,Hyderabad,Marketplace,Express,1,Card,Cancelled,-30878.56,,,
O01430,8/23/2025,C0157,P013,5,21252,35,74382,72064.15,South,Karnataka,Bengaluru,Marketplace,Same Day,7,Card,Delivered,2317.85,,,
O01431,10/27/2025,C0279,P043,3,2679,20,6429.6,4984.02,North,Telangana,Hyderabad,Marketplace,Standard,5,Net Banking,Delivered,1445.58,,,
O01432,9/5/2025,C0150,P028,1,6070,20,4856,5073.31,East,Telangana,Hyderabad,Marketplace,Express,7,Card,Cancelled,-217.31,,,
O01433,11/19/2025,C0144,P009,5,19016,5,90326,83021.66,West,Telangana,Hyderabad,Website,Same Day,7,Card,Cancelled,7304.34,,,
O01434,10/14/2025,C0238,P006,4,20096,10,72345.6,52124.96,East,Telangana,Hyderabad,Mobile App,Express,4,UPI,Cancelled,20220.64,,,
O01435,4/3/2025,C0467,P039,2,8931,20,14289.6,12664.2,East,Telangana,Hyderabad,Website,Express,5,COD,Cancelled,1625.4,,,
O01436,4/3/2025,C0122,P021,2,36607,25,54910.5,48074.68,West,Telangana,Hyderabad,Website,Standard,6,COD,Cancelled,6835.82,,,
O01437,10/10/2025,C0280,P025,3,36553,35,76761.3,82825.51,North,Karnataka,Bengaluru,Mobile App,Express,3,Card,Cancelled,-6064.21,,,
O01438,9/9/2025,C0461,P048,3,34901,5,99467.85,96762.49,West,Telangana,Hyderabad,Marketplace,Same Day,1,Net Banking,Cancelled,2705.36,,,
O01439,10/5/2025,C0206,P004,2,44612,-5,89224,82145.35,North,Telangana,Hyderabad,Marketplace,Same Day,4,Net Banking,Delivered,7078.65,,,
O01440,7/11/2025,C0423,P017,4,1091,25,3273,3221.3,East,Maharashtra,Mumbai,Website,Same Day,1,Net Banking,Delivered,51.7,,,
O01441,8/8/2025,C0277,P025,3,34348,10,92739.6,77924.25,South,Telangana,Hyderabad,Marketplace,Standard,1,Card,Delivered,14815.35,,,
O01442,3/16/2025,C0046,P029,2,33360,0,66720,60240.87,West,Karnataka,Bengaluru,Marketplace,Same Day,5,Card,Delivered,6479.13,,,
O01443,11/27/2025,C0150,P003,4,41108,5,156210.4,138313.84,West,Telangana,Hyderabad,Marketplace,Same Day,6,COD,Delivered,17896.56,,,
O01444,5/27/2025,C0432,P050,4,26367,5,100194.6,74651.27,North,Telangana,Hyderabad,Marketplace,Express,1,COD,Delivered,25543.33,,,
O01445,1/25/2025,C0116,P031,2,14971,35,20959.4,26490.3,West,Telangana,Hyderabad,Website,Express,1,Net Banking,Delivered,-5530.9,,,
O01446,6/5/2025,C0169,P002,2,4291,5,8152.9,7270.09,West,Telangana,Hyderabad,Marketplace,Express,3,Card,Cancelled,882.81,,,
O01447,9/9/2025,C0490,P049,5,37041,-5,185205,145249.88,North,Maharashtra,Mumbai,Website,Express,1,Net Banking,Delivered,39955.12,,,
O01448,9/21/2025,C0062,P048,4,47016,25,141048,176367.93,South,Telangana,Hyderabad,Mobile App,Express,2,Card,Delivered,-35319.93,,,
O01449,3/1/2025,C0176,P019,4,35408,0,141632,132087.97,East,Maharashtra,Pune,Mobile App,Same Day,5,COD,Delivered,9544.03,,,
O01450,8/26/2025,C0201,P002,3,15745,30,33064.5,36728.59,East,Telangana,Hyderabad,Marketplace,Express,7,COD,Delivered,-3664.09,,,
O01451,10/13/2025,C0012,P015,4,35523,10,127882.8,108752.08,North,Telangana,Hyderabad,Mobile App,Standard,2,Card,Cancelled,19130.72,,,
O01452,24/12/2025,C0219,P030,1,31800,25,23850,23641.31,West,Telangana,Hyderabad,Website,Express,7,Card,Delivered,208.69,,,
O01453,9/11/2025,C0374,P037,1,17985,0,17985,13158.3,North,Karnataka,Bengaluru,Mobile App,Express,4,COD,Delivered,4826.7,,,
O01454,1/28/2025,C0177,P013,4,26224,0,104896,64760.29,East,Telangana,Hyderabad,Website,Express,3,UPI,Delivered,40135.71,,,
O01455,10/11/2025,C0488,P035,5,7554,0,37770,33843.76,North,Telangana,Hyderabad,Website,Express,1,Net Banking,Delivered,3926.24,,,
O01456,6/22/2025,C0413,P033,3,26534,25,59701.5,64932.54,East,Telangana,Hyderabad,Marketplace,Express,7,Card,Cancelled,-5231.04,,,
O01457,29/07/2025,C0050,P013,1,39003,10,35102.7,28334.58,East,Maharashtra,Pune,Website,Express,2,Card,Delivered,6768.12,,,
O01458,7/8/2025,C0081,P034,1,1394,-5,1394,1253.22,West,Telangana,Hyderabad,Mobile App,Express,1,Net Banking,Delivered,140.78,,,
O01459,1/12/2025,C0030,P027,3,18106,5,51602.1,45166.12,North,Karnataka,Bengaluru,Marketplace,Express,3,Card,Delivered,6435.98,,,
O01460,8/30/2025,C0362,P039,2,39453,5,74960.7,52217.62,East,Telangana,Hyderabad,Website,Express,4,Card,Delivered,22743.08,,,
O01461,2/9/2025,C0198,P014,1,42823,0,42823,40081.77,North,Telangana,Hyderabad,Marketplace,Standard,5,Net Banking,Cancelled,2741.23,,,
O01462,2/5/2025,C0131,P017,1,41805,15,35534.25,30938.27,North,Telangana,Hyderabad,Mobile App,Express,5,Card,Cancelled,4595.98,,,
O01463,3/19/2025,C0105,P049,3,6531,0,19593,12291.28,North,Telangana,Hyderabad,Mobile App,Standard,3,COD,Cancelled,7301.72,,,
O01464,10/9/2025,C0235,P047,3,36545,35,76744.5,75062.53,South,Telangana,Hyderabad,Website,Express,4,UPI,Delivered,1681.97,,,
O01465,7/29/2025,C0002,P024,3,14571,30,30599.1,31309.58,North,Karnataka,Bengaluru,Website,Express,2,UPI,Delivered,-710.48,,,
O01466,8/31/2025,C0047,P007,5,17897,0,89485,68886.93,North,Telangana,Hyderabad,Website,Express,1,UPI,Cancelled,20598.07,,,
O01467,23/06/2025,C0453,P030,4,44485,5,169043,115827.08,South,Telangana,Hyderabad,Marketplace,Standard,2,COD,Delivered,53215.92,,,
O01468,8/20/2025,C0318,P021,1,23801,0,23801,14853.48,West,Telangana,Hyderabad,Website,Same Day,3,Card,Delivered,8947.52,,,
O01469,9/3/2025,C0356,P025,3,10648,0,31944,22829.94,South,Maharashtra,Pune,Marketplace,Express,1,Card,Delivered,9114.06,,,
O01470,1/31/2025,C0280,P031,1,3143,5,2985.85,2832.78,North,Telangana,Hyderabad,Mobile App,Standard,7,UPI,Cancelled,153.07,,,
O01471,13/05/2025,C0217,P049,4,12767,0,51068,43237.54,East,Maharashtra,Mumbai,Marketplace,Same Day,4,Net Banking,Delivered,7830.46,,,
O01472,9/30/2025,C0280,P043,4,33661,0,134644,83365.58,South,Telangana,Hyderabad,Website,Express,7,Net Banking,Delivered,51278.42,,,
O01473,5/29/2025,C0078,P038,1,24126,30,16888.2,17977.98,South,Telangana,Hyderabad,Marketplace,Same Day,2,UPI,Cancelled,-1089.78,,,
O01474,1/9/2025,C0453,P040,3,11761,10,31754.7,21868.87,North,Maharashtra,Mumbai,Mobile App,Standard,1,COD,Delivered,9885.83,,,
O01475,9/8/2025,C0217,P034,2,33708,30,47191.2,61222.22,North,Karnataka,Bengaluru,Marketplace,Standard,3,Card,Cancelled,-14031.02,,,
O01476,12/25/2025,C0092,P017,1,28134,25,21100.5,18181.41,West,Telangana,Hyderabad,Website,Express,7,Card,Cancelled,2919.09,,,
O01477,1/19/2025,C0323,P046,3,2084,20,5001.6,5178.91,South,Telangana,Hyderabad,Mobile App,Standard,2,Card,Delivered,-177.31,,,
O01478,10/11/2025,C0367,P005,1,36600,15,31110,29763.71,East,Telangana,Hyderabad,Website,Express,4,Net Banking,Cancelled,1346.29,,,
O01479,9/8/2025,C0404,P014,5,40998,-5,204990,124000.33,North,Telangana,Hyderabad,Mobile App,Standard,2,UPI,Cancelled,80989.67,,,
O01480,25/08/2025,C0015,P003,4,30271,30,84758.8,93598.11,West,Karnataka,Bengaluru,Website,Same Day,3,COD,Delivered,-8839.31,,,
O01481,12/14/2025,C0217,P019,2,26466,5,50285.4,39970.56,East,Karnataka,Bengaluru,Website,Same Day,2,Net Banking,Cancelled,10314.84,,,
O01482,9/8/2025,C0280,P020,3,49513,15,126258.15,113288.45,East,Telangana,Hyderabad,Mobile App,Same Day,7,UPI,Delivered,12969.7,,,
O01483,11/10/2025,C0126,P034,2,17869,35,25016.6,32821.25,North,Telangana,Hyderabad,Website,Express,2,COD,Cancelled,-7804.65,,,
O01484,5/15/2025,C0221,P023,5,25050,15,106462.5,116681.48,North,Telangana,Hyderabad,Mobile App,Express,2,Card,Delivered,-10218.98,,,
O01485,1/1/2025,Unknown,P041,4,39006,-5,156024,130648.64,North,Telangana,Hyderabad,Marketplace,Standard,4,Card,Delivered,25375.36,,,
O01486,8/29/2025,C0346,P037,5,45376,0,226880,166189.1,West,Maharashtra,Pune,Marketplace,Express,6,COD,Delivered,60690.9,,,
O01487,25/05/2025,C0205,P003,2,36556,15,62145.2,67880.71,South,Telangana,Hyderabad,Website,Same Day,5,Card,Cancelled,-5735.51,,,
O01488,21/08/2025,C0174,P016,4,19218,0,76872,53225.33,East,Telangana,Hyderabad,Mobile App,Express,5,Net Banking,Cancelled,23646.67,,,
O01489,6/8/2025,C0492,P022,4,49247,5,187138.6,182155.34,North,Telangana,Hyderabad,Mobile App,Express,2,UPI,Delivered,4983.26,,,
O02328,10/30/2025,C0076,P031,3,16804,20,40329.6,44268.89,North,Telangana,Hyderabad,Website,Standard,2,COD,Delivered,-3939.29,,,
O01491,3/30/2025,C0480,P033,4,29434,-5,117736,103557.81,South,Telangana,Hyderabad,Marketplace,Express,4,Net Banking,Delivered,14178.19,,,
O01492,6/2/2025,C0003,P023,2,6336,30,8870.4,7910.29,South,Telangana,Hyderabad,Website,Standard,7,COD,Cancelled,960.11,,,
O01493,5/25/2025,C0107,P007,4,26822,5,101923.6,81792.91,South,Karnataka,Bengaluru,Mobile App,Express,3,Card,Delivered,20130.69,,,
O01912,7/3/2025,C0205,P043,2,15349,0,30698,26261.47,West,Telangana,Hyderabad,Mobile App,Express,1,Card,Delivered,4436.53,,,
O01495,4/29/2025,C0450,P044,4,19156,30,53636.8,50460.87,West,Telangana,Hyderabad,Mobile App,Standard,5,Card,Cancelled,3175.93,,,
O01496,15/11/2025,C0457,P019,4,12367,5,46994.6,37693.99,North,Telangana,Hyderabad,Marketplace,Standard,3,Card,Delivered,9300.61,,,
O01497,1/1/2025,C0264,P014,1,49213,25,36909.75,43131.87,South,Telangana,Hyderabad,Marketplace,Express,4,Net Banking,Delivered,-6222.12,,,
O01498,11/11/2025,C0471,P002,1,29621,0,29621,27007,South,Telangana,Hyderabad,Marketplace,Standard,1,Card,Delivered,2614,,,
O01499,10/11/2025,C0206,P050,1,13287,35,9300.9,9270.61,South,Karnataka,Bengaluru,Website,Express,2,COD,Cancelled,30.29,,,
O01500,12/9/2025,C0235,P021,2,8908,0,17816,12653.66,East,Maharashtra,Pune,Mobile App,Express,5,COD,Delivered,5162.34,,,
O01501,12/9/2025,C0303,P025,2,25206,20,40329.6,41830.02,West,Maharashtra,Mumbai,Website,Same Day,1,Net Banking,Cancelled,-1500.42,,,
O01502,7/5/2025,C0245,P007,1,12311,-5,12311,7747.29,West,Telangana,Hyderabad,Website,Express,3,Card,Cancelled,4563.71,,,
O01503,12/24/2025,C0470,P048,1,47629,15,40484.65,38542.91,North,Telangana,Hyderabad,Marketplace,Same Day,2,UPI,Delivered,1941.74,,,
O01504,12/20/2025,C0483,P010,2,5108,-5,10216,9435.26,South,Telangana,Hyderabad,Website,Express,4,Net Banking,Delivered,780.74,,,
O02334,1/15/2025,C0277,P043,2,29202,-5,58404,44969.81,South,Telangana,Hyderabad,Mobile App,Standard,4,Card,Cancelled,13434.19,,,
O01506,11/13/2025,C0314,P001,4,39126,10,140853.6,148030.59,West,Telangana,Hyderabad,Website,Express,4,Card,Delivered,-7176.99,,,
O01507,7/16/2025,C0017,P029,2,32400,5,61560,55337.79,North,Telangana,Hyderabad,Mobile App,Express,Not Delivered,Card,Cancelled,6222.21,,,
O01508,7/19/2025,C0239,P050,1,6272,-5,6272,3858.96,North,Telangana,Hyderabad,Marketplace,Same Day,3,Card,Cancelled,2413.04,,,
O01509,8/11/2025,C0330,P008,4,30395,-5,121580,107187.61,West,Telangana,Hyderabad,Mobile App,Standard,6,Card,Cancelled,14392.39,,,
O01510,1/10/2025,C0132,P036,2,34272,15,58262.4,43030.01,North,Telangana,Hyderabad,Website,Express,5,UPI,Cancelled,15232.39,,,
O01511,7/17/2025,C0479,P008,2,9663,30,13528.2,16903.08,East,Karnataka,Bengaluru,Mobile App,Express,3,Card,Delivered,-3374.88,,,
O01512,2/1/2025,C0136,P035,3,41881,10,113078.7,114769.38,South,Telangana,Hyderabad,Marketplace,Express,3,Card,Cancelled,-1690.68,,,
O01513,24/08/2025,C0329,P038,1,31825,10,28642.5,22041.37,East,Telangana,Hyderabad,Marketplace,Express,1,UPI,Delivered,6601.13,,,
O01514,9/10/2025,C0249,P007,2,48881,5,92873.9,90826.28,North,Telangana,Hyderabad,Website,Standard,7,COD,Delivered,2047.62,,,
O01515,3/26/2025,C0110,P021,1,45745,20,36596,43269.32,West,Telangana,Hyderabad,Mobile App,Same Day,1,Card,Delivered,-6673.32,,,
O01516,27/05/2025,C0359,P030,1,24575,35,17202.5,21909.84,East,Telangana,Hyderabad,Mobile App,Express,5,Net Banking,Delivered,-4707.34,,,
O01517,2/20/2025,C0318,P006,1,15486,10,13937.4,9858.56,West,Telangana,Hyderabad,Website,Express,3,Card,Delivered,4078.84,,,
O01518,1/14/2025,C0120,P032,4,8431,0,33724,26922.16,East,Maharashtra,Mumbai,Mobile App,Express,1,UPI,Cancelled,6801.84,,,
O01519,27/09/2025,C0452,P032,5,37241,15,158274.25,142746.17,North,Karnataka,Bengaluru,Mobile App,Express,7,UPI,Delivered,15528.08,,,
O01520,7/9/2025,C0115,P048,1,2916,15,2478.6,2070.9,East,Telangana,Hyderabad,Marketplace,Standard,4,Card,Delivered,407.7,,,
O01521,4/5/2025,C0062,P013,1,34427,20,27541.6,32278.56,South,Telangana,Hyderabad,Marketplace,Express,4,Card,Delivered,-4736.96,,,
O01522,27/08/2025,Unknown,P035,4,1213,30,3396.4,3954.64,North,Maharashtra,Mumbai,Website,Express,3,UPI,Delivered,-558.24,,,
O01523,3/7/2025,C0160,P020,2,1325,35,1855,1875.88,West,Maharashtra,Pune,Marketplace,Express,4,COD,Cancelled,-20.88,,,
O01524,7/1/2025,C0361,P017,5,14859,30,52006.5,70452.93,North,Telangana,Hyderabad,Website,Express,5,Card,Cancelled,-18446.43,,,
O01525,7/16/2025,C0105,P039,3,34794,20,83505.6,69027.66,North,Telangana,Hyderabad,Marketplace,Express,6,Card,Cancelled,14477.94,,,
O01526,1/27/2025,C0429,P026,1,48512,5,46086.4,37275.98,South,Maharashtra,Mumbai,Mobile App,Same Day,3,Card,Cancelled,8810.42,,,
O01527,12/4/2025,C0270,P008,3,26738,20,64171.2,63103.97,North,Telangana,Hyderabad,Marketplace,Express,3,COD,Cancelled,1067.23,,,
O01528,11/9/2025,C0385,P007,1,22167,25,16625.25,15190.94,South,Maharashtra,Mumbai,Website,Express,6,Net Banking,Delivered,1434.31,,,
O01529,9/4/2025,C0272,P019,3,1960,5,5586,4943.2,South,Telangana,Hyderabad,Website,Standard,2,UPI,Cancelled,642.8,,,
O01530,3/22/2025,C0183,P025,1,15805,10,14224.5,13102.84,North,Maharashtra,Mumbai,Marketplace,Express,7,UPI,Delivered,1121.66,,,
O01531,9/18/2025,C0032,P031,5,37489,20,149956,171750.94,East,Telangana,Hyderabad,Mobile App,Express,7,Card,Cancelled,-21794.94,,,
O01532,9/21/2025,C0127,P001,4,24224,35,67827.2,68481.41,North,Maharashtra,Pune,Website,Express,5,UPI,Delivered,-654.21,,,
O01533,10/12/2025,Unknown,P003,3,22645,0,67935,59874.64,North,Karnataka,Bengaluru,Marketplace,Express,4,Card,Delivered,8060.36,,,
O01534,7/6/2025,C0082,P006,2,23627,20,37803.2,38054.97,North,Telangana,Hyderabad,Marketplace,Express,4,COD,Cancelled,-251.77,,,
O01535,10/26/2025,C0447,P032,4,29401,15,99963.4,88065.7,North,Telangana,Hyderabad,Mobile App,Same Day,7,Card,Cancelled,11897.7,,,
O01536,9/25/2025,C0295,P029,4,39936,20,127795.2,127414.48,East,Telangana,Hyderabad,Website,Standard,4,Net Banking,Delivered,380.72,,,
O01537,29/12/2025,C0234,P046,3,28086,30,58980.6,77059.28,West,Telangana,Hyderabad,Marketplace,Express,2,Card,Delivered,-18078.68,,,
O01538,11/16/2025,C0416,P047,1,15403,35,10782.1,11837.75,South,Telangana,Hyderabad,Marketplace,Express,5,COD,Cancelled,-1055.65,,,
O01539,12/9/2025,C0162,P009,5,33099,-5,165495,151090.08,West,Telangana,Hyderabad,Mobile App,Standard,3,Net Banking,Cancelled,14404.92,,,
O01540,29/09/2025,C0089,P005,2,23660,0,47320,35500.29,North,Telangana,Hyderabad,Marketplace,Standard,4,COD,Delivered,11819.71,,,
O01541,23/07/2025,C0417,P025,1,23671,25,17753.25,17347.27,East,Telangana,Hyderabad,Mobile App,Express,5,Net Banking,Cancelled,405.98,,,
O01542,12/16/2025,C0259,P035,4,31650,5,120270,87875.46,East,Maharashtra,Mumbai,Website,Standard,4,Card,Delivered,32394.54,,,
O01543,10/22/2025,C0016,P044,5,4028,0,20140,13708.95,South,Telangana,Hyderabad,Mobile App,Same Day,7,Card,Delivered,6431.05,,,
O01544,8/17/2025,C0416,P031,3,11920,35,25032,28109.03,East,Maharashtra,Mumbai,Website,Standard,4,COD,Delivered,-3077.03,,,
O01545,9/16/2025,C0228,P010,4,3573,20,11433.6,8870.42,South,Telangana,Hyderabad,Website,Standard,1,Card,Delivered,2563.18,,,
O01546,5/20/2025,C0183,P022,5,29675,20,118700,102912.18,South,Telangana,Hyderabad,Website,Express,5,Card,Delivered,15787.82,,,
O01547,6/19/2025,C0103,P027,5,25065,10,112792.5,75871.56,West,Maharashtra,Mumbai,Mobile App,Express,5,COD,Delivered,36920.94,,,
O01548,10/20/2025,C0218,P001,1,20680,25,15510,16264.12,South,Telangana,Hyderabad,Website,Express,1,UPI,Cancelled,-754.12,,,
O01549,10/16/2025,C0100,P033,3,1926,30,4044.6,4443.97,East,Karnataka,Bengaluru,Website,Express,2,COD,Delivered,-399.37,,,
O01550,12/31/2025,C0408,P026,4,26905,25,80715,83061.32,East,Telangana,Hyderabad,Marketplace,Express,1,Card,Cancelled,-2346.32,,,
O01551,18/01/2025,C0391,P026,5,10140,30,35490,32470.43,North,Telangana,Hyderabad,Mobile App,Express,2,Net Banking,Delivered,3019.57,,,
O01552,30/12/2025,C0332,P020,1,1087,-5,1087,735.03,South,Telangana,Hyderabad,Mobile App,Standard,3,UPI,Cancelled,351.97,,,
O01553,3/19/2025,C0077,P041,1,9865,15,8385.25,9252.15,South,Karnataka,Bengaluru,Website,Express,4,UPI,Delivered,-866.9,,,
O01554,10/18/2025,C0001,P046,5,10925,25,40968.75,38625.64,East,Telangana,Hyderabad,Website,Standard,4,Card,Delivered,2343.11,,,
O01555,7/20/2025,C0137,P005,2,42268,0,84536,51614.18,West,Telangana,Hyderabad,Website,Standard,6,Net Banking,Delivered,32921.82,,,
O01556,5/18/2025,C0153,P025,1,2632,10,2368.8,2331.22,North,Telangana,Hyderabad,Mobile App,Express,5,Card,Delivered,37.58,,,
O01557,14/06/2025,C0261,P031,5,36155,5,171736.25,167670.19,East,Telangana,Hyderabad,Marketplace,Same Day,3,COD,Delivered,4066.06,,,
O01558,1/20/2025,C0337,P047,3,47862,35,100510.2,130836.26,South,Telangana,Hyderabad,Mobile App,Express,3,Net Banking,Cancelled,-30326.06,,,
O01559,4/4/2025,C0471,P035,3,35285,15,89976.75,100331.19,East,Telangana,Hyderabad,Website,Standard,2,COD,Cancelled,-10354.44,,,
O01560,3/17/2025,C0019,P014,2,21517,35,30123.8,29548.67,South,Telangana,Hyderabad,Website,Standard,4,UPI,Delivered,575.13,,,
O01561,8/24/2025,C0468,P045,4,32834,0,131336,103482.43,East,Telangana,Hyderabad,Marketplace,Express,6,Card,Delivered,27853.57,,,
O01562,9/28/2025,C0028,P050,2,36868,0,73736,49900.26,West,Telangana,Hyderabad,Website,Express,1,Card,Delivered,23835.74,,,
O01563,21/04/2025,C0105,P014,1,17424,0,17424,16135.61,East,Karnataka,Bengaluru,Website,Express,1,UPI,Delivered,1288.39,,,
O01564,11/2/2025,C0040,P029,1,46254,35,32377.8,27822,North,Telangana,Hyderabad,Mobile App,Standard,7,COD,Cancelled,4555.8,,,
O01565,12/11/2025,C0353,P029,4,43548,25,130644,133892,West,Telangana,Hyderabad,Marketplace,Express,6,Card,Delivered,-3248,,,
O01566,8/22/2025,C0410,P039,2,16014,0,32028,23271.76,West,Telangana,Hyderabad,Mobile App,Express,6,Card,Cancelled,8756.24,,,
O01567,14/05/2025,C0172,P011,4,47934,0,191736,126238.79,East,Maharashtra,Mumbai,Mobile App,Express,3,Card,Cancelled,65497.21,,,
O01568,12/21/2025,C0216,P011,5,31579,20,126316,113291.98,South,Telangana,Hyderabad,Website,Standard,7,Card,Cancelled,13024.02,,,
O01569,10/3/2025,C0458,P031,3,30871,35,64829.1,80839.95,East,Telangana,Hyderabad,Marketplace,Same Day,7,Card,Delivered,-16010.85,,,
O01570,1/15/2025,C0231,P030,3,37125,35,77962.5,95077.3,East,Karnataka,Bengaluru,Mobile App,Express,3,Net Banking,Cancelled,-17114.8,,,
O01571,7/15/2025,C0084,P025,3,10492,35,22033.2,23687.39,North,Karnataka,Bengaluru,Marketplace,Express,2,Net Banking,Cancelled,-1654.19,,,
O01572,7/25/2025,C0258,P029,2,10522,0,21044,16021.2,North,Karnataka,Bengaluru,Mobile App,Express,7,Net Banking,Cancelled,5022.8,,,
O01573,17/12/2025,C0404,P002,1,24742,30,17319.4,22061.28,East,Karnataka,Bengaluru,Website,Standard,2,Card,Delivered,-4741.88,,,
O01574,10/14/2025,C0140,P006,4,45592,0,182368,141271.24,West,Maharashtra,Pune,Mobile App,Express,2,Net Banking,Delivered,41096.76,,,
O01575,4/22/2025,C0399,P010,2,30295,15,51501.5,39066.78,North,Maharashtra,Mumbai,Website,Same Day,2,Card,Delivered,12434.72,,,
O01576,11/14/2025,C0387,P015,5,19654,35,68789,65895.12,East,Telangana,Hyderabad,Website,Express,3,COD,Delivered,2893.88,,,
O01577,1/5/2025,C0318,P027,1,44322,10,39889.8,32820.03,North,Telangana,Hyderabad,Website,Standard,6,Net Banking,Cancelled,7069.77,,,
O01578,11/21/2025,C0327,P025,3,41639,0,124917,79960.6,West,Maharashtra,Mumbai,Website,Standard,4,Net Banking,Delivered,44956.4,,,
O01579,2/9/2025,C0152,P019,3,9939,30,20871.9,19263.38,West,Telangana,Hyderabad,Mobile App,Express,4,Net Banking,Cancelled,1608.52,,,
O01580,8/22/2025,C0084,P010,1,5888,35,4121.6,4530.99,East,Telangana,Hyderabad,Website,Express,6,Net Banking,Cancelled,-409.39,,,
O01581,10/25/2025,C0272,P007,1,38438,0,38438,31563.11,North,Maharashtra,Pune,Mobile App,Express,3,COD,Cancelled,6874.89,,,
O01582,11/4/2025,C0054,P043,1,19444,0,19444,16926.85,South,Telangana,Hyderabad,Mobile App,Express,4,Net Banking,Delivered,2517.15,,,
O01583,26/04/2025,C0095,P041,1,49674,30,34771.8,38321.45,East,Maharashtra,Mumbai,Mobile App,Standard,6,COD,Delivered,-3549.65,,,
O01584,29/11/2025,C0022,P029,2,11000,0,22000,13831.73,West,Telangana,Hyderabad,Mobile App,Same Day,4,UPI,Delivered,8168.27,,,
O01585,3/8/2025,C0400,P011,3,16343,20,39223.2,38717.22,South,Telangana,Hyderabad,Website,Standard,3,UPI,Delivered,505.98,,,
O01586,3/25/2025,C0228,P018,4,21031,10,75711.6,65771.69,South,Telangana,Hyderabad,Website,Standard,4,Card,Cancelled,9939.91,,,
O01587,15/08/2025,C0271,P043,3,40919,30,85929.9,79503.74,North,Maharashtra,Pune,Mobile App,Express,1,Card,Delivered,6426.16,,,
O01588,6/3/2025,C0365,P041,5,20868,25,78255,62648.62,West,Telangana,Hyderabad,Marketplace,Standard,7,Net Banking,Cancelled,15606.38,,,
O01589,5/14/2025,C0444,P044,1,4781,35,3346.7,3203.85,West,Maharashtra,Pune,Mobile App,Standard,6,Card,Delivered,142.85,,,
O01590,5/14/2025,C0263,P016,5,15911,0,79555,71552.27,East,Telangana,Hyderabad,Website,Same Day,2,UPI,Delivered,8002.73,,,
O01591,1/12/2025,C0356,P036,5,38177,20,152708,121707,South,Telangana,Hyderabad,Mobile App,Express,1,Card,Cancelled,31001,,,
O01969,23/11/2025,C0149,P002,2,28893,0,57786,45782.28,East,Telangana,Hyderabad,Mobile App,Standard,4,Card,Delivered,12003.72,,,
O01593,12/11/2025,C0040,P049,2,40190,30,56266,65492.93,West,Telangana,Hyderabad,Marketplace,Same Day,3,Card,Delivered,-9226.93,,,
O01594,12/1/2025,C0420,P035,2,34456,20,55129.6,61832.87,North,Telangana,Hyderabad,Mobile App,Express,5,Net Banking,Delivered,-6703.27,,,
O01595,11/8/2025,C0076,P006,1,37420,30,26194,26465.47,North,Karnataka,Bengaluru,Website,Standard,4,Card,Delivered,-271.47,,,
O01596,5/27/2025,C0001,P006,1,40485,0,40485,35571.27,West,Telangana,Hyderabad,Mobile App,Express,4,Net Banking,Delivered,4913.73,,,
O01597,3/31/2025,C0326,P026,1,35851,25,26888.25,25198.43,South,Karnataka,Bengaluru,Website,Express,3,Card,Cancelled,1689.82,,,
O01598,1/9/2025,C0058,P042,1,12858,15,10929.3,11420.38,East,Telangana,Hyderabad,Website,Same Day,7,Net Banking,Delivered,-491.08,,,
O01599,6/18/2025,C0292,P043,4,34668,15,117871.2,122976.14,East,Maharashtra,Mumbai,Website,Express,6,Card,Cancelled,-5104.94,,,
O01600,11/12/2025,C0087,P007,4,37045,35,103726,98341.48,North,Maharashtra,Pune,Marketplace,Express,4,Net Banking,Delivered,5384.52,,,
O01601,10/22/2025,Unknown,P011,2,6698,0,13396,8367.94,South,Telangana,Hyderabad,Mobile App,Standard,2,Card,Cancelled,5028.06,,,
O01602,13/04/2025,C0384,P037,2,18826,0,37652,25688.12,West,Telangana,Hyderabad,Mobile App,Standard,4,Card,Delivered,11963.88,,,
O01603,9/13/2025,C0033,P024,4,49572,0,198288,138042.3,West,Telangana,Hyderabad,Website,Same Day,3,Net Banking,Delivered,60245.7,,,
O01604,2/10/2025,C0106,P026,4,21520,25,64560,67572.43,South,Telangana,Hyderabad,Mobile App,Same Day,1,COD,Delivered,-3012.43,,,
O01605,5/27/2025,C0213,P036,3,42580,10,114966,108162.96,North,Telangana,Hyderabad,Website,Standard,7,Net Banking,Delivered,6803.04,,,
O01606,2/16/2025,C0077,P024,3,23473,25,52814.25,43003.4,West,Maharashtra,Mumbai,Mobile App,Express,4,Net Banking,Delivered,9810.85,,,
O01607,3/14/2025,C0264,P049,4,47665,20,152528,179581.21,West,Telangana,Hyderabad,Marketplace,Express,5,COD,Cancelled,-27053.21,,,
O01608,12/10/2025,C0282,P039,4,28165,0,112660,97913.06,East,Telangana,Hyderabad,Mobile App,Express,3,Card,Delivered,14746.94,,,
O01609,21/12/2025,C0018,P030,3,30639,30,64341.9,74870.9,West,Telangana,Hyderabad,Mobile App,Express,4,Net Banking,Delivered,-10529,,,
O01610,6/4/2025,C0178,P042,5,42387,10,190741.5,196030.98,West,Telangana,Hyderabad,Marketplace,Standard,4,UPI,Delivered,-5289.48,,,
O01611,10/9/2025,C0097,P019,1,5628,15,4783.8,4524.2,East,Telangana,Hyderabad,Mobile App,Express,5,Net Banking,Cancelled,259.6,,,
O01612,16/04/2025,C0085,P033,2,12022,20,19235.2,20121.82,East,Maharashtra,Pune,Website,Standard,7,Card,Cancelled,-886.62,,,
O01613,15/03/2025,C0487,P001,4,14853,15,50500.2,49818.98,South,Telangana,Hyderabad,Mobile App,Same Day,7,Card,Delivered,681.22,,,
O01614,5/1/2025,C0104,P010,5,21907,20,87628,78600.07,West,Maharashtra,Mumbai,Website,Express,3,Card,Cancelled,9027.93,,,
O01615,1/9/2025,C0101,P011,2,6562,10,11811.6,9879.42,North,Telangana,Hyderabad,Mobile App,Express,7,COD,Delivered,1932.18,,,
O01616,2/10/2025,C0477,P036,5,38019,25,142571.25,171794.64,South,Telangana,Hyderabad,Website,Same Day,7,Card,Delivered,-29223.39,,,
O01617,7/30/2025,C0045,P034,5,44266,35,154931,146667.17,South,Telangana,Hyderabad,Website,Express,1,UPI,Cancelled,8263.83,,,
O01618,11/21/2025,C0232,P007,3,16326,15,41631.3,34562.39,North,Telangana,Hyderabad,Mobile App,Express,1,Card,Delivered,7068.91,,,
O01619,12/25/2025,C0008,P024,4,14567,5,55354.6,48743.09,South,Telangana,Hyderabad,Website,Standard,4,Card,Cancelled,6611.51,,,
O01620,5/22/2025,C0079,P050,4,45988,30,128766.4,130115.35,North,Telangana,Hyderabad,Mobile App,Express,4,UPI,Delivered,-1348.95,,,
O01621,7/17/2025,C0067,P031,1,37025,15,31471.25,32727.05,South,Telangana,Hyderabad,Website,Same Day,2,UPI,Delivered,-1255.8,,,
O01622,8/22/2025,C0043,P032,5,36916,10,166122,117990.68,West,Telangana,Hyderabad,Website,Standard,2,Card,Delivered,48131.32,,,
O01623,6/8/2025,C0275,P034,2,3306,5,6281.4,6039.7,East,Karnataka,Bengaluru,Mobile App,Express,5,COD,Cancelled,241.7,,,
O01624,7/10/2025,C0064,P016,4,20597,-5,82388,66781.13,West,Maharashtra,Pune,Marketplace,Express,6,COD,Delivered,15606.87,,,
O01625,1/10/2025,C0437,P022,2,4270,35,5978,6081.36,North,Telangana,Hyderabad,Mobile App,Same Day,5,COD,Delivered,-103.36,,,
O00379,29/09/2025,C0098,P032,1,20436,20,16348.8,14032.71,North,Telangana,Hyderabad,Website,Standard,6,UPI,Delivered,2316.09,,,
O01627,9/4/2025,C0490,P006,5,7975,15,33893.75,25418.69,North,Telangana,Hyderabad,Website,Express,1,UPI,Delivered,8475.06,,,
O01628,5/4/2025,C0050,P017,5,20638,0,103190,75426.87,North,Karnataka,Bengaluru,Marketplace,Express,2,UPI,Cancelled,27763.13,,,
O01629,1/15/2025,C0120,P041,4,44013,0,176052,114784.36,West,Maharashtra,Pune,Mobile App,Same Day,4,Card,Cancelled,61267.64,,,
O01630,12/16/2025,C0379,P008,1,17389,30,12172.3,11041.03,East,Telangana,Hyderabad,Mobile App,Standard,3,COD,Cancelled,1131.27,,,
O01631,3/27/2025,C0039,P032,1,31788,20,25430.4,25626.06,West,Telangana,Hyderabad,Mobile App,Express,3,UPI,Cancelled,-195.66,,,
O01632,8/12/2025,C0320,P046,3,14763,-5,44289,28491.03,North,Telangana,Hyderabad,Marketplace,Express,5,UPI,Cancelled,15797.97,,,
O01633,10/22/2025,C0244,P017,5,3202,35,11207,11338.54,North,Telangana,Hyderabad,Marketplace,Express,2,Card,Cancelled,-131.54,,,
O01634,5/24/2025,C0008,P050,3,39317,35,82565.7,103560.07,South,Telangana,Hyderabad,Marketplace,Same Day,7,UPI,Delivered,-20994.37,,,
O01635,1/2/2025,C0410,P035,5,6932,20,27728,22406.57,West,Telangana,Hyderabad,Mobile App,Express,7,COD,Delivered,5321.43,,,
O01636,1/7/2025,C0442,P002,4,26240,25,78720,88718.28,West,Telangana,Hyderabad,Mobile App,Express,3,COD,Cancelled,-9998.28,,,
O01637,7/5/2025,C0427,P038,4,49527,35,138675.6,163217.35,South,Telangana,Hyderabad,Website,Standard,4,COD,Cancelled,-24541.75,,,
O01638,6/29/2025,C0258,P017,1,9632,-5,9632,9015.84,East,Maharashtra,Pune,Website,Express,4,COD,Delivered,616.16,,,
O01639,3/15/2025,C0111,P048,1,38986,-5,38986,27769.27,West,Telangana,Hyderabad,Marketplace,Express,1,Card,Cancelled,11216.73,,,
O01640,15/07/2025,C0279,P020,4,922,10,3319.2,3216.34,East,Telangana,Hyderabad,Mobile App,Express,5,COD,Delivered,102.86,,,
O01641,10/18/2025,C0398,P022,1,35512,25,26634,32565.31,North,Telangana,Hyderabad,Mobile App,Express,3,Card,Delivered,-5931.31,,,
O01642,7/3/2025,C0465,P021,2,41579,5,79000.1,67046.09,South,Telangana,Hyderabad,Mobile App,Express,4,Net Banking,Cancelled,11954.01,,,
O01643,6/11/2025,C0472,P029,3,23301,-5,69903,62491.94,West,Telangana,Hyderabad,Website,Express,6,COD,Delivered,7411.06,,,
O01644,7/18/2025,C0208,P023,5,1748,25,6555,7099.02,East,Telangana,Hyderabad,Website,Express,2,Net Banking,Delivered,-544.02,,,
O01645,4/10/2025,C0052,P014,2,25631,0,51262,35515.01,East,Karnataka,Bengaluru,Marketplace,Express,4,Card,Delivered,15746.99,,,
O01646,6/16/2025,C0470,P014,2,14504,35,20305.6,21883.97,North,Telangana,Hyderabad,Website,Same Day,2,COD,Delivered,-1578.37,,,
O01647,3/2/2025,C0298,P047,4,31254,0,125016,104303.26,South,Maharashtra,Mumbai,Marketplace,Express,3,Net Banking,Cancelled,20712.74,,,
O01648,12/27/2025,C0417,P024,4,29037,20,92918.4,107399.27,East,Karnataka,Bengaluru,Mobile App,Standard,2,Net Banking,Cancelled,-14480.87,,,
O01649,1/20/2025,C0282,P017,3,7289,25,16400.25,18411.75,West,Telangana,Hyderabad,Website,Standard,7,COD,Cancelled,-2011.5,,,
O01650,11/24/2025,C0324,P022,1,34175,15,29048.75,22103.71,South,Maharashtra,Mumbai,Mobile App,Same Day,2,Net Banking,Delivered,6945.04,,,
O01651,5/2/2025,C0371,P006,2,37995,15,64591.5,71706.02,West,Telangana,Hyderabad,Website,Express,7,Card,Delivered,-7114.52,,,
O01652,4/12/2025,C0421,P006,2,42685,15,72564.5,53120.62,North,Telangana,Hyderabad,Website,Standard,4,UPI,Delivered,19443.88,,,
O01653,2/4/2025,C0061,P016,4,8749,30,24497.2,21869.77,North,Maharashtra,Mumbai,Website,Standard,5,Card,Delivered,2627.43,,,
O01654,11/16/2025,C0249,P024,4,40471,5,153789.8,126508.67,West,Telangana,Hyderabad,Marketplace,Express,2,Card,Delivered,27281.13,,,
O01655,28/03/2025,C0027,P015,5,18975,0,94875,68237.74,South,Telangana,Hyderabad,Website,Express,2,Card,Cancelled,26637.26,,,
O01656,9/18/2025,C0019,P046,4,26531,5,100817.8,88717.02,East,Telangana,Hyderabad,Mobile App,Standard,4,Card,Delivered,12100.78,,,
O01657,30/03/2025,C0149,P047,4,11979,20,38332.8,37373.05,East,Telangana,Hyderabad,Marketplace,Express,7,Net Banking,Cancelled,959.75,,,
O01658,13/07/2025,C0375,P017,4,15070,20,48224,52086.57,West,Karnataka,Bengaluru,Marketplace,Express,4,Net Banking,Delivered,-3862.57,,,
O01659,10/17/2025,C0072,P018,2,35208,-5,70416,60019.21,North,Telangana,Hyderabad,Website,Express,1,COD,Delivered,10396.79,,,
O01660,5/27/2025,C0420,P010,2,2495,5,4740.5,3807.89,North,Telangana,Hyderabad,Website,Express,3,Card,Cancelled,932.61,,,
O01661,8/5/2025,C0309,P043,1,3577,35,2503.9,2944.48,North,Karnataka,Bengaluru,Website,Express,4,COD,Cancelled,-440.58,,,
O01662,1/5/2025,C0204,P031,2,9916,25,14874,12873.68,East,Telangana,Hyderabad,Marketplace,Express,2,Card,Cancelled,2000.32,,,
O01663,15/08/2025,C0166,P013,5,47585,-5,237925,212416.52,South,Maharashtra,Mumbai,Website,Express,3,Card,Cancelled,25508.48,,,
O01664,12/24/2025,C0201,P006,3,22588,20,54211.2,50677.39,North,Telangana,Hyderabad,Website,Standard,6,Card,Delivered,3533.81,,,
O01665,1/23/2025,C0118,P050,5,26469,5,125727.75,92904.6,East,Telangana,Hyderabad,Mobile App,Standard,3,Card,Delivered,32823.15,,,
O01666,3/20/2025,C0346,P021,5,29669,-5,148345,92418.73,South,Maharashtra,Pune,Website,Express,7,Card,Cancelled,55926.27,,,
O01667,26/04/2025,C0487,P021,2,6169,10,11104.2,7562.23,North,Telangana,Hyderabad,Marketplace,Express,3,Card,Cancelled,3541.97,,,
O01668,1/27/2025,C0370,P032,3,14164,10,38242.8,34219.43,East,Telangana,Hyderabad,Marketplace,Standard,3,COD,Cancelled,4023.37,,,
O01669,4/10/2025,Unknown,P005,1,42602,0,42602,29247.92,North,Karnataka,Bengaluru,Marketplace,Standard,4,UPI,Cancelled,13354.08,,,
O01670,11/6/2025,C0132,P049,3,41453,0,124359,92128.85,West,Karnataka,Bengaluru,Website,Express,2,Card,Cancelled,32230.15,,,
O01671,10/6/2025,C0322,P038,4,40456,10,145641.6,123831.27,North,Telangana,Hyderabad,Marketplace,Standard,6,Net Banking,Delivered,21810.33,,,
O01672,2/4/2025,C0210,P002,3,37392,35,78523.2,82930.3,West,Telangana,Hyderabad,Marketplace,Standard,7,COD,Delivered,-4407.1,,,
O02331,2/11/2025,C0326,P019,5,31345,15,133216.25,118687.52,South,Maharashtra,Mumbai,Website,Standard,6,Net Banking,Cancelled,14528.73,,,
O01674,27/01/2025,C0057,P011,4,26061,5,99031.8,63889.13,East,Telangana,Hyderabad,Mobile App,Same Day,1,Net Banking,Delivered,35142.67,,,
O01675,4/20/2025,C0193,P012,1,2124,5,2017.8,1552.59,North,Maharashtra,Pune,Marketplace,Express,1,UPI,Delivered,465.21,,,
O01676,3/7/2025,C0037,P038,5,29869,5,141877.75,94895.24,West,Karnataka,Bengaluru,Mobile App,Express,6,COD,Delivered,46982.51,,,
O01677,22/11/2025,C0061,P042,2,43160,5,82004,53971.61,North,Karnataka,Bengaluru,Website,Standard,7,COD,Delivered,28032.39,,,
O01678,10/24/2025,C0058,P030,2,23190,10,41742,36587.85,South,Telangana,Hyderabad,Website,Same Day,2,UPI,Cancelled,5154.15,,,
O01679,22/11/2025,C0393,P019,4,34231,30,95846.8,108637.27,East,Telangana,Hyderabad,Mobile App,Express,1,COD,Delivered,-12790.47,,,
O01680,7/21/2025,C0477,P008,3,2599,15,6627.45,4756.45,West,Telangana,Hyderabad,Website,Express,1,Card,Cancelled,1871,,,
O01681,23/08/2025,C0465,P040,1,39370,35,27559,37116.46,East,Telangana,Hyderabad,Marketplace,Express,1,Card,Delivered,-9557.46,,,
O01682,8/7/2025,C0037,P025,3,6091,15,15532.05,14432.1,West,Telangana,Hyderabad,Website,Standard,5,UPI,Cancelled,1099.95,,,
O01683,7/5/2025,C0317,P021,5,34748,5,165053,132936.69,West,Telangana,Hyderabad,Marketplace,Standard,2,UPI,Delivered,32116.31,,,
O01684,5/13/2025,C0379,P042,2,28031,15,47652.7,47456.98,South,Maharashtra,Pune,Website,Same Day,3,Net Banking,Delivered,195.72,,,
O01685,8/7/2025,C0135,P043,5,46741,5,222019.75,181522.11,West,Maharashtra,Mumbai,Website,Express,2,UPI,Cancelled,40497.64,,,
O01686,10/11/2025,C0116,P032,4,4931,10,17751.6,12047.19,North,Telangana,Hyderabad,Mobile App,Standard,4,Card,Cancelled,5704.41,,,
O01687,3/12/2025,C0386,P028,2,1993,20,3188.8,2728.64,East,Maharashtra,Mumbai,Marketplace,Express,7,Net Banking,Delivered,460.16,,,
O01688,1/1/2025,C0449,P012,1,32268,0,32268,21712.46,East,Karnataka,Bengaluru,Mobile App,Express,6,UPI,Delivered,10555.54,,,
O01689,4/21/2025,C0141,P015,2,14399,-5,28798,26923.58,West,Telangana,Hyderabad,Website,Express,4,Net Banking,Delivered,1874.42,,,
O01690,11/1/2025,C0486,P018,5,2134,15,9069.5,7204.35,West,Karnataka,Bengaluru,Mobile App,Express,1,COD,Delivered,1865.15,,,
O01691,9/10/2025,C0171,P025,3,12858,0,38574,36288.92,North,Telangana,Hyderabad,Marketplace,Standard,7,COD,Cancelled,2285.08,,,
O01692,5/19/2025,C0470,P025,1,5595,-5,5595,3622.01,South,Maharashtra,Pune,Marketplace,Standard,5,Net Banking,Delivered,1972.99,,,
O01693,12/17/2025,C0210,P045,1,30411,0,30411,26418.71,East,Telangana,Hyderabad,Mobile App,Express,5,Card,Delivered,3992.29,,,
O01694,11/30/2025,C0141,P019,4,13644,0,54576,49281.38,North,Maharashtra,Mumbai,Website,Express,6,Card,Delivered,5294.62,,,
O01695,12/12/2025,C0491,P001,1,46126,-5,46126,30240.89,West,Telangana,Hyderabad,Marketplace,Express,2,Card,Delivered,15885.11,,,
O01696,8/16/2025,C0326,P015,1,25652,15,21804.2,20096.89,North,Karnataka,Bengaluru,Website,Standard,5,COD,Cancelled,1707.31,,,
O01697,8/4/2025,C0430,P013,2,38980,0,77960,55672,East,Maharashtra,Mumbai,Website,Express,7,COD,Cancelled,22288,,,
O01698,3/14/2025,C0125,P039,4,26728,0,106912,75251.43,East,Telangana,Hyderabad,Mobile App,Same Day,6,Card,Cancelled,31660.57,,,
O01699,6/9/2025,C0439,P047,1,43128,10,38815.2,35117.93,South,Karnataka,Bengaluru,Mobile App,Express,7,UPI,Delivered,3697.27,,,
O01700,10/31/2025,C0440,P050,5,26095,5,123951.25,98758.3,East,Telangana,Hyderabad,Mobile App,Express,5,UPI,Delivered,25192.95,,,
O01701,6/17/2025,C0131,P004,1,26686,15,22683.1,19267.28,South,Karnataka,Bengaluru,Website,Express,4,Net Banking,Delivered,3415.82,,,
O01702,30/12/2025,C0249,P002,4,7916,20,25331.2,22133.7,North,Telangana,Hyderabad,Marketplace,Express,2,UPI,Delivered,3197.5,,,
O01703,4/6/2025,Unknown,P007,2,17695,30,24773,32736.87,West,Telangana,Hyderabad,Website,Express,2,COD,Cancelled,-7963.87,,,
O01704,7/8/2025,C0459,P024,2,10175,0,20350,15663.87,West,Telangana,Hyderabad,Website,Standard,4,COD,Delivered,4686.13,,,
O01705,10/20/2025,C0293,P004,3,39139,0,117417,85762.24,East,Telangana,Hyderabad,Mobile App,Express,5,Card,Cancelled,31654.76,,,
O01706,3/25/2025,C0398,P001,3,14676,-5,44028,35240.86,South,Telangana,Hyderabad,Marketplace,Express,5,Card,Delivered,8787.14,,,
O01707,9/22/2025,C0393,P043,1,32607,5,30976.65,28161.69,South,Telangana,Hyderabad,Website,Express,6,Card,Delivered,2814.96,,,
O01708,6/28/2025,C0117,P048,4,35245,20,112784,87168.95,West,Karnataka,Bengaluru,Website,Express,7,Card,Cancelled,25615.05,,,
O01709,20/05/2025,C0389,P043,1,35367,0,35367,27143.63,North,Telangana,Hyderabad,Marketplace,Same Day,4,COD,Delivered,8223.37,,,
O01710,7/11/2025,C0098,P021,3,28480,30,59808,58392.69,North,Karnataka,Bengaluru,Mobile App,Express,2,Card,Delivered,1415.31,,,
O01711,6/10/2025,C0337,P012,1,13404,0,13404,12099.49,North,Maharashtra,Pune,Mobile App,Express,5,COD,Delivered,1304.51,,,
O01712,1/19/2025,C0465,P037,3,11249,25,25310.25,30061.63,East,Maharashtra,Pune,Website,Standard,4,COD,Delivered,-4751.38,,,
O01713,3/21/2025,C0131,P019,2,14622,20,23395.2,21226.33,East,Telangana,Hyderabad,Mobile App,Express,1,Card,Cancelled,2168.87,,,
O01714,2/22/2025,C0312,P001,4,927,0,3708,2710.36,South,Telangana,Hyderabad,Mobile App,Same Day,2,Card,Delivered,997.64,,,
O01715,2/23/2025,C0251,P012,1,36288,20,29030.4,28566.98,East,Karnataka,Bengaluru,Marketplace,Standard,2,UPI,Cancelled,463.42,,,
O01716,11/27/2025,C0232,P040,2,31834,20,50934.4,41587.05,East,Karnataka,Bengaluru,Mobile App,Express,4,Card,Delivered,9347.35,,,
O01717,8/3/2025,C0019,P015,5,3536,10,15912,13932.34,South,Telangana,Hyderabad,Website,Same Day,4,Card,Delivered,1979.66,,,
O01718,3/20/2025,C0269,P008,5,36405,5,172923.75,140449.7,South,Telangana,Hyderabad,Mobile App,Express,3,COD,Cancelled,32474.05,,,
O01719,8/18/2025,C0307,P019,3,32589,0,97767,69550.3,West,Telangana,Hyderabad,Website,Standard,1,Card,Delivered,28216.7,,,
O01720,10/22/2025,C0302,P019,2,5869,10,10564.2,8435.78,West,Telangana,Hyderabad,Marketplace,Standard,1,UPI,Delivered,2128.42,,,
O01721,2/22/2025,C0364,P032,1,21338,0,21338,16508.31,South,Telangana,Hyderabad,Marketplace,Standard,7,COD,Cancelled,4829.69,,,
O01722,3/2/2025,C0050,P034,3,30045,30,63094.5,70438.12,East,Telangana,Hyderabad,Marketplace,Standard,4,UPI,Delivered,-7343.62,,,
O01723,12/21/2025,C0297,P011,4,43702,5,166067.6,137344.12,North,Telangana,Hyderabad,Website,Express,5,UPI,Cancelled,28723.48,,,
O01724,8/3/2025,C0228,P042,1,23500,35,16450,19141.96,West,Telangana,Hyderabad,Mobile App,Standard,5,UPI,Delivered,-2691.96,,,
O01725,4/21/2025,C0227,P047,5,16901,5,80279.75,70983.32,East,Telangana,Hyderabad,Marketplace,Express,5,UPI,Delivered,9296.43,,,
O01726,12/18/2025,C0119,P010,2,39281,-5,78562,53868.55,East,Telangana,Hyderabad,Mobile App,Standard,2,Net Banking,Cancelled,24693.45,,,
O01727,1/8/2025,C0154,P013,2,2758,0,5516,3925.54,North,Karnataka,Bengaluru,Marketplace,Express,5,Card,Delivered,1590.46,,,
O01728,1/4/2025,C0214,P042,3,33649,0,100947,77320.81,North,Telangana,Hyderabad,Marketplace,Express,3,Net Banking,Delivered,23626.19,,,
O01729,5/20/2025,C0260,P043,2,13494,5,25638.6,23194.43,South,Telangana,Hyderabad,Marketplace,Express,7,Net Banking,Cancelled,2444.17,,,
O01730,8/30/2025,C0479,P039,1,21033,5,19981.35,18561.56,East,Telangana,Hyderabad,Website,Express,6,Card,Cancelled,1419.79,,,
O01731,2/3/2025,C0381,P018,2,8052,35,11272.8,14112.42,North,Karnataka,Bengaluru,Website,Standard,2,UPI,Delivered,-2839.62,,,
O01732,10/9/2025,C0485,P017,5,38208,25,143280,130700.96,West,Karnataka,Bengaluru,Marketplace,Express,1,Card,Cancelled,12579.04,,,
O01733,4/27/2025,C0059,P008,3,26808,30,56296.8,61143.56,North,Telangana,Hyderabad,Website,Express,5,COD,Delivered,-4846.76,,,
O01734,9/10/2025,C0008,P031,2,2070,20,3312,3713.01,East,Telangana,Hyderabad,Mobile App,Standard,2,COD,Delivered,-401.01,,,
O01735,7/8/2025,C0046,P003,2,22448,25,33672,32816.71,North,Karnataka,Bengaluru,Website,Same Day,4,UPI,Delivered,855.29,,,
O01736,11/11/2025,C0058,P043,1,12015,10,10813.5,9623.08,South,Telangana,Hyderabad,Mobile App,Same Day,4,COD,Delivered,1190.42,,,
O01737,9/25/2025,C0240,P007,5,32517,30,113809.5,115250.97,West,Maharashtra,Mumbai,Marketplace,Express,5,Card,Delivered,-1441.47,,,
O01738,12/8/2025,C0273,P013,1,11354,20,9083.2,7725.85,South,Maharashtra,Mumbai,Marketplace,Standard,2,Card,Delivered,1357.35,,,
O01739,5/22/2025,C0417,P016,1,18356,15,15602.6,11301.13,East,Karnataka,Bengaluru,Mobile App,Express,5,Net Banking,Delivered,4301.47,,,
O01740,3/19/2025,C0377,P030,3,24136,5,68787.6,65185.15,East,Telangana,Hyderabad,Mobile App,Standard,1,UPI,Delivered,3602.45,,,
O01741,5/9/2025,C0214,P037,3,9280,0,27840,18193.61,North,Maharashtra,Mumbai,Mobile App,Express,1,COD,Delivered,9646.39,,,
O01742,1/10/2025,C0379,P014,3,33547,0,100641,91241.54,East,Telangana,Hyderabad,Website,Same Day,5,COD,Cancelled,9399.46,,,
O01743,8/19/2025,C0290,P043,3,21104,0,63312,39891.79,South,Maharashtra,Pune,Mobile App,Express,5,Net Banking,Delivered,23420.21,,,
O01744,11/18/2025,C0189,P013,4,11964,30,33499.2,44858.79,East,Telangana,Hyderabad,Mobile App,Standard,1,UPI,Delivered,-11359.59,,,
O01745,5/24/2025,C0106,P036,4,16615,5,63137,57063.42,South,Telangana,Hyderabad,Marketplace,Standard,7,Card,Cancelled,6073.58,,,
O01746,12/17/2025,C0134,P002,2,14212,10,25581.6,19252.08,West,Maharashtra,Pune,Mobile App,Express,6,Card,Delivered,6329.52,,,
O01747,9/27/2025,C0344,P027,2,19675,25,29512.5,35146.51,South,Karnataka,Bengaluru,Mobile App,Same Day,5,Net Banking,Delivered,-5634.01,,,
O01748,9/27/2025,C0242,P003,5,16187,15,68794.75,48792.16,South,Maharashtra,Pune,Mobile App,Express,3,Card,Delivered,20002.59,,,
O01749,2/21/2025,C0431,P017,3,5900,25,13275,16248.48,East,Telangana,Hyderabad,Mobile App,Express,6,Net Banking,Delivered,-2973.48,,,
O01750,14/08/2025,C0035,P042,3,47068,10,127083.6,118549.71,East,Karnataka,Bengaluru,Website,Express,5,UPI,Cancelled,8533.89,,,
O01751,4/9/2025,C0003,P015,2,30224,0,60448,38433.63,North,Maharashtra,Pune,Marketplace,Same Day,6,COD,Cancelled,22014.37,,,
O01752,28/11/2025,C0304,P014,3,36341,-5,109023,83610.02,North,Telangana,Hyderabad,Marketplace,Standard,7,COD,Delivered,25412.98,,,
O01753,10/10/2025,C0005,P013,3,31470,0,94410,61991.43,East,Karnataka,Bengaluru,Mobile App,Standard,6,UPI,Cancelled,32418.57,,,
O01754,10/20/2025,C0227,P049,5,11994,25,44977.5,53896,North,Telangana,Hyderabad,Marketplace,Standard,4,Card,Delivered,-8918.5,,,
O01755,25/05/2025,C0198,P039,4,874,-5,3496,3296.93,South,Telangana,Hyderabad,Marketplace,Express,2,Card,Delivered,199.07,,,
O01756,4/22/2025,C0347,P045,4,14503,15,49310.2,47952.6,East,Telangana,Hyderabad,Website,Standard,1,Net Banking,Delivered,1357.6,,,
O01757,6/2/2025,C0037,P005,3,4773,15,12171.15,9095.25,South,Telangana,Hyderabad,Mobile App,Express,6,Card,Delivered,3075.9,,,
O01758,1/2/2025,C0211,P035,5,12444,10,55998,47690.01,South,Telangana,Hyderabad,Website,Same Day,7,Card,Delivered,8307.99,,,
O01759,3/20/2025,C0313,P018,3,42177,-5,126531,88128.71,South,Telangana,Hyderabad,Website,Express,2,UPI,Delivered,38402.29,,,
O01760,7/11/2025,C0144,P047,2,2602,20,4163.2,4654.14,East,Maharashtra,Pune,Mobile App,Standard,1,Net Banking,Cancelled,-490.94,,,
O01761,8/25/2025,C0265,P013,4,22404,25,67212,68463.69,East,Telangana,Hyderabad,Mobile App,Standard,4,COD,Delivered,-1251.69,,,
O01762,6/30/2025,C0034,P049,3,36223,5,103235.55,68006.01,East,Karnataka,Bengaluru,Mobile App,Express,7,UPI,Cancelled,35229.54,,,
O01763,12/23/2025,C0289,P020,1,31786,20,25428.8,25586.62,West,Telangana,Hyderabad,Marketplace,Express,4,Net Banking,Cancelled,-157.82,,,
O01764,3/15/2025,Unknown,P045,4,33902,30,94925.6,117063.27,South,Telangana,Hyderabad,Marketplace,Express,2,Card,Delivered,-22137.67,,,
O01765,2/11/2025,C0346,P024,3,44259,0,132777,91180.29,South,Telangana,Hyderabad,Mobile App,Express,4,COD,Delivered,41596.71,,,
O01766,8/12/2025,C0207,P014,4,36748,20,117593.6,95172.82,North,Karnataka,Bengaluru,Mobile App,Standard,7,COD,Delivered,22420.78,,,
O01767,1/2/2025,C0276,P014,4,46909,0,187636,140987.6,West,Telangana,Hyderabad,Mobile App,Express,4,COD,Delivered,46648.4,,,
O01768,6/27/2025,C0365,P041,5,47196,0,235980,180418.01,South,Maharashtra,Mumbai,Website,Express,6,Card,Delivered,55561.99,,,
O01769,7/30/2025,C0332,P034,1,28553,20,22842.4,19462.83,West,Telangana,Hyderabad,Marketplace,Standard,6,Card,Delivered,3379.57,,,
O01770,2/26/2025,C0132,P003,3,2976,30,6249.6,6748.7,South,Telangana,Hyderabad,Website,Standard,7,Net Banking,Delivered,-499.1,,,
O01771,19/03/2025,C0018,P049,5,27786,35,97251,113087.87,West,Karnataka,Bengaluru,Website,Express,6,Card,Cancelled,-15836.87,,,
O01772,11/10/2025,C0329,P038,4,48416,5,183980.8,128647.43,East,Telangana,Hyderabad,Website,Same Day,6,COD,Delivered,55333.37,,,
O01773,12/23/2025,C0376,P008,2,17833,-5,35666,32429.7,East,Karnataka,Bengaluru,Marketplace,Express,4,Net Banking,Delivered,3236.3,,,
O01774,30/11/2025,C0295,P047,4,26659,30,74645.2,86541.54,West,Telangana,Hyderabad,Marketplace,Express,1,Card,Delivered,-11896.34,,,
O01775,8/30/2025,C0440,P002,4,10399,0,41596,28032.81,North,Telangana,Hyderabad,Mobile App,Express,4,UPI,Delivered,13563.19,,,
O01776,8/8/2025,C0224,P034,4,13350,10,48060,42522.95,North,Telangana,Hyderabad,Website,Express,1,Net Banking,Delivered,5537.05,,,
O01777,12/3/2025,C0024,P005,2,47547,-5,95094,84546.46,South,Telangana,Hyderabad,Mobile App,Same Day,4,Net Banking,Cancelled,10547.54,,,
O01778,12/10/2025,C0446,P047,3,11715,0,35145,29999.72,South,Telangana,Hyderabad,Marketplace,Standard,6,Card,Delivered,5145.28,,,
O01779,1/25/2025,C0462,P030,5,46597,35,163089.5,214387.49,East,Karnataka,Bengaluru,Mobile App,Standard,2,Card,Cancelled,-51297.99,,,
O01780,12/5/2025,C0500,P031,1,25648,0,25648,20369.53,West,Telangana,Hyderabad,Mobile App,Express,3,UPI,Cancelled,5278.47,,,
O01781,3/13/2025,C0025,P010,5,15531,0,77655,60998.17,South,Telangana,Hyderabad,Website,Standard,4,Net Banking,Delivered,16656.83,,,
O01782,2/7/2025,C0106,P006,3,16941,5,48281.85,32525.41,West,Telangana,Hyderabad,Mobile App,Standard,1,COD,Cancelled,15756.44,,,
O01783,21/03/2025,C0391,P028,5,14705,0,73525,47385.53,South,Telangana,Hyderabad,Mobile App,Express,6,Card,Delivered,26139.47,,,
O01784,3/29/2025,C0137,P021,3,6214,25,13981.5,11199.09,South,Telangana,Hyderabad,Marketplace,Standard,1,UPI,Delivered,2782.41,,,
O01785,10/17/2025,C0044,P035,4,19995,15,67983,60645.01,East,Maharashtra,Mumbai,Website,Standard,4,Net Banking,Delivered,7337.99,,,
O01786,5/11/2025,C0454,P032,1,11913,5,11317.35,7609.03,East,Maharashtra,Pune,Mobile App,Standard,6,COD,Cancelled,3708.32,,,
O01787,10/5/2025,C0038,P017,4,26166,20,83731.2,87961.01,South,Telangana,Hyderabad,Marketplace,Express,6,COD,Delivered,-4229.81,,,
O01788,11/20/2025,C0339,P017,2,35514,10,63925.2,65311.96,South,Telangana,Hyderabad,Marketplace,Standard,4,Net Banking,Cancelled,-1386.76,,,
O01789,12/21/2025,C0342,P013,4,35323,10,127162.8,132248.78,North,Telangana,Hyderabad,Mobile App,Express,4,Card,Cancelled,-5085.98,,,
O01790,14/06/2025,C0450,P016,1,5101,0,5101,3495.04,West,Maharashtra,Pune,Marketplace,Standard,1,Net Banking,Cancelled,1605.96,,,
O01791,9/21/2025,C0414,P045,1,8157,20,6525.6,7694.76,East,Telangana,Hyderabad,Marketplace,Express,1,Card,Delivered,-1169.16,,,
O01792,5/1/2025,C0301,P040,5,25151,15,106891.75,81261.8,South,Telangana,Hyderabad,Mobile App,Express,3,Card,Cancelled,25629.95,,,
O01793,10/12/2025,C0242,P017,2,33616,35,47062.4,55139.1,North,Maharashtra,Pune,Website,Same Day,5,UPI,Delivered,-8076.7,,,
O01794,12/13/2025,C0109,P011,5,21066,0,105330,78825.33,South,Telangana,Hyderabad,Marketplace,Express,4,COD,Delivered,26504.67,,,
O01795,6/2/2025,C0039,P003,4,28145,10,101322,95871.92,West,Telangana,Hyderabad,Mobile App,Express,5,Card,Delivered,5450.08,,,
O01796,10/24/2025,C0451,P048,4,27823,5,105727.4,93154.29,South,Telangana,Hyderabad,Marketplace,Express,3,UPI,Delivered,12573.11,,,
O01797,3/29/2025,C0173,P023,3,9603,35,20166.3,18348.76,West,Karnataka,Bengaluru,Marketplace,Same Day,6,Net Banking,Delivered,1817.54,,,
O01798,2/9/2025,C0144,P011,1,10164,5,9655.8,7112.32,East,Telangana,Hyderabad,Website,Standard,3,Card,Delivered,2543.48,,,
O01799,14/08/2025,C0055,P008,4,23878,20,76409.6,72234.23,North,Karnataka,Bengaluru,Website,Express,3,Card,Cancelled,4175.37,,,
O02926,11/3/2025,C0308,P025,1,14589,15,12400.65,12296.7,North,Telangana,Hyderabad,Marketplace,Express,2,COD,Delivered,103.95,,,
O01801,7/2/2025,C0413,P018,3,3596,0,10788,7340.35,West,Telangana,Hyderabad,Website,Same Day,3,Card,Delivered,3447.65,,,
O01802,8/16/2025,C0305,P004,5,641,20,2564,2140.04,East,Telangana,Hyderabad,Marketplace,Same Day,4,Card,Delivered,423.96,,,
O01803,6/5/2025,C0203,P034,2,8606,25,12909,14221.66,North,Telangana,Hyderabad,Marketplace,Express,6,Net Banking,Delivered,-1312.66,,,
O01804,12/13/2025,C0081,P039,1,18504,5,17578.8,13763.65,North,Telangana,Hyderabad,Marketplace,Express,3,Net Banking,Delivered,3815.15,,,
O01805,6/26/2025,C0477,P018,1,8675,5,8241.25,6351.04,West,Telangana,Hyderabad,Mobile App,Express,2,COD,Delivered,1890.21,,,
O01806,10/18/2025,C0312,P014,3,11450,20,27480,21946.62,North,Telangana,Hyderabad,Website,Express,3,Card,Cancelled,5533.38,,,
O01807,10/6/2025,C0367,P027,2,30207,-5,60414,56579.16,West,Telangana,Hyderabad,Marketplace,Standard,7,Card,Delivered,3834.84,,,
O01808,24/07/2025,C0145,P026,5,28863,20,115452,121915.74,East,Karnataka,Bengaluru,Marketplace,Express,3,COD,Delivered,-6463.74,,,
O01809,2/16/2025,C0192,P020,1,11742,15,9980.7,9723.62,South,Telangana,Hyderabad,Marketplace,Express,5,Card,Delivered,257.08,,,
O01810,11/22/2025,C0475,P023,1,8171,0,8171,7459.07,East,Maharashtra,Mumbai,Mobile App,Standard,2,Card,Cancelled,711.93,,,
O01811,3/1/2025,C0458,P013,5,41798,10,188091,126726.63,East,Telangana,Hyderabad,Website,Express,6,COD,Delivered,61364.37,,,
O01812,6/1/2025,C0317,P013,3,30773,20,73855.2,86316.4,West,Maharashtra,Mumbai,Website,Express,6,Card,Cancelled,-12461.2,,,
O01813,12/2/2025,C0081,P044,1,44270,30,30989,34026.76,North,Telangana,Hyderabad,Marketplace,Express,7,UPI,Cancelled,-3037.76,,,
O01814,7/30/2025,C0368,P024,3,35447,10,95706.9,65057.94,East,Telangana,Hyderabad,Mobile App,Express,3,Net Banking,Delivered,30648.96,,,
O01815,1/26/2025,C0369,P027,2,43138,25,64707,74391.67,South,Telangana,Hyderabad,Marketplace,Express,2,COD,Cancelled,-9684.67,,,
O01816,1/20/2025,C0302,P018,2,12712,15,21610.4,18540.33,West,Telangana,Hyderabad,Website,Standard,Not Delivered,Card,Cancelled,3070.07,,,
O01817,1/19/2025,C0378,P013,5,11198,30,39193,44781.62,East,Maharashtra,Mumbai,Website,Express,3,UPI,Delivered,-5588.62,,,
O01818,4/6/2025,C0094,P030,1,16777,-5,16777,15431.29,South,Telangana,Hyderabad,Mobile App,Same Day,5,Net Banking,Cancelled,1345.71,,,
O01819,1/9/2025,Unknown,P020,5,6160,0,30800,23309.76,West,Maharashtra,Mumbai,Marketplace,Same Day,7,Card,Delivered,7490.24,,,
O01820,7/7/2025,C0191,P039,4,10448,30,29254.4,39497.95,North,Telangana,Hyderabad,Website,Express,6,Net Banking,Delivered,-10243.55,,,
O01821,31/03/2025,C0259,P035,2,30766,10,55378.8,41811.54,South,Maharashtra,Pune,Mobile App,Same Day,1,COD,Delivered,13567.26,,,
O01822,20/09/2025,C0452,P006,2,40366,15,68622.2,60171.24,East,Maharashtra,Pune,Marketplace,Express,7,UPI,Delivered,8450.96,,,
O01823,6/5/2025,C0123,P014,4,5842,0,23368,21125.52,East,Karnataka,Bengaluru,Marketplace,Same Day,7,Net Banking,Delivered,2242.48,,,
O01824,3/5/2025,C0168,P048,3,4680,-5,14040,10528.5,North,Telangana,Hyderabad,Mobile App,Standard,5,UPI,Delivered,3511.5,,,
O01825,9/8/2025,C0447,P022,5,30263,20,121052,126755,South,Telangana,Hyderabad,Website,Express,7,Card,Delivered,-5703,,,
O01826,10/28/2025,C0066,P003,2,1578,10,2840.4,1903.91,West,Telangana,Hyderabad,Marketplace,Standard,2,UPI,Cancelled,936.49,,,
O01827,12/1/2025,C0017,P027,3,40640,0,121920,115385.05,North,Telangana,Hyderabad,Mobile App,Same Day,4,Net Banking,Cancelled,6534.95,,,
O01828,6/10/2025,C0389,P022,4,33695,35,94346,126320.62,West,Maharashtra,Mumbai,Mobile App,Express,1,Card,Cancelled,-31974.62,,,
O01829,1/19/2025,C0304,P005,4,45428,30,127198.4,125048.31,West,Telangana,Hyderabad,Marketplace,Standard,7,Net Banking,Delivered,2150.09,,,
O01830,5/11/2025,C0104,P043,4,10358,25,31074,25005.93,North,Telangana,Hyderabad,Marketplace,Express,5,Card,Cancelled,6068.07,,,
O01831,6/14/2025,C0189,P027,2,46940,0,93880,60411.81,West,Telangana,Hyderabad,Website,Express,2,Net Banking,Delivered,33468.19,,,
O01832,3/14/2025,C0050,P021,2,35777,35,50087.8,66219.09,South,Telangana,Hyderabad,Website,Standard,2,COD,Delivered,-16131.29,,,
O01833,31/12/2025,C0029,P030,3,5980,25,13455,12855.09,South,Karnataka,Bengaluru,Mobile App,Express,2,Card,Delivered,599.91,,,
O01834,6/8/2025,C0165,P035,5,9927,5,47153.25,33408.21,East,Telangana,Hyderabad,Marketplace,Express,1,COD,Delivered,13745.04,,,
O01835,28/06/2025,C0362,P020,2,21509,35,30112.6,39590.45,South,Telangana,Hyderabad,Marketplace,Express,2,Net Banking,Cancelled,-9477.85,,,
O01836,4/11/2025,C0408,P018,2,16653,35,23314.2,28607.66,East,Telangana,Hyderabad,Mobile App,Express,6,Card,Delivered,-5293.46,,,
O01837,5/17/2025,C0029,P003,1,7606,35,5324.2,7208.43,South,Karnataka,Bengaluru,Marketplace,Express,3,Net Banking,Delivered,-1884.23,,,
O01838,1/9/2025,C0266,P023,1,11946,10,10751.4,8656.05,North,Telangana,Hyderabad,Mobile App,Standard,7,Net Banking,Delivered,2095.35,,,
O01839,7/13/2025,C0093,P013,3,31967,0,95901,63622.37,North,Telangana,Hyderabad,Website,Express,4,COD,Cancelled,32278.63,,,
O01840,8/3/2025,C0421,P016,2,16495,0,32990,21091.04,West,Telangana,Hyderabad,Marketplace,Express,7,UPI,Cancelled,11898.96,,,
O01841,23/12/2025,C0155,P020,5,14458,5,68675.5,50292.98,North,Telangana,Hyderabad,Marketplace,Express,2,Card,Delivered,18382.52,,,
O01842,26/05/2025,C0089,P003,4,43559,0,174236,146507.67,West,Telangana,Hyderabad,Website,Same Day,5,COD,Cancelled,27728.33,,,
O01843,3/5/2025,C0406,P011,1,1390,10,1251,977.58,South,Telangana,Hyderabad,Website,Express,5,Net Banking,Delivered,273.42,,,
O01844,5/20/2025,C0398,P015,2,40073,25,60109.5,50730.96,South,Telangana,Hyderabad,Marketplace,Standard,7,Card,Cancelled,9378.54,,,
O01845,11/14/2025,C0472,P038,5,49197,15,209087.25,175861.4,North,Karnataka,Bengaluru,Mobile App,Express,3,Card,Cancelled,33225.85,,,
O01846,7/19/2025,C0448,P016,2,16437,0,32874,29751.56,West,Maharashtra,Mumbai,Website,Express,7,UPI,Cancelled,3122.44,,,
O01847,21/02/2025,C0481,P049,5,18967,25,71126.25,60374.29,East,Karnataka,Bengaluru,Marketplace,Same Day,Not Delivered,Card,Cancelled,10751.96,,,
O01848,10/13/2025,C0098,P040,5,13970,-5,69850,57276.5,South,Telangana,Hyderabad,Mobile App,Standard,7,Net Banking,Delivered,12573.5,,,
O01849,28/03/2025,C0338,P011,4,39270,10,141372,107274.59,West,Telangana,Hyderabad,Marketplace,Express,6,Net Banking,Cancelled,34097.41,,,
O01850,6/10/2025,C0200,P025,1,6071,0,6071,4258.57,North,Telangana,Hyderabad,Marketplace,Express,7,Net Banking,Delivered,1812.43,,,
O01851,11/30/2025,Unknown,P042,4,43890,0,175560,127002.35,East,Maharashtra,Pune,Website,Standard,4,Card,Delivered,48557.65,,,
O01852,31/12/2025,C0280,P037,2,42629,10,76732.2,52312.13,West,Karnataka,Bengaluru,Marketplace,Express,2,COD,Delivered,24420.07,,,
O01853,4/20/2025,C0479,P033,1,27828,-5,27828,19669.74,West,Telangana,Hyderabad,Mobile App,Express,3,UPI,Delivered,8158.26,,,
O01854,21/03/2025,C0387,P008,5,48300,35,169050,181410.93,North,Telangana,Hyderabad,Mobile App,Express,1,Card,Delivered,-12360.93,,,
O01855,12/2/2025,C0301,P029,5,24537,30,85879.5,113553.44,South,Telangana,Hyderabad,Mobile App,Express,3,COD,Delivered,-27673.94,,,
O01856,2/27/2025,Unknown,P015,5,29151,10,131179.5,136236.39,West,Telangana,Hyderabad,Website,Same Day,2,Card,Cancelled,-5056.89,,,
O01857,7/23/2025,C0298,P010,1,39278,0,39278,24726.07,South,Telangana,Hyderabad,Website,Express,4,COD,Cancelled,14551.93,,,
O01858,2/18/2025,C0223,P016,1,24942,15,21200.7,15593.1,East,Telangana,Hyderabad,Website,Express,1,COD,Cancelled,5607.6,,,
O01859,7/21/2025,C0125,P043,5,26136,35,91476,97297.58,South,Telangana,Hyderabad,Website,Same Day,4,Card,Delivered,-5821.58,,,
O01860,10/1/2025,C0031,P028,1,17501,0,17501,14484.63,West,Telangana,Hyderabad,Website,Express,4,COD,Delivered,3016.37,,,
O01861,30/05/2025,C0354,P009,3,9083,15,23161.65,17754.08,West,Telangana,Hyderabad,Website,Standard,5,Card,Cancelled,5407.57,,,
O01862,8/17/2025,C0311,P033,4,33984,35,95155.2,90592.47,West,Telangana,Hyderabad,Marketplace,Express,3,Card,Cancelled,4562.73,,,
O01863,8/17/2025,C0485,P030,2,36480,0,72960,54723.59,West,Maharashtra,Mumbai,Website,Standard,1,Card,Cancelled,18236.41,,,
O01864,27/09/2025,C0326,P030,2,11258,25,16887,14745.54,North,Maharashtra,Pune,Mobile App,Express,4,Net Banking,Delivered,2141.46,,,
O01865,16/09/2025,C0074,P011,3,31142,10,84083.4,58963.1,North,Telangana,Hyderabad,Marketplace,Standard,4,UPI,Delivered,25120.3,,,
O01866,8/2/2025,C0498,P022,3,14702,0,44106,32350.25,North,Maharashtra,Pune,Marketplace,Express,4,Card,Delivered,11755.75,,,
O01867,26/11/2025,C0127,P042,2,13342,30,18678.8,18023,East,Telangana,Hyderabad,Website,Express,1,Card,Cancelled,655.8,,,
O01868,5/3/2025,C0196,P010,3,11773,30,24723.3,21809.47,South,Telangana,Hyderabad,Marketplace,Standard,6,Card,Delivered,2913.83,,,
O01869,12/2/2025,C0029,P006,1,4446,15,3779.1,2875.01,North,Telangana,Hyderabad,Website,Standard,7,Card,Cancelled,904.09,,,
O01870,4/4/2025,C0001,P025,2,48262,0,96524,69133.44,North,Maharashtra,Mumbai,Marketplace,Express,1,Card,Cancelled,27390.56,,,
O01871,6/23/2025,C0139,P017,5,26105,30,91367.5,82366.82,West,Telangana,Hyderabad,Marketplace,Standard,7,COD,Delivered,9000.68,,,
O01872,5/10/2025,C0065,P004,2,5577,20,8923.2,7677.04,West,Maharashtra,Mumbai,Marketplace,Express,1,UPI,Delivered,1246.16,,,
O01873,1/27/2025,C0482,P047,2,39859,0,79718,52549.59,West,Telangana,Hyderabad,Website,Same Day,4,Net Banking,Delivered,27168.41,,,
O01874,21/12/2025,C0164,P015,1,45488,-5,45488,30435.46,North,Maharashtra,Pune,Marketplace,Standard,5,UPI,Delivered,15052.54,,,
O01875,7/19/2025,C0270,P047,5,37119,0,185595,136063.74,South,Telangana,Hyderabad,Marketplace,Standard,4,COD,Delivered,49531.26,,,
O01876,10/17/2025,C0165,P017,2,9930,10,17874,16339.84,South,Karnataka,Bengaluru,Marketplace,Express,6,Net Banking,Delivered,1534.16,,,
O01877,10/14/2025,C0176,P033,5,31423,0,157115,103609.36,West,Maharashtra,Pune,Website,Express,3,Card,Cancelled,53505.64,,,
O01878,6/24/2025,C0347,P011,3,16158,15,41202.9,36280.09,South,Maharashtra,Mumbai,Mobile App,Same Day,2,Net Banking,Cancelled,4922.81,,,
O01879,10/13/2025,C0161,P041,4,5517,0,22068,13807.69,West,Telangana,Hyderabad,Marketplace,Express,6,COD,Delivered,8260.31,,,
O01880,8/4/2025,C0341,P048,2,19077,10,34338.6,35683.16,East,Telangana,Hyderabad,Website,Standard,4,COD,Cancelled,-1344.56,,,
O01881,27/07/2025,C0264,P014,5,39983,-5,199915,145070.68,East,Maharashtra,Pune,Website,Express,3,Card,Delivered,54844.32,,,
O01882,26/12/2025,C0096,P022,2,9350,35,13090,16816.77,East,Telangana,Hyderabad,Mobile App,Express,5,COD,Delivered,-3726.77,,,
O01883,12/28/2025,C0299,P014,4,7074,-5,28296,26195.71,West,Maharashtra,Pune,Mobile App,Standard,Not Delivered,UPI,Cancelled,2100.29,,,
O01884,10/5/2025,C0034,P048,1,46704,20,37363.2,31628.13,West,Telangana,Hyderabad,Mobile App,Express,3,Net Banking,Delivered,5735.07,,,
O01885,9/3/2025,C0095,P027,3,9519,0,28557,24649.06,West,Telangana,Hyderabad,Mobile App,Express,6,COD,Delivered,3907.94,,,
O01886,2/21/2025,C0132,P025,2,45533,15,77406.1,80130.97,South,Telangana,Hyderabad,Marketplace,Standard,1,Card,Delivered,-2724.87,,,
O01887,11/23/2025,C0297,P001,1,38536,30,26975.2,27648.94,West,Telangana,Hyderabad,Mobile App,Standard,3,Net Banking,Delivered,-673.74,,,
O01888,7/31/2025,C0250,P039,1,29731,35,20811.7,25960.01,West,Maharashtra,Pune,Mobile App,Standard,5,UPI,Cancelled,-5148.31,,,
O01889,5/11/2025,C0493,P020,5,30692,30,107422,107551.17,North,Telangana,Hyderabad,Marketplace,Express,3,UPI,Delivered,-129.17,,,
O01890,27/02/2025,C0121,P017,5,46375,0,231875,161006.35,East,Telangana,Hyderabad,Mobile App,Express,2,COD,Delivered,70868.65,,,
O01891,9/24/2025,C0054,P049,1,18650,5,17717.5,15243.25,East,Telangana,Hyderabad,Website,Express,1,Card,Cancelled,2474.25,,,
O01892,8/11/2025,C0235,P050,4,2378,-5,9512,6439.69,East,Telangana,Hyderabad,Website,Standard,1,COD,Cancelled,3072.31,,,
O01893,12/4/2025,C0321,P018,4,7636,-5,30544,25428.92,West,Telangana,Hyderabad,Mobile App,Standard,6,Card,Cancelled,5115.08,,,
O01894,27/08/2025,C0400,P043,5,29364,0,146820,124132.57,North,Telangana,Hyderabad,Marketplace,Standard,6,Net Banking,Delivered,22687.43,,,
O01895,6/16/2025,C0265,P026,5,14910,15,63367.5,50125.98,North,Maharashtra,Mumbai,Mobile App,Standard,5,Card,Delivered,13241.52,,,
O01896,8/1/2025,C0415,P047,2,44745,30,62643,57415.95,West,Telangana,Hyderabad,Marketplace,Express,3,UPI,Delivered,5227.05,,,
O01897,10/11/2025,C0475,P006,1,38082,-5,38082,26622.47,South,Karnataka,Bengaluru,Mobile App,Same Day,1,UPI,Delivered,11459.53,,,
O01898,8/14/2025,C0273,P026,3,23121,20,55490.4,57236.05,North,Telangana,Hyderabad,Website,Standard,3,UPI,Cancelled,-1745.65,,,
O01899,24/07/2025,C0113,P039,4,21397,-5,85588,56703.9,West,Telangana,Hyderabad,Mobile App,Same Day,5,Card,Delivered,28884.1,,,
O01900,12/10/2025,C0067,P019,2,44476,20,71161.6,72082.57,South,Telangana,Hyderabad,Website,Express,4,COD,Delivered,-920.97,,,
O01901,11/15/2025,C0081,P038,2,37164,-5,74328,46762.85,East,Telangana,Hyderabad,Marketplace,Same Day,3,Card,Delivered,27565.15,,,
O01902,8/18/2025,C0416,P045,2,49830,0,99660,69419.35,West,Telangana,Hyderabad,Mobile App,Express,7,UPI,Delivered,30240.65,,,
O01903,9/10/2025,C0008,P042,2,1328,0,2656,2299.85,South,Telangana,Hyderabad,Mobile App,Standard,7,COD,Delivered,356.15,,,
O01904,6/3/2025,C0398,P042,2,27411,15,46598.7,35792.56,West,Telangana,Hyderabad,Marketplace,Same Day,5,Card,Cancelled,10806.14,,,
O01905,3/17/2025,C0386,P042,3,28843,15,73549.65,54599.32,North,Maharashtra,Pune,Website,Express,3,Card,Cancelled,18950.33,,,
O01906,6/3/2025,C0452,P039,1,47710,-5,47710,41952.07,East,Karnataka,Bengaluru,Marketplace,Same Day,4,Net Banking,Delivered,5757.93,,,
O01907,10/8/2025,C0138,P030,3,37778,30,79333.8,97366.41,East,Telangana,Hyderabad,Website,Standard,5,Card,Cancelled,-18032.61,,,
O01908,20/10/2025,C0475,P028,1,33740,25,25305,25994.64,East,Telangana,Hyderabad,Mobile App,Standard,6,Card,Cancelled,-689.64,,,
O01909,9/6/2025,C0485,P036,3,32894,30,69077.4,87998.44,North,Telangana,Hyderabad,Marketplace,Express,7,Net Banking,Delivered,-18921.04,,,
O01910,5/22/2025,C0410,P012,2,18555,0,37110,23610.05,South,Telangana,Hyderabad,Website,Express,1,COD,Delivered,13499.95,,,
O01911,10/27/2025,C0304,P021,2,25337,35,35471.8,38505.49,South,Telangana,Hyderabad,Website,Express,3,UPI,Cancelled,-3033.69,,,
O01912,2/25/2025,C0030,P041,1,19015,-5,19015,12844.5,North,Telangana,Hyderabad,Website,Same Day,1,Card,Delivered,6170.5,,,
O01913,11/28/2025,C0041,P009,2,32150,-5,64300,54770.81,South,Karnataka,Bengaluru,Mobile App,Same Day,1,UPI,Cancelled,9529.19,,,
O01914,7/13/2025,C0025,P044,2,40582,15,68989.4,68235.04,West,Telangana,Hyderabad,Mobile App,Same Day,7,Net Banking,Cancelled,754.36,,,
O01915,8/23/2025,C0143,P043,3,37028,0,111084,80734.47,South,Telangana,Hyderabad,Mobile App,Express,4,COD,Delivered,30349.53,,,
O01916,1/5/2025,C0001,P011,4,28462,-5,113848,84517.91,East,Telangana,Hyderabad,Website,Express,3,Net Banking,Delivered,29330.09,,,
O01917,5/3/2025,C0315,P015,2,42126,35,58976.4,69500.7,East,Telangana,Hyderabad,Mobile App,Express,1,Net Banking,Cancelled,-10524.3,,,
O01918,4/4/2025,C0084,P023,2,25057,0,50114,37522.44,North,Maharashtra,Pune,Marketplace,Express,5,Net Banking,Delivered,12591.56,,,
O01919,3/5/2025,C0490,P016,4,35140,20,112448,116887.81,West,Maharashtra,Mumbai,Website,Express,4,UPI,Delivered,-4439.81,,,
O01920,12/25/2025,C0050,P034,5,2436,0,12180,9718.09,West,Telangana,Hyderabad,Website,Standard,7,Net Banking,Delivered,2461.91,,,
O01921,11/23/2025,C0490,P015,4,25069,20,80220.8,63944.68,South,Telangana,Hyderabad,Website,Express,7,Net Banking,Cancelled,16276.12,,,
O01922,6/5/2025,C0316,P017,1,16982,35,11887.4,10482.31,West,Telangana,Hyderabad,Website,Express,7,Card,Delivered,1405.09,,,
O01923,2/6/2025,C0109,P027,3,39503,30,82956.3,104490.26,North,Karnataka,Bengaluru,Website,Express,7,Net Banking,Delivered,-21533.96,,,
O01924,12/10/2025,C0091,P021,4,30048,15,102163.2,105309.33,South,Maharashtra,Mumbai,Mobile App,Standard,7,UPI,Delivered,-3146.13,,,
O01925,3/9/2025,C0263,P010,5,3530,35,12355,14684.86,East,Telangana,Hyderabad,Website,Express,5,Net Banking,Delivered,-2329.86,,,
O01926,5/9/2025,C0462,P033,4,24527,0,98108,83343.98,West,Maharashtra,Pune,Mobile App,Express,3,UPI,Delivered,14764.02,,,
O01927,5/30/2025,C0181,P010,5,27861,30,97513.5,108466.98,South,Karnataka,Bengaluru,Mobile App,Express,1,Net Banking,Cancelled,-10953.48,,,
O01928,12/4/2025,C0472,P044,4,9585,5,36423,31622.75,West,Maharashtra,Mumbai,Marketplace,Express,7,Net Banking,Cancelled,4800.25,,,
O01929,11/9/2025,C0324,P014,4,16187,25,48561,41230.79,South,Maharashtra,Mumbai,Marketplace,Express,7,UPI,Cancelled,7330.21,,,
O01930,7/19/2025,C0345,P025,1,3377,0,3377,2200.05,East,Karnataka,Bengaluru,Marketplace,Same Day,4,Card,Delivered,1176.95,,,
O01931,12/16/2025,C0179,P031,4,4417,0,17668,12361.76,East,Telangana,Hyderabad,Website,Standard,2,Net Banking,Delivered,5306.24,,,
O01932,8/16/2025,Unknown,P013,3,33116,30,69543.6,86661.21,South,Telangana,Hyderabad,Website,Express,4,COD,Delivered,-17117.61,,,
O01933,9/21/2025,C0252,P038,3,39739,20,95373.6,94514.44,North,Telangana,Hyderabad,Website,Express,4,Card,Delivered,859.16,,,
O01934,10/8/2025,C0254,P038,4,7468,-5,29872,23450.25,West,Karnataka,Bengaluru,Marketplace,Standard,4,COD,Delivered,6421.75,,,
O01935,8/18/2025,C0351,P021,3,11391,20,27338.4,31241.35,South,Telangana,Hyderabad,Marketplace,Express,5,Card,Delivered,-3902.95,,,
O01936,25/01/2025,C0043,P005,2,19567,5,37177.3,25350.83,West,Telangana,Hyderabad,Website,Standard,1,UPI,Delivered,11826.47,,,
O01937,1/10/2025,C0059,P049,2,49289,35,69004.6,64277.65,North,Maharashtra,Mumbai,Website,Standard,3,Card,Delivered,4726.95,,,
O01938,11/8/2025,C0014,P044,1,5550,-5,5550,3702.59,West,Telangana,Hyderabad,Mobile App,Express,4,Card,Delivered,1847.41,,,
O01939,8/21/2025,C0048,P039,1,5698,25,4273.5,4578.8,North,Karnataka,Bengaluru,Mobile App,Standard,7,Net Banking,Delivered,-305.3,,,
O01940,11/2/2025,C0299,P037,4,47872,35,134041.6,117535.5,South,Telangana,Hyderabad,Marketplace,Express,5,Card,Cancelled,16506.1,,,
O01941,15/08/2025,C0015,P044,3,28991,10,78275.7,78718.9,West,Telangana,Hyderabad,Website,Standard,4,Card,Delivered,-443.2,,,
O01942,1/25/2025,C0345,P023,1,46673,0,46673,36947.29,West,Karnataka,Bengaluru,Marketplace,Express,6,Card,Delivered,9725.71,,,
O01943,2/13/2025,C0397,P024,1,7610,10,6849,6025.63,South,Telangana,Hyderabad,Mobile App,Express,2,COD,Delivered,823.37,,,
O01944,4/26/2025,C0476,P048,4,23026,0,92104,57804.82,South,Telangana,Hyderabad,Mobile App,Same Day,2,COD,Delivered,34299.18,,,
O01945,6/30/2025,C0152,P025,3,2095,-5,6285,5661.78,East,Telangana,Hyderabad,Marketplace,Express,3,COD,Cancelled,623.22,,,
O01946,4/6/2025,C0243,P023,1,44660,0,44660,29633.35,South,Karnataka,Bengaluru,Mobile App,Express,3,COD,Delivered,15026.65,,,
O01947,11/28/2025,C0370,P045,2,23278,0,46556,31399.54,North,Telangana,Hyderabad,Mobile App,Standard,2,COD,Delivered,15156.46,,,
O01948,11/14/2025,C0433,P050,4,49246,0,196984,179468.01,West,Telangana,Hyderabad,Marketplace,Express,1,COD,Delivered,17515.99,,,
O01949,1/3/2025,C0174,P012,5,11904,35,41664,46176.22,East,Karnataka,Bengaluru,Mobile App,Standard,7,Card,Delivered,-4512.22,,,
O01950,6/26/2025,C0296,P037,3,42339,0,127017,77042.98,East,Telangana,Hyderabad,Mobile App,Express,4,UPI,Cancelled,49974.02,,,
O01951,8/23/2025,C0162,P012,5,21346,30,74711,98672.87,South,Maharashtra,Pune,Marketplace,Express,4,Card,Delivered,-23961.87,,,
O01952,11/3/2025,C0256,P002,3,8138,10,21972.6,20402.19,North,Telangana,Hyderabad,Marketplace,Express,7,UPI,Delivered,1570.41,,,
O01953,10/3/2025,C0187,P003,3,23397,15,59662.35,47932.69,East,Karnataka,Bengaluru,Marketplace,Express,5,UPI,Cancelled,11729.66,,,
O01954,31/08/2025,C0335,P040,4,31665,20,101328,103181.46,South,Telangana,Hyderabad,Marketplace,Express,2,Card,Delivered,-1853.46,,,
O01955,1/21/2025,C0404,P043,3,24027,15,61268.85,66282.32,East,Telangana,Hyderabad,Mobile App,Standard,4,UPI,Cancelled,-5013.47,,,
O01956,5/31/2025,C0335,P021,4,48479,15,164828.6,160629.61,North,Maharashtra,Pune,Website,Standard,2,COD,Delivered,4198.99,,,
O01957,12/11/2025,C0418,P011,2,7656,25,11484,9765.06,North,Telangana,Hyderabad,Mobile App,Express,2,Net Banking,Delivered,1718.94,,,
O01958,5/8/2025,C0066,P022,2,20962,35,29346.8,37480.82,West,Telangana,Hyderabad,Website,Same Day,2,Card,Cancelled,-8134.02,,,
O01959,10/26/2025,C0249,P039,5,5359,25,20096.25,17159.21,North,Telangana,Hyderabad,Mobile App,Express,3,Card,Delivered,2937.04,,,
O01960,10/2/2025,C0180,P038,4,6356,0,25424,23383.93,West,Telangana,Hyderabad,Mobile App,Express,4,Card,Delivered,2040.07,,,
O01961,25/02/2025,C0182,P028,3,621,5,1769.85,1595.49,South,Telangana,Hyderabad,Website,Express,1,Card,Delivered,174.36,,,
O01962,8/7/2025,C0148,P022,3,12790,25,28777.5,30167.52,East,Telangana,Hyderabad,Marketplace,Express,7,Card,Cancelled,-1390.02,,,
O01963,25/04/2025,C0082,P022,1,4968,30,3477.6,3433.54,East,Telangana,Hyderabad,Marketplace,Express,2,COD,Delivered,44.06,,,
O01964,8/15/2025,C0086,P011,4,37239,15,126612.6,100174.94,West,Telangana,Hyderabad,Website,Standard,5,Net Banking,Delivered,26437.66,,,
O01965,31/07/2025,C0229,P001,1,40758,35,28530.6,25316.97,South,Maharashtra,Mumbai,Marketplace,Express,6,Card,Delivered,3213.63,,,
O01966,8/23/2025,C0196,P004,5,27191,10,122359.5,121902.46,West,Telangana,Hyderabad,Website,Standard,7,COD,Cancelled,457.04,,,
O01967,19/07/2025,C0407,P007,3,6312,0,18936,15921.58,East,Telangana,Hyderabad,Mobile App,Standard,5,COD,Delivered,3014.42,,,
O01968,7/24/2025,C0421,P018,5,35857,0,179285,149354.2,North,Telangana,Hyderabad,Mobile App,Standard,2,Net Banking,Cancelled,29930.8,,,
O01969,5/7/2025,C0077,P048,3,31205,0,93615,63050.83,North,Telangana,Hyderabad,Mobile App,Standard,3,Card,Delivered,30564.17,,,
O01970,22/07/2025,C0377,P040,2,29487,25,44230.5,40739.19,East,Telangana,Hyderabad,Website,Standard,1,UPI,Delivered,3491.31,,,
O01971,4/5/2025,C0384,P002,1,24681,15,20978.85,20728.24,North,Telangana,Hyderabad,Marketplace,Standard,4,UPI,Delivered,250.61,,,
O01972,9/23/2025,C0279,P021,1,1526,-5,1526,962.96,South,Telangana,Hyderabad,Website,Express,4,Net Banking,Cancelled,563.04,,,
O01973,11/10/2025,C0350,P022,1,21875,20,17500,15645.92,South,Telangana,Hyderabad,Mobile App,Express,1,Card,Delivered,1854.08,,,
O01974,3/15/2025,Unknown,P008,5,48796,20,195184,186168.29,West,Telangana,Hyderabad,Mobile App,Standard,2,UPI,Cancelled,9015.71,,,
O01975,3/5/2025,C0255,P024,2,35883,10,64589.4,59399.47,North,Maharashtra,Pune,Website,Express,1,Net Banking,Cancelled,5189.93,,,
O01976,7/13/2025,C0154,P016,5,24886,10,111987,112357.52,South,Telangana,Hyderabad,Marketplace,Standard,3,COD,Delivered,-370.52,,,
O01977,24/06/2025,C0404,P042,3,21885,-5,65655,50559.54,North,Telangana,Hyderabad,Website,Express,2,Card,Delivered,15095.46,,,
O01978,1/15/2025,C0149,P026,1,11333,20,9066.4,9182.89,East,Telangana,Hyderabad,Mobile App,Express,4,COD,Cancelled,-116.49,,,
O01979,12/13/2025,C0409,P026,4,44839,5,170388.2,113732.16,West,Telangana,Hyderabad,Website,Express,2,Net Banking,Delivered,56656.04,,,
O01980,2/23/2025,C0070,P034,5,1468,0,7340,6911.01,West,Karnataka,Bengaluru,Marketplace,Express,3,Net Banking,Delivered,428.99,,,
O01981,16/08/2025,C0207,P034,1,40466,30,28326.2,33892.25,South,Karnataka,Bengaluru,Marketplace,Express,2,UPI,Cancelled,-5566.05,,,
O01982,4/19/2025,C0226,P010,3,43865,0,131595,117843.72,South,Telangana,Hyderabad,Website,Express,3,Net Banking,Cancelled,13751.28,,,
O01983,4/9/2025,C0427,P035,2,24743,0,49486,42551.95,South,Maharashtra,Mumbai,Marketplace,Express,6,Card,Delivered,6934.05,,,
O01984,6/15/2025,C0195,P030,3,17919,0,53757,39297.99,South,Telangana,Hyderabad,Website,Express,3,UPI,Delivered,14459.01,,,
O01985,10/4/2025,C0089,P038,2,3972,5,7546.8,6292.45,West,Karnataka,Bengaluru,Marketplace,Express,3,Net Banking,Cancelled,1254.35,,,
O01986,3/3/2025,C0370,P043,4,27612,35,77313.6,94501.94,West,Telangana,Hyderabad,Website,Standard,3,Card,Delivered,-17188.34,,,
O01987,22/04/2025,C0094,P034,2,44704,30,62585.6,58989.07,East,Telangana,Hyderabad,Marketplace,Same Day,6,COD,Delivered,3596.53,,,
O01988,9/12/2025,C0348,P011,5,33047,35,115664.5,100028.83,South,Maharashtra,Pune,Marketplace,Express,1,Card,Delivered,15635.67,,,
O01989,8/11/2025,C0221,P028,3,2950,0,8850,7010.72,East,Telangana,Hyderabad,Mobile App,Express,1,COD,Delivered,1839.28,,,
O01990,2/24/2025,C0186,P008,1,36204,10,32583.6,26229.08,East,Telangana,Hyderabad,Mobile App,Standard,3,Card,Delivered,6354.52,,,
O01991,6/8/2025,Unknown,P007,2,2210,0,4420,3931.12,West,Telangana,Hyderabad,Website,Standard,6,Card,Cancelled,488.88,,,
O01992,21/07/2025,C0310,P026,4,1326,20,4243.2,3321.9,East,Telangana,Hyderabad,Mobile App,Express,1,Net Banking,Cancelled,921.3,,,
O01993,2/6/2025,C0369,P031,5,20432,10,91944,76997.5,South,Telangana,Hyderabad,Mobile App,Same Day,3,Card,Delivered,14946.5,,,
O01994,23/12/2025,C0363,P018,1,47416,0,47416,40281.84,West,Telangana,Hyderabad,Website,Express,1,Card,Delivered,7134.16,,,
O01995,9/5/2025,C0483,P001,5,30087,25,112826.25,112560.68,East,Maharashtra,Pune,Mobile App,Express,4,COD,Cancelled,265.57,,,
O01996,4/7/2025,C0396,P039,1,43098,0,43098,36856.55,North,Karnataka,Bengaluru,Mobile App,Same Day,5,COD,Delivered,6241.45,,,
O01997,21/04/2025,C0409,P042,4,40194,35,112543.2,127927.03,West,Telangana,Hyderabad,Mobile App,Express,4,Card,Delivered,-15383.83,,,
O01998,8/4/2025,C0324,P026,2,9570,0,19140,17524.91,South,Maharashtra,Pune,Mobile App,Express,6,Card,Delivered,1615.09,,,
O01999,11/15/2025,C0027,P027,5,33579,-5,167895,158978.84,South,Karnataka,Bengaluru,Website,Express,5,Card,Cancelled,8916.16,,,
O02000,9/11/2025,C0121,P014,5,9802,25,36757.5,30244.27,South,Telangana,Hyderabad,Website,Standard,5,Net Banking,Delivered,6513.23,,,
O02001,5/4/2025,C0373,P035,1,4788,35,3351.6,3645.01,North,Telangana,Hyderabad,Mobile App,Express,7,Card,Delivered,-293.41,,,
O02002,4/10/2025,C0074,P032,1,2160,35,1512,1438.26,North,Maharashtra,Mumbai,Website,Express,7,COD,Delivered,73.74,,,
O02003,1/29/2025,C0156,P044,1,14161,15,12036.85,10539.6,West,Karnataka,Bengaluru,Website,Standard,2,COD,Delivered,1497.25,,,
O02004,9/8/2025,C0441,P044,3,38435,25,86478.75,75840.18,West,Karnataka,Bengaluru,Website,Same Day,7,COD,Cancelled,10638.57,,,
O02005,6/1/2025,C0009,P023,1,27719,10,24947.1,21744.23,North,Telangana,Hyderabad,Mobile App,Express,6,UPI,Cancelled,3202.87,,,
O02006,1/1/2025,C0379,P035,2,28484,0,56968,34519.1,North,Telangana,Hyderabad,Mobile App,Standard,2,Net Banking,Delivered,22448.9,,,
O02007,11/7/2025,C0179,P024,1,39879,0,39879,27652.27,West,Telangana,Hyderabad,Marketplace,Same Day,4,Card,Cancelled,12226.73,,,
O02008,10/29/2025,C0332,P025,3,5254,0,15762,10103.61,East,Telangana,Hyderabad,Mobile App,Same Day,4,Card,Cancelled,5658.39,,,
O02009,31/05/2025,C0409,P002,3,41953,15,106980.15,114520.13,East,Karnataka,Bengaluru,Website,Express,5,COD,Delivered,-7539.98,,,
O02010,11/18/2025,C0318,P023,4,8030,-5,32120,23663.99,West,Telangana,Hyderabad,Website,Express,2,UPI,Cancelled,8456.01,,,
O02149,8/21/2025,C0345,P018,5,7396,10,33282,26837.11,North,Telangana,Hyderabad,Marketplace,Same Day,6,COD,Cancelled,6444.89,,,
O02012,3/29/2025,C0362,P045,2,14444,10,25999.2,21824.52,East,Telangana,Hyderabad,Marketplace,Standard,6,COD,Delivered,4174.68,,,
O02013,2/8/2025,C0433,P023,4,12950,-5,51800,37034.7,South,Telangana,Hyderabad,Website,Standard,6,Card,Delivered,14765.3,,,
O02014,1/10/2025,C0007,P002,5,31064,30,108724,141997.59,South,Telangana,Hyderabad,Website,Express,7,Card,Delivered,-33273.59,,,
O02015,9/20/2025,C0449,P039,5,10518,-5,52590,36118.31,West,Karnataka,Bengaluru,Marketplace,Same Day,1,UPI,Cancelled,16471.69,,,
O02016,9/4/2025,C0034,P043,3,34478,20,82747.2,67942.24,South,Telangana,Hyderabad,Website,Express,6,UPI,Delivered,14804.96,,,
O02017,11/6/2025,C0283,P049,2,12884,-5,25768,15966.5,South,Karnataka,Bengaluru,Website,Same Day,1,Card,Delivered,9801.5,,,
O02018,5/19/2025,C0314,P032,2,37026,30,51836.4,67575.43,South,Telangana,Hyderabad,Marketplace,Express,5,COD,Delivered,-15739.03,,,
O02019,4/25/2025,C0279,P045,4,40468,5,153778.4,106002.16,North,Karnataka,Bengaluru,Mobile App,Standard,4,UPI,Cancelled,47776.24,,,
O02020,7/8/2025,C0190,P015,5,29853,35,104485.5,126004.92,North,Maharashtra,Pune,Website,Standard,6,COD,Delivered,-21519.42,,,
O02021,7/4/2025,C0116,P019,3,33394,5,95172.9,92850.12,West,Telangana,Hyderabad,Mobile App,Standard,4,Card,Cancelled,2322.78,,,
O02022,31/08/2025,C0272,P021,4,13642,-5,54568,49952.33,East,Maharashtra,Mumbai,Marketplace,Same Day,1,COD,Delivered,4615.67,,,
O02023,10/14/2025,C0282,P006,4,17973,0,71892,46176.47,West,Telangana,Hyderabad,Marketplace,Express,1,COD,Cancelled,25715.53,,,
O02024,9/15/2025,C0483,P006,2,32540,25,48810,45912.03,East,Telangana,Hyderabad,Website,Express,6,Card,Cancelled,2897.97,,,
O02025,5/10/2025,C0368,P048,5,38895,-5,194475,146362.42,West,Telangana,Hyderabad,Marketplace,Express,4,UPI,Cancelled,48112.58,,,
O02026,16/09/2025,C0236,P049,4,28296,10,101865.6,79019.47,East,Telangana,Hyderabad,Mobile App,Express,6,Card,Delivered,22846.13,,,
O02027,10/21/2025,C0198,P048,1,14401,5,13680.95,10770.2,East,Telangana,Hyderabad,Website,Express,5,UPI,Delivered,2910.75,,,
O02028,10/22/2025,C0130,P005,2,1187,0,2374,1826.67,South,Telangana,Hyderabad,Website,Standard,7,UPI,Cancelled,547.33,,,
O02029,21/04/2025,C0271,P014,4,11343,20,36297.6,41297.02,South,Maharashtra,Pune,Marketplace,Standard,6,Net Banking,Delivered,-4999.42,,,
O02030,18/03/2025,C0439,P026,4,1955,0,7820,6689.53,East,Telangana,Hyderabad,Mobile App,Standard,5,Card,Delivered,1130.47,,,
O02031,1/23/2025,C0318,P012,3,35474,30,74495.4,72957.08,West,Telangana,Hyderabad,Marketplace,Express,5,COD,Delivered,1538.32,,,
O02032,23/09/2025,C0397,P027,5,17408,25,65280,71218,North,Telangana,Hyderabad,Mobile App,Express,3,Card,Cancelled,-5938,,,
O02033,14/05/2025,C0399,P022,3,26794,0,80382,60059.27,North,Telangana,Hyderabad,Marketplace,Express,7,Card,Delivered,20322.73,,,
O02034,10/20/2025,C0145,P013,1,11007,35,7704.9,7511.46,South,Karnataka,Bengaluru,Mobile App,Express,7,Net Banking,Cancelled,193.44,,,
O02916,2/12/2025,C0470,P017,3,32123,0,96369,80492.07,South,Karnataka,Bengaluru,Mobile App,Standard,3,Card,Cancelled,15876.93,,,
O02036,7/14/2025,C0485,P006,4,41175,20,131760,144335.82,North,Telangana,Hyderabad,Website,Standard,1,Card,Delivered,-12575.82,,,
O02037,4/12/2025,C0110,P001,5,18750,15,79687.5,56364.99,South,Telangana,Hyderabad,Mobile App,Express,3,UPI,Delivered,23322.51,,,
O02038,22/06/2025,C0122,P031,4,36636,30,102580.8,131135.04,West,Karnataka,Bengaluru,Website,Express,7,Card,Cancelled,-28554.24,,,
O02039,1/8/2025,C0171,P015,2,2608,0,5216,4426.69,South,Karnataka,Bengaluru,Website,Standard,1,Net Banking,Delivered,789.31,,,
O02040,6/29/2025,C0370,P012,5,35581,10,160114.5,138676.21,West,Karnataka,Bengaluru,Marketplace,Express,7,Card,Delivered,21438.29,,,
O02041,12/7/2025,C0012,P017,1,49091,0,49091,39640.93,South,Karnataka,Bengaluru,Mobile App,Standard,1,COD,Cancelled,9450.07,,,
O02042,2/6/2025,C0318,P001,5,43785,10,197032.5,177743.73,West,Karnataka,Bengaluru,Mobile App,Express,2,COD,Cancelled,19288.77,,,
O02043,9/17/2025,C0454,P026,3,13938,0,41814,37789.46,West,Karnataka,Bengaluru,Marketplace,Express,4,Card,Delivered,4024.54,,,
O02044,6/6/2025,C0411,P046,1,9655,0,9655,7625.67,West,Telangana,Hyderabad,Marketplace,Standard,4,Card,Delivered,2029.33,,,
O02045,7/9/2025,C0471,P027,1,48277,10,43449.3,33881.86,North,Karnataka,Bengaluru,Marketplace,Express,2,COD,Delivered,9567.44,,,
O02046,2/6/2025,C0192,P002,3,21970,10,59319,53664.04,North,Karnataka,Bengaluru,Mobile App,Express,5,Card,Delivered,5654.96,,,
O02047,7/20/2025,C0424,P021,4,31408,25,94224,95121.27,North,Telangana,Hyderabad,Marketplace,Express,Not Delivered,Card,Cancelled,-897.27,,,
O02048,6/23/2025,C0409,P011,2,8358,0,16716,15664.89,West,Telangana,Hyderabad,Mobile App,Express,6,UPI,Delivered,1051.11,,,
O02049,9/19/2025,C0368,P002,5,16486,15,70065.5,57932.26,South,Telangana,Hyderabad,Website,Standard,5,Net Banking,Cancelled,12133.24,,,
O02050,6/6/2025,C0218,P030,3,41068,5,117043.8,75805.19,East,Telangana,Hyderabad,Mobile App,Standard,2,UPI,Delivered,41238.61,,,
O02051,11/9/2025,C0116,P018,5,40182,35,140637,184134.4,South,Karnataka,Bengaluru,Marketplace,Standard,7,COD,Delivered,-43497.4,,,
O02052,4/4/2025,C0377,P026,2,42357,0,84714,56526.07,South,Telangana,Hyderabad,Marketplace,Express,7,Card,Cancelled,28187.93,,,
O02053,2/20/2025,C0356,P026,3,14953,10,40373.1,32465.03,North,Telangana,Hyderabad,Website,Standard,2,COD,Delivered,7908.07,,,
O02054,12/3/2025,C0290,P026,1,5350,0,5350,3896.09,East,Telangana,Hyderabad,Mobile App,Same Day,1,Net Banking,Delivered,1453.91,,,
O02055,8/26/2025,C0233,P019,1,17752,30,12426.4,12333.45,North,Telangana,Hyderabad,Mobile App,Standard,5,UPI,Delivered,92.95,,,
O02056,10/10/2025,C0271,P033,5,44514,0,222570,172574.68,West,Telangana,Hyderabad,Website,Express,5,Net Banking,Cancelled,49995.32,,,
O02057,2/3/2025,C0029,P010,1,48594,35,34015.8,29791.87,South,Telangana,Hyderabad,Mobile App,Express,2,Card,Cancelled,4223.93,,,
O02058,7/1/2025,C0119,P027,4,17247,0,68988,50290.19,North,Karnataka,Bengaluru,Marketplace,Express,3,UPI,Delivered,18697.81,,,
O02059,9/22/2025,Unknown,P026,2,25607,30,35849.8,36939.83,East,Telangana,Hyderabad,Mobile App,Express,4,UPI,Cancelled,-1090.03,,,
O02060,10/19/2025,C0436,P004,1,4824,15,4100.4,3966.35,West,Karnataka,Bengaluru,Mobile App,Express,3,Net Banking,Delivered,134.05,,,
O02061,30/09/2025,C0380,P014,5,1219,10,5485.5,4017.53,East,Telangana,Hyderabad,Marketplace,Express,1,Card,Cancelled,1467.97,,,
O02062,11/12/2025,C0472,P038,2,39083,0,78166,64229.24,East,Maharashtra,Mumbai,Marketplace,Express,4,UPI,Delivered,13936.76,,,
O02063,4/10/2025,C0170,P013,1,43814,0,43814,37346.43,South,Telangana,Hyderabad,Mobile App,Express,4,Net Banking,Delivered,6467.57,,,
O02064,4/20/2025,C0161,P014,4,38068,10,137044.8,108118.65,West,Telangana,Hyderabad,Mobile App,Express,6,Net Banking,Delivered,28926.15,,,
O02065,2/16/2025,C0372,P010,3,14502,0,43506,32325.23,East,Maharashtra,Mumbai,Mobile App,Same Day,2,UPI,Cancelled,11180.77,,,
O02066,11/8/2025,C0456,P028,5,19736,10,88812,86906.68,East,Telangana,Hyderabad,Website,Express,1,COD,Cancelled,1905.32,,,
O02067,3/12/2025,C0192,P004,1,41195,0,41195,34578.46,East,Telangana,Hyderabad,Marketplace,Standard,3,COD,Cancelled,6616.54,,,
O02068,6/7/2025,C0054,P050,3,29286,-5,87858,61359.15,West,Karnataka,Bengaluru,Website,Express,4,UPI,Delivered,26498.85,,,
O02069,11/25/2025,C0497,P031,1,44692,25,33519,31580.07,West,Maharashtra,Mumbai,Mobile App,Standard,2,Card,Delivered,1938.93,,,
O02070,7/11/2025,C0256,P032,3,26802,0,80406,70682.12,West,Karnataka,Bengaluru,Mobile App,Standard,7,Net Banking,Cancelled,9723.88,,,
O02071,26/09/2025,C0312,P031,2,32383,0,64766,39751.73,West,Telangana,Hyderabad,Mobile App,Standard,1,Card,Delivered,25014.27,,,
O02072,30/03/2025,C0402,P019,4,32904,-5,131616,119937.02,East,Telangana,Hyderabad,Mobile App,Standard,1,Card,Delivered,11678.98,,,
O02073,7/30/2025,C0162,P007,5,21957,15,93317.25,92001.78,North,Maharashtra,Pune,Website,Standard,2,Card,Delivered,1315.47,,,
O02074,17/01/2025,C0347,P048,5,37695,0,188475,165648.66,South,Telangana,Hyderabad,Mobile App,Express,1,COD,Cancelled,22826.34,,,
O02075,16/06/2025,C0159,P025,2,34140,0,68280,44606.15,East,Maharashtra,Mumbai,Marketplace,Same Day,4,Card,Delivered,23673.85,,,
O02076,5/6/2025,C0001,P039,2,14139,0,28278,17472.94,South,Telangana,Hyderabad,Website,Express,4,COD,Delivered,10805.06,,,
O02077,9/27/2025,C0207,P006,3,3055,-5,9165,5798.48,East,Maharashtra,Pune,Mobile App,Standard,7,COD,Delivered,3366.52,,,
O02078,3/8/2025,C0096,P022,4,45456,25,136368,144908.58,West,Telangana,Hyderabad,Website,Same Day,1,Net Banking,Cancelled,-8540.58,,,
O02079,3/11/2025,C0248,P018,4,35356,25,106068,128436.46,North,Telangana,Hyderabad,Website,Standard,4,Net Banking,Delivered,-22368.46,,,
O02080,6/16/2025,C0384,P013,5,38723,30,135530.5,159145.77,South,Telangana,Hyderabad,Website,Standard,3,UPI,Delivered,-23615.27,,,
O02081,22/09/2025,C0333,P010,5,27580,20,110320,108919.67,West,Telangana,Hyderabad,Marketplace,Express,6,Card,Delivered,1400.33,,,
O02082,10/4/2025,C0336,P044,1,38341,0,38341,34841.99,South,Telangana,Hyderabad,Mobile App,Same Day,2,Card,Cancelled,3499.01,,,
O02083,11/25/2025,C0488,P018,5,5699,15,24220.75,20682.18,South,Telangana,Hyderabad,Mobile App,Express,2,Net Banking,Delivered,3538.57,,,
O02084,10/5/2025,C0209,P027,5,15538,30,54383,67650.2,East,Maharashtra,Mumbai,Website,Express,3,Card,Delivered,-13267.2,,,
O02085,3/5/2025,C0120,P031,2,37495,10,67491,45819.37,South,Telangana,Hyderabad,Mobile App,Standard,7,Card,Delivered,21671.63,,,
O02086,25/11/2025,C0107,P043,3,18497,0,55491,47845.15,East,Telangana,Hyderabad,Website,Express,7,Card,Delivered,7645.85,,,
O02087,8/11/2025,C0272,P039,1,11279,20,9023.2,7920.58,West,Telangana,Hyderabad,Website,Same Day,3,COD,Delivered,1102.62,,,
O02088,1/5/2025,C0472,P003,3,31544,20,75705.6,89743.68,North,Telangana,Hyderabad,Mobile App,Express,6,Card,Delivered,-14038.08,,,
O02089,4/10/2025,Unknown,P004,1,36813,35,25769.1,22208.44,East,Telangana,Hyderabad,Marketplace,Standard,6,UPI,Cancelled,3560.66,,,
O02090,7/19/2025,C0110,P008,5,19772,20,79088,84832.27,East,Karnataka,Bengaluru,Mobile App,Standard,6,COD,Delivered,-5744.27,,,
O02091,5/5/2025,C0314,P012,1,26890,25,20167.5,16359.14,South,Telangana,Hyderabad,Marketplace,Express,2,Card,Delivered,3808.36,,,
O02092,4/24/2025,C0227,P020,2,2960,25,4440,4698.66,South,Karnataka,Bengaluru,Marketplace,Express,3,COD,Delivered,-258.66,,,
O02093,9/27/2025,C0344,P045,3,35623,0,106869,66889.56,South,Telangana,Hyderabad,Marketplace,Express,7,UPI,Delivered,39979.44,,,
O02094,25/09/2025,C0436,P045,4,42022,0,168088,132564.64,West,Karnataka,Bengaluru,Website,Express,4,Net Banking,Cancelled,35523.36,,,
O02095,3/15/2025,C0171,P040,2,24163,5,45909.7,36293.37,West,Telangana,Hyderabad,Mobile App,Express,6,Net Banking,Delivered,9616.33,,,
O02096,2/25/2025,C0394,P002,3,36862,10,99527.4,86235.01,West,Telangana,Hyderabad,Mobile App,Express,Not Delivered,Card,Cancelled,13292.39,,,
O02097,7/9/2025,C0186,P035,4,44512,-5,178048,142909.94,South,Telangana,Hyderabad,Mobile App,Standard,1,Net Banking,Cancelled,35138.06,,,
O02098,3/25/2025,C0357,P012,2,36616,0,73232,56471.06,East,Karnataka,Bengaluru,Mobile App,Express,6,Net Banking,Delivered,16760.94,,,
O02099,5/7/2025,C0127,P006,2,33251,25,49876.5,58237.05,East,Telangana,Hyderabad,Website,Express,5,Card,Delivered,-8360.55,,,
O02100,1/17/2025,C0253,P039,1,37604,20,30083.2,28639.11,North,Telangana,Hyderabad,Marketplace,Express,7,UPI,Delivered,1444.09,,,
O02101,2/21/2025,C0384,P037,1,39459,5,37486.05,26792.89,East,Telangana,Hyderabad,Website,Same Day,5,UPI,Delivered,10693.16,,,
O02102,16/06/2025,C0305,P034,2,40162,35,56226.8,50048.64,West,Telangana,Hyderabad,Website,Same Day,4,Card,Cancelled,6178.16,,,
O02103,1/8/2025,C0305,P046,3,6900,0,20700,17862.96,West,Telangana,Hyderabad,Website,Standard,5,Card,Cancelled,2837.04,,,
O02104,5/16/2025,C0344,P001,4,27508,0,110032,88571.55,South,Telangana,Hyderabad,Marketplace,Express,4,Card,Delivered,21460.45,,,
O02105,7/4/2025,C0221,P043,3,25080,0,75240,70999.33,North,Maharashtra,Mumbai,Website,Express,5,Card,Delivered,4240.67,,,
O02106,10/16/2025,C0393,P011,1,48005,0,48005,37564.38,North,Telangana,Hyderabad,Mobile App,Express,1,Card,Delivered,10440.62,,,
O02107,26/08/2025,C0044,P032,2,21445,0,42890,38665.77,West,Telangana,Hyderabad,Website,Express,7,Card,Delivered,4224.23,,,
O02108,18/11/2025,C0425,P039,1,11841,5,11248.95,7352.08,West,Telangana,Hyderabad,Marketplace,Express,1,Card,Cancelled,3896.87,,,
O02109,1/6/2025,C0168,P024,1,36077,0,36077,22870.29,West,Maharashtra,Pune,Mobile App,Standard,7,Card,Delivered,13206.71,,,
O02110,3/28/2025,C0006,P043,2,16957,20,27131.2,31716.14,West,Telangana,Hyderabad,Website,Express,5,UPI,Delivered,-4584.94,,,
O02111,2/2/2025,C0045,P036,4,13061,20,41795.2,46191.84,West,Telangana,Hyderabad,Mobile App,Express,3,Net Banking,Delivered,-4396.64,,,
O02112,9/18/2025,C0204,P006,2,27140,35,37996,40050.27,South,Telangana,Hyderabad,Website,Standard,7,Net Banking,Cancelled,-2054.27,,,
O02113,6/28/2025,C0153,P014,4,38298,10,137872.8,113075.99,West,Karnataka,Bengaluru,Mobile App,Express,3,UPI,Delivered,24796.81,,,
O02114,9/14/2025,C0115,P048,2,30328,10,54590.4,47803.76,West,Telangana,Hyderabad,Mobile App,Standard,1,Card,Delivered,6786.64,,,
O02115,29/01/2025,C0176,P018,1,5039,20,4031.2,4242.08,North,Telangana,Hyderabad,Mobile App,Standard,4,UPI,Delivered,-210.88,,,
O02116,21/11/2025,C0133,P008,3,42441,35,89126.1,88883.11,West,Telangana,Hyderabad,Marketplace,Express,1,COD,Delivered,242.99,,,
O02117,1/13/2025,C0112,P038,5,28060,15,119255,87271.14,North,Telangana,Hyderabad,Mobile App,Express,6,Card,Cancelled,31983.86,,,
O02118,11/16/2025,C0438,P027,5,37196,25,139485,139901.97,South,Karnataka,Bengaluru,Mobile App,Standard,1,Card,Delivered,-416.97,,,
O02119,11/29/2025,C0440,P047,2,44863,35,62808.2,63190.33,West,Telangana,Hyderabad,Marketplace,Standard,6,Net Banking,Delivered,-382.13,,,
O02120,10/12/2025,C0304,P004,4,16075,20,51440,56139.09,East,Telangana,Hyderabad,Website,Standard,7,Card,Cancelled,-4699.09,,,
O02121,8/30/2025,C0034,P026,4,33879,35,94861.2,98972.02,South,Telangana,Hyderabad,Website,Same Day,6,Net Banking,Delivered,-4110.82,,,
O02122,6/7/2025,C0158,P004,2,43765,15,74400.5,62503.92,North,Telangana,Hyderabad,Website,Same Day,7,Card,Delivered,11896.58,,,
O02123,7/12/2025,C0302,P046,1,30065,25,22548.75,22913.33,North,Telangana,Hyderabad,Website,Standard,1,Card,Delivered,-364.58,,,
O02124,6/19/2025,C0106,P029,1,13147,25,9860.25,8105.99,East,Telangana,Hyderabad,Marketplace,Standard,7,Net Banking,Delivered,1754.26,,,
O02125,10/6/2025,C0258,P027,4,34222,35,95821.6,104927.47,West,Telangana,Hyderabad,Marketplace,Express,5,Card,Delivered,-9105.87,,,
O02126,7/30/2025,C0257,P010,1,37264,15,31674.4,25421.09,North,Telangana,Hyderabad,Website,Express,4,UPI,Delivered,6253.31,,,
O02127,9/29/2025,C0067,P013,1,40084,0,40084,26447.2,North,Telangana,Hyderabad,Website,Same Day,5,Card,Cancelled,13636.8,,,
O02128,21/11/2025,C0480,P013,1,23086,25,17314.5,20653.68,South,Karnataka,Bengaluru,Marketplace,Express,2,UPI,Delivered,-3339.18,,,
O02129,7/6/2025,C0041,P014,5,19408,15,82484,80930.41,South,Telangana,Hyderabad,Mobile App,Express,6,UPI,Delivered,1553.59,,,
O02130,19/01/2025,C0111,P043,4,24132,0,96528,72929.3,South,Telangana,Hyderabad,Website,Express,3,UPI,Cancelled,23598.7,,,
O02131,18/03/2025,C0448,P008,2,45543,5,86531.7,67411.46,North,Telangana,Hyderabad,Website,Same Day,7,Net Banking,Cancelled,19120.24,,,
O02132,7/25/2025,C0047,P024,1,47262,20,37809.6,44597.97,West,Maharashtra,Mumbai,Marketplace,Express,6,COD,Cancelled,-6788.37,,,
O02133,10/29/2025,C0348,P049,2,13069,0,26138,23414.67,East,Telangana,Hyderabad,Marketplace,Same Day,3,UPI,Delivered,2723.33,,,
O02134,19/07/2025,C0339,P028,2,37102,20,59363.2,57343.73,West,Telangana,Hyderabad,Marketplace,Express,2,Card,Delivered,2019.47,,,
O02135,10/30/2025,C0394,P040,5,47318,20,189272,160445.36,West,Telangana,Hyderabad,Website,Express,2,Card,Cancelled,28826.64,,,
O02136,3/4/2025,C0471,P007,5,49358,30,172753,185755.35,North,Telangana,Hyderabad,Website,Standard,1,Card,Cancelled,-13002.35,,,
O02137,5/4/2025,C0295,P035,2,39739,25,59608.5,55116.45,West,Telangana,Hyderabad,Website,Standard,2,Card,Delivered,4492.05,,,
O02138,8/16/2025,C0277,P041,5,17922,0,89610,75688.32,North,Maharashtra,Pune,Mobile App,Standard,3,UPI,Delivered,13921.68,,,
O02139,10/1/2025,C0189,P011,3,23688,15,60404.4,61048.78,East,Telangana,Hyderabad,Mobile App,Same Day,6,Card,Cancelled,-644.38,,,
O02140,3/15/2025,C0057,P039,1,24579,0,24579,20151.95,North,Telangana,Hyderabad,Marketplace,Express,6,Card,Delivered,4427.05,,,
O02141,12/9/2025,C0211,P019,4,26232,5,99681.6,66740.93,East,Karnataka,Bengaluru,Marketplace,Same Day,2,COD,Delivered,32940.67,,,
O02142,20/05/2025,C0213,P026,3,28419,35,59679.9,72543.86,West,Telangana,Hyderabad,Website,Standard,4,COD,Cancelled,-12863.96,,,
O02143,8/13/2025,C0054,P016,3,7994,15,20384.7,20660.24,West,Telangana,Hyderabad,Website,Express,6,Card,Delivered,-275.54,,,
O02144,18/03/2025,C0230,P025,2,48695,25,73042.5,80618.53,North,Maharashtra,Pune,Marketplace,Standard,2,COD,Delivered,-7576.03,,,
O02145,4/14/2025,C0053,P005,3,3938,0,11814,8449.37,South,Karnataka,Bengaluru,Marketplace,Express,5,Net Banking,Cancelled,3364.63,,,
O02146,8/9/2025,C0262,P005,3,27316,0,81948,66965.45,South,Telangana,Hyderabad,Mobile App,Standard,6,Card,Cancelled,14982.55,,,
O02147,5/14/2025,C0416,P012,1,6486,5,6161.7,4100.36,West,Telangana,Hyderabad,Website,Same Day,2,Card,Delivered,2061.34,,,
O02148,20/02/2025,C0484,P044,2,46511,10,83719.8,60362.72,East,Telangana,Hyderabad,Marketplace,Express,3,Card,Delivered,23357.08,,,
O02149,2/7/2025,C0304,P022,5,14813,10,66658.5,49507.01,North,Karnataka,Bengaluru,Website,Standard,3,UPI,Delivered,17151.49,,,
O02150,1/30/2025,C0180,P050,4,27377,5,104032.6,96848.63,South,Telangana,Hyderabad,Mobile App,Express,5,Card,Cancelled,7183.97,,,
O02151,6/7/2025,C0299,P021,5,23641,25,88653.75,93127.6,South,Maharashtra,Mumbai,Marketplace,Express,6,UPI,Delivered,-4473.85,,,
O02152,3/24/2025,C0270,P046,1,19923,35,13946.1,18923.49,North,Telangana,Hyderabad,Marketplace,Same Day,5,UPI,Delivered,-4977.39,,,
O02153,7/9/2025,C0279,P048,5,11987,-5,59935,37417,North,Telangana,Hyderabad,Mobile App,Standard,1,Card,Cancelled,22518,,,
O02154,12/2/2025,C0246,P033,4,4553,10,16390.8,13419.07,South,Telangana,Hyderabad,Mobile App,Express,5,Card,Delivered,2971.73,,,
O02155,2/25/2025,C0440,P029,4,7784,0,31136,24559.2,West,Telangana,Hyderabad,Website,Express,1,Card,Cancelled,6576.8,,,
O02156,8/2/2025,C0139,P023,1,37728,-5,37728,31186,West,Karnataka,Bengaluru,Website,Standard,5,Card,Delivered,6542,,,
O02157,10/4/2025,C0228,P014,3,14733,0,44199,39549.59,West,Maharashtra,Mumbai,Website,Express,6,Net Banking,Delivered,4649.41,,,
O02158,10/5/2025,C0012,P029,4,4699,0,18796,16133.83,South,Karnataka,Bengaluru,Website,Express,7,Card,Cancelled,2662.17,,,
O02159,5/4/2025,C0345,P006,4,38531,5,146417.8,118926.52,South,Karnataka,Bengaluru,Marketplace,Express,3,Card,Delivered,27491.28,,,
O02160,8/28/2025,C0149,P038,3,45910,5,130843.5,113828.29,East,Maharashtra,Mumbai,Marketplace,Express,5,Net Banking,Delivered,17015.21,,,
O02161,3/13/2025,C0084,P027,2,23641,-5,47282,43470.82,West,Maharashtra,Pune,Website,Standard,3,UPI,Delivered,3811.18,,,
O02162,5/13/2025,C0285,P007,1,15488,35,10841.6,10598.62,North,Telangana,Hyderabad,Mobile App,Express,1,Card,Delivered,242.98,,,
O02163,10/19/2025,C0388,P004,2,9572,35,13400.8,13630.86,West,Maharashtra,Pune,Mobile App,Standard,1,COD,Delivered,-230.06,,,
O02164,31/01/2025,C0165,P025,2,41110,15,69887,76344.15,North,Maharashtra,Mumbai,Mobile App,Standard,6,COD,Delivered,-6457.15,,,
O02165,28/04/2025,C0264,P001,5,35920,-5,179600,107794.53,South,Telangana,Hyderabad,Marketplace,Standard,5,UPI,Cancelled,71805.47,,,
O02166,6/1/2025,C0310,P021,2,10868,35,15215.2,13175.59,South,Telangana,Hyderabad,Website,Express,6,UPI,Delivered,2039.61,,,
O02167,4/22/2025,C0388,P036,1,41842,-5,41842,36051.65,West,Maharashtra,Mumbai,Mobile App,Standard,2,Net Banking,Delivered,5790.35,,,
O02168,10/10/2025,C0472,P041,1,37287,0,37287,26157.85,West,Karnataka,Bengaluru,Marketplace,Same Day,2,Net Banking,Delivered,11129.15,,,
O02169,12/18/2025,C0459,P003,5,46589,10,209650.5,188939.28,West,Telangana,Hyderabad,Website,Express,3,UPI,Delivered,20711.22,,,
O02170,6/13/2025,C0189,P032,3,1542,0,4626,3114.8,West,Telangana,Hyderabad,Mobile App,Standard,6,UPI,Delivered,1511.2,,,
O02171,18/12/2025,C0373,P028,3,44007,30,92414.7,114803.33,South,Telangana,Hyderabad,Marketplace,Express,7,UPI,Delivered,-22388.63,,,
O02172,4/16/2025,C0222,P007,3,42864,25,96444,114139.82,East,Telangana,Hyderabad,Marketplace,Standard,2,Card,Delivered,-17695.82,,,
O02173,10/28/2025,C0062,P023,3,7131,35,14975.1,13901.5,West,Karnataka,Bengaluru,Mobile App,Standard,3,Net Banking,Cancelled,1073.6,,,
O02174,18/12/2025,C0087,P043,3,48312,35,101455.2,131088.37,South,Karnataka,Bengaluru,Marketplace,Express,1,Card,Delivered,-29633.17,,,
O02175,6/6/2025,C0481,P015,5,17142,0,85710,72694.01,North,Telangana,Hyderabad,Marketplace,Standard,1,Card,Delivered,13015.99,,,
O02176,16/12/2025,C0429,P038,1,45491,20,36392.8,42201.36,North,Telangana,Hyderabad,Marketplace,Standard,4,COD,Delivered,-5808.56,,,
O02177,3/11/2025,C0318,P012,5,19771,35,69198.5,62160.39,East,Telangana,Hyderabad,Mobile App,Standard,6,Card,Delivered,7038.11,,,
O02178,2/25/2025,C0305,P031,4,48402,35,135525.6,180396.34,North,Telangana,Hyderabad,Marketplace,Standard,1,Net Banking,Cancelled,-44870.74,,,
O02179,24/12/2025,C0293,P002,3,37655,15,96020.25,89887.26,West,Telangana,Hyderabad,Mobile App,Standard,4,COD,Delivered,6132.99,,,
O00235,10/2/2025,C0394,P007,5,41558,0,207790,177580.51,North,Maharashtra,Mumbai,Website,Express,4,Net Banking,Delivered,30209.49,,,
O02181,10/9/2025,C0161,P015,1,41395,15,35185.75,28774.1,South,Telangana,Hyderabad,Marketplace,Express,6,COD,Delivered,6411.65,,,
O02182,1/14/2025,C0210,P007,5,18230,0,91150,66076.44,North,Telangana,Hyderabad,Mobile App,Same Day,5,Card,Delivered,25073.56,,,
O02183,3/7/2025,C0244,P012,3,40532,10,109436.4,107951.62,South,Telangana,Hyderabad,Website,Standard,7,Card,Delivered,1484.78,,,
O02184,7/2/2025,C0404,P018,4,46721,20,149507.2,125438.02,North,Telangana,Hyderabad,Mobile App,Express,3,UPI,Delivered,24069.18,,,
O02185,12/9/2025,C0474,P024,3,46032,20,110476.8,113524.85,South,Telangana,Hyderabad,Mobile App,Same Day,6,Card,Delivered,-3048.05,,,
O02186,7/28/2025,C0057,P030,4,504,30,1411.2,1391.7,West,Telangana,Hyderabad,Mobile App,Standard,3,Card,Delivered,19.5,,,
O02187,5/28/2025,C0163,P030,2,8016,10,14428.8,14175.54,South,Maharashtra,Mumbai,Mobile App,Standard,3,Card,Cancelled,253.26,,,
O02188,5/8/2025,C0232,P009,3,41735,5,118944.75,104258.13,South,Telangana,Hyderabad,Mobile App,Standard,7,UPI,Delivered,14686.62,,,
O02189,4/13/2025,C0263,P036,4,16983,35,47552.4,48864.26,North,Maharashtra,Pune,Marketplace,Standard,4,Card,Delivered,-1311.86,,,
O02190,18/05/2025,C0441,P029,3,42863,5,122159.55,120724.44,North,Telangana,Hyderabad,Marketplace,Standard,1,Card,Delivered,1435.11,,,
O02191,2/9/2025,Unknown,P048,3,22996,0,68988,55759.98,East,Telangana,Hyderabad,Website,Express,3,Card,Delivered,13228.02,,,
O02192,6/28/2025,C0151,P039,4,23427,0,93708,59729.83,East,Telangana,Hyderabad,Mobile App,Express,6,COD,Delivered,33978.17,,,
O02193,3/30/2025,C0103,P020,3,6899,10,18627.3,17861.61,West,Maharashtra,Pune,Mobile App,Standard,2,Card,Delivered,765.69,,,
O02194,7/5/2025,C0086,P029,5,38343,0,191715,116217.05,North,Telangana,Hyderabad,Website,Express,4,Card,Delivered,75497.95,,,
O02195,4/28/2025,C0326,P004,5,9569,35,33491.5,41040.44,East,Telangana,Hyderabad,Marketplace,Standard,2,UPI,Cancelled,-7548.94,,,
O02196,10/22/2025,C0271,P011,2,37089,0,74178,65440.75,West,Karnataka,Bengaluru,Marketplace,Express,7,UPI,Delivered,8737.25,,,
O02197,1/7/2025,C0162,P024,5,9748,15,41429,39573.59,East,Telangana,Hyderabad,Marketplace,Express,3,Card,Delivered,1855.41,,,
O02198,11/11/2025,C0262,P036,3,37094,25,83461.5,79228.56,South,Telangana,Hyderabad,Website,Express,7,COD,Delivered,4232.94,,,
O02199,25/05/2025,C0268,P005,2,26722,-5,53444,36152.74,East,Telangana,Hyderabad,Mobile App,Express,4,Card,Delivered,17291.26,,,
O02200,2/17/2025,C0404,P004,3,13110,5,37363.5,29510.89,North,Telangana,Hyderabad,Website,Express,1,COD,Delivered,7852.61,,,
O02201,13/07/2025,C0053,P018,5,5986,15,25440.5,22301.51,West,Telangana,Hyderabad,Marketplace,Standard,4,Net Banking,Delivered,3138.99,,,
O02202,12/2/2025,C0365,P049,2,38318,10,68972.4,48636.28,West,Maharashtra,Mumbai,Marketplace,Standard,3,Card,Delivered,20336.12,,,
O02203,3/19/2025,C0498,P022,3,44940,5,128079,126235.24,East,Telangana,Hyderabad,Mobile App,Express,6,Card,Delivered,1843.76,,,
O02204,2/3/2025,C0394,P011,5,8074,30,28259,33587.61,South,Telangana,Hyderabad,Marketplace,Standard,3,UPI,Cancelled,-5328.61,,,
O02205,8/15/2025,C0048,P040,4,41680,25,125040,125527.54,West,Telangana,Hyderabad,Website,Express,2,UPI,Cancelled,-487.54,,,
O02206,4/11/2025,C0149,P018,4,42431,30,118806.8,106156.05,West,Maharashtra,Pune,Website,Express,6,Card,Delivered,12650.75,,,
O02207,7/29/2025,C0264,P023,1,20296,20,16236.8,15264.37,South,Telangana,Hyderabad,Marketplace,Standard,1,UPI,Delivered,972.43,,,
O02208,7/8/2025,C0414,P025,1,17067,35,11946.9,14830.14,East,Maharashtra,Mumbai,Mobile App,Express,3,Card,Cancelled,-2883.24,,,
O02209,5/15/2025,C0273,P031,1,28419,5,26998.05,24606.01,South,Maharashtra,Mumbai,Website,Standard,1,Card,Delivered,2392.04,,,
O02210,13/04/2025,C0390,P045,2,11943,15,20303.1,18275.39,East,Telangana,Hyderabad,Mobile App,Express,3,Card,Cancelled,2027.71,,,
O02211,11/22/2025,C0045,P041,3,10415,0,31245,28232.17,South,Telangana,Hyderabad,Mobile App,Express,7,Card,Cancelled,3012.83,,,
O02212,3/17/2025,C0421,P045,3,28370,15,72343.5,72504.88,West,Telangana,Hyderabad,Website,Express,1,UPI,Delivered,-161.38,,,
O02213,4/26/2025,C0281,P042,1,25905,5,24609.75,21719.58,West,Karnataka,Bengaluru,Website,Express,3,Card,Delivered,2890.17,,,
O02214,15/09/2025,C0038,P028,2,25730,0,51460,32296.44,East,Telangana,Hyderabad,Mobile App,Express,2,Net Banking,Delivered,19163.56,,,
O02215,5/13/2025,C0230,P017,5,25024,25,93840,97966.86,North,Telangana,Hyderabad,Marketplace,Express,4,Card,Delivered,-4126.86,,,
O02216,11/24/2025,C0092,P023,5,38964,5,185079,175941.76,East,Telangana,Hyderabad,Mobile App,Standard,3,Net Banking,Cancelled,9137.24,,,
O02217,12/2/2025,C0085,P003,1,19088,30,13361.6,13511.78,North,Karnataka,Bengaluru,Mobile App,Same Day,6,Card,Cancelled,-150.18,,,
O02218,6/21/2025,C0419,P040,5,43657,20,174628,135168.67,South,Telangana,Hyderabad,Mobile App,Express,6,COD,Delivered,39459.33,,,
O02219,19/11/2025,C0268,P037,5,38377,25,143913.75,168097.27,West,Telangana,Hyderabad,Mobile App,Express,3,COD,Delivered,-24183.52,,,
O02220,12/26/2025,C0409,P002,3,45379,20,108909.6,82081.27,North,Maharashtra,Pune,Marketplace,Standard,5,UPI,Delivered,26828.33,,,
O02221,4/16/2025,C0106,P042,2,41243,0,82486,49752.19,East,Telangana,Hyderabad,Marketplace,Same Day,1,Card,Cancelled,32733.81,,,
O02222,8/26/2025,C0262,P021,5,43562,0,217810,149999.35,South,Telangana,Hyderabad,Mobile App,Standard,6,Net Banking,Delivered,67810.65,,,
O02223,12/17/2025,C0299,P049,1,711,-5,711,632.02,West,Telangana,Hyderabad,Marketplace,Express,3,Net Banking,Cancelled,78.98,,,
O02224,10/2/2025,C0132,P017,5,27721,0,138605,100784.65,East,Telangana,Hyderabad,Website,Express,3,Card,Delivered,37820.35,,,
O02225,9/4/2025,C0397,P046,5,2886,0,14430,9931.81,West,Telangana,Hyderabad,Website,Express,2,Net Banking,Cancelled,4498.19,,,
O02226,12/26/2025,C0419,P031,3,11810,25,26572.5,29439.57,West,Telangana,Hyderabad,Mobile App,Standard,3,Net Banking,Delivered,-2867.07,,,
O02227,2/18/2025,C0441,P037,1,44066,25,33049.5,35116.09,East,Telangana,Hyderabad,Marketplace,Same Day,4,Card,Cancelled,-2066.59,,,
O02228,8/8/2025,C0285,P010,3,27290,5,77776.5,63608.63,East,Karnataka,Bengaluru,Website,Same Day,1,Net Banking,Delivered,14167.87,,,
O02229,7/7/2025,C0408,P036,5,41014,20,164056,151739.16,East,Telangana,Hyderabad,Website,Express,5,Card,Cancelled,12316.84,,,
O02230,15/10/2025,C0343,P025,4,30424,15,103441.6,101621.95,West,Telangana,Hyderabad,Website,Standard,3,UPI,Delivered,1819.65,,,
O02231,7/11/2025,C0444,P002,3,3968,5,11308.8,10653.33,North,Karnataka,Bengaluru,Website,Same Day,7,COD,Delivered,655.47,,,
O02232,25/07/2025,C0410,P001,2,1154,20,1846.4,1953.43,North,Telangana,Hyderabad,Website,Express,5,Card,Delivered,-107.03,,,
O02233,9/19/2025,C0387,P018,1,20874,5,19830.3,16469.19,East,Karnataka,Bengaluru,Website,Standard,4,Card,Delivered,3361.11,,,
O02234,22/11/2025,C0194,P029,4,14171,-5,56684,51043.09,South,Telangana,Hyderabad,Marketplace,Express,3,UPI,Delivered,5640.91,,,
O02235,26/02/2025,Unknown,P012,3,29093,20,69823.2,82778.58,West,Telangana,Hyderabad,Mobile App,Same Day,7,Card,Delivered,-12955.38,,,
O02236,7/12/2025,C0323,P012,5,35560,-5,177800,163806.76,West,Telangana,Hyderabad,Marketplace,Standard,1,Net Banking,Cancelled,13993.24,,,
O02237,24/08/2025,C0500,P020,4,26084,25,78252,69170.37,West,Telangana,Hyderabad,Marketplace,Same Day,5,COD,Delivered,9081.63,,,
O02238,14/12/2025,C0458,P029,4,28191,20,90211.2,72197.08,South,Maharashtra,Pune,Marketplace,Express,4,UPI,Delivered,18014.12,,,
O02239,14/04/2025,C0451,P049,5,21066,35,73731,69081.17,North,Telangana,Hyderabad,Website,Express,3,Card,Cancelled,4649.83,,,
O02240,2/27/2025,C0073,P015,4,35450,10,127620,120097.5,West,Telangana,Hyderabad,Mobile App,Express,7,Card,Delivered,7522.5,,,
O02241,13/09/2025,C0270,P010,4,13272,15,45124.8,32421.1,South,Karnataka,Bengaluru,Mobile App,Express,2,UPI,Cancelled,12703.7,,,
O02242,6/26/2025,C0215,P032,3,40766,-5,122298,86788.52,South,Telangana,Hyderabad,Marketplace,Express,7,Net Banking,Delivered,35509.48,,,
O02243,26/08/2025,C0144,P047,4,3277,0,13108,11907.39,North,Telangana,Hyderabad,Mobile App,Express,5,UPI,Delivered,1200.61,,,
O02244,6/17/2025,C0250,P017,1,9444,0,9444,6491.52,North,Karnataka,Bengaluru,Mobile App,Express,2,Card,Delivered,2952.48,,,
O02245,12/27/2025,C0232,P043,1,33494,5,31819.3,24035.26,South,Telangana,Hyderabad,Mobile App,Standard,2,UPI,Delivered,7784.04,,,
O02246,6/15/2025,C0291,P039,1,4241,15,3604.85,3008.86,North,Telangana,Hyderabad,Mobile App,Standard,3,Card,Delivered,595.99,,,
O02247,9/11/2025,C0137,P003,5,6173,0,30865,22630.77,East,Telangana,Hyderabad,Marketplace,Express,6,Card,Delivered,8234.23,,,
O02932,23/09/2025,C0291,P024,4,12968,-5,51872,42859.82,West,Telangana,Hyderabad,Mobile App,Standard,4,COD,Delivered,9012.18,,,
O02249,8/28/2025,Unknown,P022,3,39354,5,112158.9,83542.67,South,Telangana,Hyderabad,Website,Standard,1,Card,Cancelled,28616.23,,,
O02250,1/18/2025,C0464,P001,3,32982,5,93998.7,89673.34,East,Karnataka,Bengaluru,Website,Express,4,Card,Delivered,4325.36,,,
O02251,11/14/2025,C0496,P023,2,26618,15,45250.6,45315.23,South,Telangana,Hyderabad,Mobile App,Express,2,Card,Delivered,-64.63,,,
O02252,28/01/2025,C0291,P020,3,36725,20,88140,93474.26,South,Telangana,Hyderabad,Website,Express,2,UPI,Delivered,-5334.26,,,
O02253,17/03/2025,C0136,P034,1,11085,35,7759.5,9895.63,South,Telangana,Hyderabad,Mobile App,Same Day,2,UPI,Delivered,-2136.13,,,
O02254,6/9/2025,C0361,P024,3,36998,20,88795.2,75359.8,West,Maharashtra,Pune,Mobile App,Express,4,Card,Delivered,13435.4,,,
O02255,11/6/2025,C0266,P013,2,7502,5,14253.8,11223.9,East,Telangana,Hyderabad,Website,Standard,7,Card,Delivered,3029.9,,,
O02256,28/08/2025,C0066,P050,5,41751,25,156566.25,134632.13,North,Maharashtra,Mumbai,Mobile App,Express,3,Card,Delivered,21934.12,,,
O02257,15/09/2025,C0212,P042,5,47060,35,164710,219474.76,East,Telangana,Hyderabad,Website,Express,2,Net Banking,Delivered,-54764.76,,,
O02258,12/11/2025,C0020,P015,1,31469,15,26748.65,24300.94,North,Maharashtra,Mumbai,Mobile App,Express,6,UPI,Cancelled,2447.71,,,
O02259,12/29/2025,C0029,P037,5,19078,35,66773,66071.67,South,Telangana,Hyderabad,Marketplace,Standard,6,Net Banking,Cancelled,701.33,,,
O02260,8/25/2025,C0465,P026,4,43714,35,122399.2,119623.82,North,Maharashtra,Mumbai,Website,Express,5,UPI,Delivered,2775.38,,,
O02261,9/11/2025,C0290,P010,3,6964,10,18802.8,14028.66,West,Telangana,Hyderabad,Website,Express,4,Card,Cancelled,4774.14,,,
O02262,10/8/2025,C0331,P005,3,20221,25,45497.25,49923.82,North,Telangana,Hyderabad,Website,Express,1,Card,Delivered,-4426.57,,,
O02263,5/29/2025,C0456,P045,5,19156,15,81413,79795.5,West,Telangana,Hyderabad,Mobile App,Same Day,1,Card,Delivered,1617.5,,,
O02264,12/3/2025,C0338,P043,4,20577,0,82308,62639.53,South,Telangana,Hyderabad,Website,Standard,6,Net Banking,Delivered,19668.47,,,
O02265,11/3/2025,C0338,P023,1,29963,20,23970.4,21858.66,South,Maharashtra,Mumbai,Mobile App,Express,7,Net Banking,Delivered,2111.74,,,
O02266,5/9/2025,C0225,P049,1,19799,-5,19799,14075.65,South,Telangana,Hyderabad,Website,Express,6,UPI,Delivered,5723.35,,,
O02267,2/24/2025,C0210,P014,2,17681,15,30057.7,24508.35,East,Telangana,Hyderabad,Marketplace,Express,2,Card,Delivered,5549.35,,,
O02268,5/23/2025,C0325,P030,4,18719,0,74876,69657.39,East,Maharashtra,Pune,Website,Standard,5,Card,Cancelled,5218.61,,,
O02269,10/15/2025,C0184,P016,1,41034,20,32827.2,26816.21,North,Telangana,Hyderabad,Marketplace,Same Day,7,UPI,Cancelled,6010.99,,,
O02270,12/8/2025,C0200,P020,2,14328,-5,28656,25759.33,East,Telangana,Hyderabad,Mobile App,Standard,1,Card,Delivered,2896.67,,,
O02271,6/24/2025,C0152,P011,2,17999,-5,35998,29071.22,South,Telangana,Hyderabad,Website,Express,4,COD,Delivered,6926.78,,,
O01180,7/4/2025,C0193,P021,1,24789,30,17352.3,18996.86,North,Telangana,Hyderabad,Website,Standard,4,Card,Delivered,-1644.56,,,
O02273,10/15/2025,C0493,P003,4,8639,35,24189.2,21067.67,North,Telangana,Hyderabad,Mobile App,Express,7,COD,Delivered,3121.53,,,
O02274,9/12/2025,C0357,P041,4,37492,0,149968,129446.07,West,Maharashtra,Pune,Mobile App,Standard,2,COD,Delivered,20521.93,,,
O02275,11/12/2025,C0017,P029,2,21132,35,29584.8,26932.76,North,Telangana,Hyderabad,Marketplace,Standard,7,COD,Cancelled,2652.04,,,
O02276,11/4/2025,C0088,P018,3,26229,20,62949.6,69664.4,North,Karnataka,Bengaluru,Website,Standard,5,Card,Delivered,-6714.8,,,
O02277,7/11/2025,C0322,P019,1,45154,0,45154,36348.26,South,Karnataka,Bengaluru,Marketplace,Express,1,COD,Cancelled,8805.74,,,
O02278,18/04/2025,C0097,P018,5,40628,5,192983,181148.9,North,Karnataka,Bengaluru,Website,Express,3,UPI,Delivered,11834.1,,,
O02279,12/10/2025,C0332,P001,3,44251,35,92927.1,116212.19,East,Maharashtra,Mumbai,Marketplace,Express,3,Net Banking,Delivered,-23285.09,,,
O02562,4/26/2025,C0182,P005,4,36925,0,147700,128356.07,East,Telangana,Hyderabad,Website,Express,2,Net Banking,Cancelled,19343.93,,,
O02281,1/6/2025,C0283,P034,1,13131,-5,13131,11015.28,West,Telangana,Hyderabad,Website,Standard,5,Net Banking,Cancelled,2115.72,,,
O02282,5/4/2025,C0067,P047,4,23784,15,80865.6,64363,North,Telangana,Hyderabad,Website,Standard,5,Card,Delivered,16502.6,,,
O02283,2/5/2025,C0141,P035,2,947,10,1704.6,1202.23,East,Telangana,Hyderabad,Mobile App,Express,6,UPI,Delivered,502.37,,,
O02284,21/08/2025,C0329,P036,1,20380,10,18342,16022.71,North,Telangana,Hyderabad,Website,Same Day,7,Card,Cancelled,2319.29,,,
O02285,12/2/2025,C0329,P033,3,24320,20,58368,56464.11,East,Telangana,Hyderabad,Mobile App,Express,2,Net Banking,Delivered,1903.89,,,
O02286,1/25/2025,C0025,P017,5,17272,-5,86360,77694.84,East,Telangana,Hyderabad,Website,Express,4,Card,Delivered,8665.16,,,
O02287,11/14/2025,C0091,P031,1,35347,30,24742.9,23459.99,North,Telangana,Hyderabad,Marketplace,Same Day,6,UPI,Delivered,1282.91,,,
O02288,1/8/2025,Unknown,P028,1,37667,5,35783.65,29950.53,South,Karnataka,Bengaluru,Marketplace,Express,2,Card,Delivered,5833.12,,,
O02289,5/13/2025,C0091,P008,3,16093,0,48279,37804.29,West,Telangana,Hyderabad,Website,Express,6,Card,Delivered,10474.71,,,
O02290,6/15/2025,C0211,P037,2,39039,-5,78078,55330.75,East,Maharashtra,Pune,Marketplace,Express,7,COD,Delivered,22747.25,,,
O02291,10/12/2025,C0058,P020,3,7500,0,22500,16008.09,South,Telangana,Hyderabad,Mobile App,Standard,7,COD,Delivered,6491.91,,,
O02292,1/6/2025,C0164,P004,4,45002,30,126005.6,163314.77,East,Telangana,Hyderabad,Mobile App,Standard,5,UPI,Delivered,-37309.17,,,
O02293,5/10/2025,Unknown,P046,2,23789,30,33304.6,29555.56,West,Telangana,Hyderabad,Website,Same Day,6,Net Banking,Delivered,3749.04,,,
O02294,2/27/2025,C0238,P044,5,22466,20,89864,105217.06,West,Karnataka,Bengaluru,Marketplace,Express,6,UPI,Delivered,-15353.06,,,
O02295,6/2/2025,C0272,P004,4,40339,20,129084.8,99681.15,South,Telangana,Hyderabad,Marketplace,Express,2,COD,Cancelled,29403.65,,,
O02296,19/05/2025,C0011,P026,4,28769,35,80553.2,73944.35,South,Karnataka,Bengaluru,Mobile App,Express,1,UPI,Cancelled,6608.85,,,
O02297,6/3/2025,C0260,P013,1,46202,0,46202,37524.61,East,Telangana,Hyderabad,Marketplace,Standard,1,Net Banking,Delivered,8677.39,,,
O02298,3/29/2025,C0417,P034,4,21745,0,86980,59277.89,West,Karnataka,Bengaluru,Mobile App,Express,4,Net Banking,Delivered,27702.11,,,
O02299,2/3/2025,C0012,P020,5,20008,-5,100040,76167.59,South,Telangana,Hyderabad,Marketplace,Express,5,Net Banking,Delivered,23872.41,,,
O02300,5/31/2025,C0100,P049,4,5912,15,20100.8,19758.81,West,Telangana,Hyderabad,Website,Express,6,Card,Cancelled,341.99,,,
O02301,12/9/2025,C0061,P015,4,35657,0,142628,113760.22,North,Telangana,Hyderabad,Website,Standard,2,Card,Delivered,28867.78,,,
O02294,7/19/2025,C0474,P037,3,25605,-5,76815,55706.63,North,Karnataka,Bengaluru,Marketplace,Express,2,Card,Delivered,21108.37,,,
O02303,8/6/2025,C0492,P028,5,15276,25,57285,65362.63,South,Karnataka,Bengaluru,Mobile App,Express,4,UPI,Cancelled,-8077.63,,,
O02304,4/16/2025,C0113,P034,2,18314,35,25639.6,33477.49,West,Maharashtra,Mumbai,Mobile App,Same Day,5,Card,Delivered,-7837.89,,,
O02305,15/05/2025,C0020,P001,1,1879,15,1597.15,1442.88,East,Telangana,Hyderabad,Mobile App,Standard,4,UPI,Delivered,154.27,,,
O02306,3/16/2025,C0439,P030,3,17823,0,53469,45211.71,West,Telangana,Hyderabad,Mobile App,Express,3,UPI,Delivered,8257.29,,,
O02307,9/8/2025,C0412,P025,2,31692,10,57045.6,43025.1,North,Telangana,Hyderabad,Mobile App,Standard,7,Net Banking,Cancelled,14020.5,,,
O02308,7/29/2025,C0205,P024,2,46769,25,70153.5,87940.9,North,Karnataka,Bengaluru,Website,Express,5,UPI,Cancelled,-17787.4,,,
O02309,1/20/2025,C0104,P019,2,13809,30,19332.6,24051.54,North,Maharashtra,Pune,Website,Express,4,Card,Cancelled,-4718.94,,,
O02310,2/18/2025,C0033,P012,1,31985,0,31985,28871.47,West,Telangana,Hyderabad,Website,Express,3,UPI,Delivered,3113.53,,,
O02565,12/20/2025,C0115,P023,4,20894,-5,83576,66870.23,South,Telangana,Hyderabad,Marketplace,Express,4,COD,Delivered,16705.77,,,
O02312,12/13/2025,C0457,P019,5,8622,25,32332.5,38870.77,South,Maharashtra,Mumbai,Mobile App,Express,3,UPI,Cancelled,-6538.27,,,
O02313,24/11/2025,C0255,P042,4,29196,35,81748.8,93069.89,South,Telangana,Hyderabad,Website,Express,4,Card,Delivered,-11321.09,,,
O02314,5/5/2025,C0361,P022,3,45988,15,117269.4,121694.42,North,Maharashtra,Mumbai,Website,Express,2,Card,Cancelled,-4425.02,,,
O02315,7/26/2025,C0137,P014,2,31383,35,43936.2,41169.04,East,Telangana,Hyderabad,Marketplace,Standard,2,Net Banking,Delivered,2767.16,,,
O02316,16/03/2025,C0137,P043,2,19948,10,35906.4,34282.93,South,Telangana,Hyderabad,Mobile App,Express,6,Card,Cancelled,1623.47,,,
O02317,6/3/2025,C0198,P001,3,10411,5,29671.35,21164.29,South,Telangana,Hyderabad,Mobile App,Express,3,Card,Delivered,8507.06,,,
O02318,3/24/2025,C0374,P005,2,16066,-5,32132,20943.99,West,Maharashtra,Pune,Mobile App,Standard,5,Net Banking,Delivered,11188.01,,,
O02319,11/22/2025,C0354,P028,5,44123,0,220615,141778.04,South,Karnataka,Bengaluru,Marketplace,Express,3,UPI,Delivered,78836.96,,,
O02320,5/15/2025,C0175,P002,3,1393,-5,4179,2744.45,South,Karnataka,Bengaluru,Website,Express,1,Net Banking,Delivered,1434.55,,,
O02321,28/08/2025,C0404,P003,4,6868,35,19230.4,22388.03,East,Telangana,Hyderabad,Marketplace,Standard,6,Card,Delivered,-3157.63,,,
O02322,6/5/2025,C0204,P037,2,9405,25,14107.5,14556.89,West,Karnataka,Bengaluru,Website,Standard,Not Delivered,Card,Cancelled,-449.39,,,
O02323,12/18/2025,C0173,P019,1,16991,25,12743.25,13810.33,East,Karnataka,Bengaluru,Mobile App,Standard,2,Card,Delivered,-1067.08,,,
O02324,10/10/2025,C0100,P013,2,3477,20,5563.2,5847.74,West,Telangana,Hyderabad,Mobile App,Express,5,Net Banking,Delivered,-284.54,,,
O02325,10/3/2025,C0398,P003,3,48138,5,137193.3,116258.4,West,Karnataka,Bengaluru,Mobile App,Same Day,2,UPI,Delivered,20934.9,,,
O02326,24/09/2025,C0062,P007,5,33443,5,158854.25,142890.32,East,Telangana,Hyderabad,Mobile App,Express,3,Card,Delivered,15963.93,,,
O02327,1/7/2025,C0071,P042,4,4350,5,16530,13316.32,East,Telangana,Hyderabad,Mobile App,Express,7,Card,Delivered,3213.68,,,
O02328,5/5/2025,C0159,P013,5,38148,20,152592,155665.08,East,Telangana,Hyderabad,Website,Standard,6,COD,Delivered,-3073.08,,,
O02329,31/03/2025,C0045,P044,3,4456,-5,13368,10122.08,West,Maharashtra,Mumbai,Mobile App,Standard,6,UPI,Delivered,3245.92,,,
O02330,5/8/2025,C0400,P031,1,41541,-5,41541,29380.92,North,Telangana,Hyderabad,Mobile App,Express,3,COD,Delivered,12160.08,,,
O02331,10/6/2025,C0107,P018,1,15947,5,15149.65,10645.48,East,Telangana,Hyderabad,Marketplace,Standard,2,COD,Delivered,4504.17,,,
O02332,10/27/2025,C0441,P035,2,13696,-5,27392,21381.59,North,Maharashtra,Mumbai,Marketplace,Standard,7,UPI,Delivered,6010.41,,,
O02333,10/7/2025,C0288,P034,5,49109,5,233267.75,224010.73,East,Telangana,Hyderabad,Marketplace,Standard,1,UPI,Delivered,9257.02,,,
O02334,20/10/2025,C0305,P008,2,6697,-5,13394,8674.82,North,Telangana,Hyderabad,Website,Same Day,1,COD,Delivered,4719.18,,,
O02335,1/5/2025,C0014,P003,2,28631,0,57262,39189.13,North,Telangana,Hyderabad,Mobile App,Express,2,Net Banking,Delivered,18072.87,,,
O02336,1/7/2025,C0268,P016,3,20174,0,60522,57186.6,South,Telangana,Hyderabad,Website,Same Day,2,UPI,Delivered,3335.4,,,
O02337,14/05/2025,C0067,P034,4,43683,0,174732,153351.93,West,Karnataka,Bengaluru,Website,Express,5,COD,Delivered,21380.07,,,
O02338,7/15/2025,C0303,P029,5,14907,0,74535,48094.99,West,Telangana,Hyderabad,Website,Same Day,4,Net Banking,Delivered,26440.01,,,
O02339,9/7/2025,C0256,P038,3,17869,0,53607,33884.79,North,Telangana,Hyderabad,Website,Express,1,UPI,Delivered,19722.21,,,
O02340,4/1/2025,C0168,P041,5,34533,25,129498.75,151101.52,South,Telangana,Hyderabad,Marketplace,Standard,3,Card,Delivered,-21602.77,,,
O02341,12/2/2025,C0011,P006,2,1620,15,2754,2599.08,West,Telangana,Hyderabad,Marketplace,Same Day,6,Net Banking,Delivered,154.92,,,
O02342,18/12/2025,C0387,P016,2,38661,30,54125.4,54194.45,South,Maharashtra,Mumbai,Marketplace,Standard,7,Card,Cancelled,-69.05,,,
O02343,11/28/2025,C0309,P018,1,21841,5,20748.95,19814.87,West,Karnataka,Bengaluru,Marketplace,Express,7,Net Banking,Delivered,934.08,,,
O02344,2/28/2025,C0208,P005,4,26173,0,104692,69791.14,South,Telangana,Hyderabad,Mobile App,Express,1,Card,Delivered,34900.86,,,
O02345,5/28/2025,C0107,P028,1,41849,5,39756.55,38292.38,North,Telangana,Hyderabad,Marketplace,Same Day,1,Card,Delivered,1464.17,,,
O02346,16/03/2025,C0317,P003,1,24274,25,18205.5,15645.65,North,Telangana,Hyderabad,Website,Standard,5,COD,Delivered,2559.85,,,
O02347,7/18/2025,C0231,P003,5,49336,-5,246680,181216.99,North,Telangana,Hyderabad,Marketplace,Express,4,UPI,Delivered,65463.01,,,
O02348,4/28/2025,C0407,P034,4,21340,-5,85360,60701.72,East,Karnataka,Bengaluru,Marketplace,Express,1,COD,Cancelled,24658.28,,,
O02349,5/7/2025,C0020,P015,3,26603,10,71828.1,67126.87,South,Telangana,Hyderabad,Marketplace,Express,6,Card,Cancelled,4701.23,,,
O02350,1/10/2025,C0043,P033,5,1062,25,3982.5,4565.18,East,Telangana,Hyderabad,Website,Standard,3,UPI,Cancelled,-582.68,,,
O02351,7/4/2025,C0200,P044,4,39658,25,118974,122715.1,South,Telangana,Hyderabad,Marketplace,Express,4,Card,Delivered,-3741.1,,,
O02352,9/26/2025,C0153,P044,3,41626,0,124878,82084.95,North,Maharashtra,Mumbai,Marketplace,Express,3,Net Banking,Cancelled,42793.05,,,
O02353,2/17/2025,C0050,P007,2,46401,25,69601.5,64731.76,West,Telangana,Hyderabad,Marketplace,Express,2,Card,Delivered,4869.74,,,
O02354,12/2/2025,C0075,P040,3,41842,15,106697.1,85862.06,North,Telangana,Hyderabad,Mobile App,Same Day,5,Card,Delivered,20835.04,,,
O02355,9/8/2025,C0086,P029,3,22295,-5,66885,45015.26,East,Telangana,Hyderabad,Mobile App,Express,1,Net Banking,Delivered,21869.74,,,
O02356,2/20/2025,C0205,P032,3,44668,20,107203.2,101144.52,South,Telangana,Hyderabad,Marketplace,Standard,5,Card,Delivered,6058.68,,,
O02357,25/02/2025,C0045,P017,4,31408,15,106787.2,84575.29,East,Telangana,Hyderabad,Mobile App,Express,3,Card,Delivered,22211.91,,,
O02358,12/12/2025,C0095,P042,1,8072,15,6861.2,5429.64,South,Telangana,Hyderabad,Website,Express,7,Net Banking,Cancelled,1431.56,,,
O02359,9/7/2025,C0379,P047,2,44979,15,76464.3,64901.56,North,Telangana,Hyderabad,Mobile App,Express,7,UPI,Delivered,11562.74,,,
O02360,16/03/2025,C0363,P026,2,24926,15,42374.2,46123.67,East,Telangana,Hyderabad,Mobile App,Express,4,Card,Delivered,-3749.47,,,
O02361,24/11/2025,C0399,P036,1,48465,10,43618.5,37451.91,South,Telangana,Hyderabad,Website,Express,2,UPI,Cancelled,6166.59,,,
O02362,7/7/2025,C0021,P020,1,5544,15,4712.4,4466.36,East,Karnataka,Bengaluru,Mobile App,Express,6,COD,Delivered,246.04,,,
O02363,12/6/2025,C0041,P032,3,29906,35,62802.6,60050.63,West,Karnataka,Bengaluru,Marketplace,Express,2,Card,Delivered,2751.97,,,
O00264,7/11/2025,C0170,P026,4,48543,15,165046.2,155159.83,North,Telangana,Hyderabad,Mobile App,Express,5,Card,Cancelled,9886.37,,,
O02365,5/10/2025,C0302,P022,3,22125,35,46462.5,58715.66,North,Telangana,Hyderabad,Marketplace,Same Day,4,Card,Delivered,-12253.16,,,
O02366,8/5/2025,C0493,P035,4,35751,10,128703.6,132517.88,West,Maharashtra,Mumbai,Mobile App,Express,5,Card,Delivered,-3814.28,,,
O02367,6/25/2025,C0125,P033,2,1167,30,1633.8,2062.43,North,Karnataka,Bengaluru,Mobile App,Express,5,Net Banking,Cancelled,-428.63,,,
O02368,4/9/2025,C0265,P037,3,33867,35,71120.7,94924.99,West,Telangana,Hyderabad,Marketplace,Express,3,COD,Delivered,-23804.29,,,
O02369,4/6/2025,C0333,P040,1,1036,-5,1036,850.95,North,Telangana,Hyderabad,Mobile App,Standard,5,Card,Delivered,185.05,,,
O02370,26/06/2025,C0388,P040,1,45842,35,32089.4,30508.3,South,Telangana,Hyderabad,Marketplace,Standard,2,UPI,Delivered,1581.1,,,
O02371,1/14/2025,C0072,P008,5,28802,10,129609,92663.5,North,Maharashtra,Mumbai,Marketplace,Standard,4,UPI,Delivered,36945.5,,,
O02372,2/15/2025,C0173,P040,4,40651,35,113822.8,105799.79,East,Telangana,Hyderabad,Mobile App,Standard,6,COD,Cancelled,8023.01,,,
O02373,9/11/2025,C0257,P039,4,45346,0,181384,146686.61,West,Maharashtra,Pune,Mobile App,Express,3,Card,Delivered,34697.39,,,
O02374,5/22/2025,C0248,P002,1,18043,15,15336.55,15807.69,South,Telangana,Hyderabad,Website,Standard,2,UPI,Delivered,-471.14,,,
O02375,3/3/2025,C0175,P020,3,36381,-5,109143,80071.04,South,Telangana,Hyderabad,Website,Standard,1,COD,Delivered,29071.96,,,
O02376,5/23/2025,C0175,P013,3,49182,0,147546,91353.8,East,Telangana,Hyderabad,Website,Express,7,Net Banking,Delivered,56192.2,,,
O02377,2/17/2025,C0050,P002,1,15014,35,10509.8,9814.42,West,Telangana,Hyderabad,Marketplace,Standard,2,Net Banking,Cancelled,695.38,,,
O02378,1/11/2025,C0077,P011,2,43421,20,69473.6,62663.99,South,Telangana,Hyderabad,Marketplace,Same Day,2,Net Banking,Cancelled,6809.61,,,
O02379,8/9/2025,C0360,P032,5,5876,10,26442,19460.48,South,Karnataka,Bengaluru,Website,Standard,7,COD,Delivered,6981.52,,,
O02380,7/16/2025,C0118,P035,2,36409,0,72818,56344.71,South,Telangana,Hyderabad,Mobile App,Express,2,UPI,Cancelled,16473.29,,,
O02381,5/30/2025,C0389,P022,4,12496,10,44985.6,44230.02,North,Maharashtra,Pune,Website,Express,Not Delivered,UPI,Cancelled,755.58,,,
O02382,9/7/2025,C0200,P025,3,13332,5,37996.2,25616.69,South,Telangana,Hyderabad,Marketplace,Express,4,UPI,Delivered,12379.51,,,
O02383,1/16/2025,C0313,P036,1,15815,-5,15815,14331.9,West,Maharashtra,Mumbai,Marketplace,Express,4,Net Banking,Delivered,1483.1,,,
O02384,10/26/2025,C0019,P004,2,25376,10,45676.8,39332.5,North,Maharashtra,Mumbai,Marketplace,Express,5,UPI,Delivered,6344.3,,,
O02385,10/30/2025,C0489,P043,3,14207,5,40489.95,35429.08,West,Karnataka,Bengaluru,Mobile App,Express,1,Net Banking,Delivered,5060.87,,,
O02386,2/8/2025,C0477,P026,5,35495,5,168601.25,128857.74,South,Telangana,Hyderabad,Marketplace,Express,5,UPI,Delivered,39743.51,,,
O02387,6/9/2025,C0394,P032,1,16813,25,12609.75,11890.19,East,Telangana,Hyderabad,Website,Express,6,Card,Delivered,719.56,,,
O02388,9/9/2025,C0444,P041,5,36207,15,153879.75,133249.35,North,Karnataka,Bengaluru,Mobile App,Standard,7,Card,Cancelled,20630.4,,,
O02389,5/1/2025,C0456,P043,3,37959,0,113877,95324.94,North,Telangana,Hyderabad,Marketplace,Express,2,Card,Cancelled,18552.06,,,
O02390,3/5/2025,C0420,P041,5,1603,25,6011.25,5075.56,West,Telangana,Hyderabad,Marketplace,Standard,5,UPI,Cancelled,935.69,,,
O02391,10/24/2025,C0233,P044,1,13677,35,9573.9,12738.23,South,Karnataka,Bengaluru,Marketplace,Standard,5,UPI,Delivered,-3164.33,,,
O02392,30/07/2025,C0397,P049,3,45345,35,95224.5,122979.81,South,Telangana,Hyderabad,Mobile App,Standard,2,COD,Delivered,-27755.31,,,
O02393,2/26/2025,C0010,P024,2,32227,-5,64454,39941.91,South,Maharashtra,Pune,Mobile App,Express,7,Net Banking,Delivered,24512.09,,,
O02394,10/19/2025,C0204,P007,1,26662,25,19996.5,19038.91,West,Telangana,Hyderabad,Marketplace,Standard,6,Card,Cancelled,957.59,,,
O02395,8/1/2025,C0351,P010,1,1564,-5,1564,1256.88,North,Telangana,Hyderabad,Mobile App,Standard,2,Card,Cancelled,307.12,,,
O02396,1/1/2025,C0164,P001,3,19774,-5,59322,54343.62,East,Maharashtra,Pune,Website,Express,3,UPI,Cancelled,4978.38,,,
O02397,6/8/2025,C0282,P014,5,38159,0,190795,114954.15,West,Karnataka,Bengaluru,Website,Express,7,UPI,Delivered,75840.85,,,
O02398,1/4/2025,C0112,P027,4,4686,20,14995.2,12643.94,East,Karnataka,Bengaluru,Marketplace,Standard,4,Net Banking,Cancelled,2351.26,,,
O02399,6/14/2025,C0065,P018,5,2942,35,10297,10822.47,West,Telangana,Hyderabad,Mobile App,Express,2,COD,Cancelled,-525.47,,,
O02400,2/17/2025,C0272,P035,5,5306,35,18571,22259.07,East,Karnataka,Bengaluru,Mobile App,Express,7,UPI,Delivered,-3688.07,,,
O02401,5/3/2025,C0459,P010,2,16453,25,24679.5,20547.73,West,Telangana,Hyderabad,Marketplace,Express,5,Card,Delivered,4131.77,,,
O02402,7/9/2025,C0208,P048,2,11230,15,19091,15894.1,North,Telangana,Hyderabad,Marketplace,Express,7,UPI,Delivered,3196.9,,,
O02403,1/17/2025,C0044,P001,4,40649,35,113817.2,105126.32,West,Telangana,Hyderabad,Website,Standard,7,Card,Delivered,8690.88,,,
O02404,8/7/2025,C0348,P027,2,6681,5,12693.9,9584.3,South,Maharashtra,Pune,Marketplace,Standard,4,Card,Delivered,3109.6,,,
O02405,13/05/2025,C0046,P005,3,33832,15,86271.6,94841.26,South,Telangana,Hyderabad,Mobile App,Standard,5,UPI,Delivered,-8569.66,,,
O02406,9/30/2025,C0171,P047,4,32322,25,96966,103092.55,East,Telangana,Hyderabad,Website,Express,1,Card,Delivered,-6126.55,,,
O02407,3/9/2025,C0178,P012,5,713,15,3030.25,3034.76,North,Telangana,Hyderabad,Marketplace,Standard,1,Card,Cancelled,-4.51,,,
O02408,11/6/2025,C0446,P013,5,7985,30,27947.5,29868.37,South,Telangana,Hyderabad,Marketplace,Express,2,Card,Delivered,-1920.87,,,
O02409,12/27/2025,C0239,P025,1,26259,30,18381.3,18017.98,North,Karnataka,Bengaluru,Website,Express,5,Card,Cancelled,363.32,,,
O02410,8/1/2025,C0147,P045,2,34859,-5,69718,56247.88,West,Telangana,Hyderabad,Marketplace,Express,1,Card,Cancelled,13470.12,,,
O02411,5/12/2025,C0154,P043,3,30719,-5,92157,82764.84,West,Telangana,Hyderabad,Marketplace,Standard,4,Net Banking,Cancelled,9392.16,,,
O02412,5/29/2025,C0436,P030,4,12065,0,48260,44327.22,West,Telangana,Hyderabad,Website,Standard,6,Net Banking,Delivered,3932.78,,,
O02413,12/13/2025,C0429,P037,3,8857,30,18599.7,18458.43,West,Telangana,Hyderabad,Website,Express,4,Card,Delivered,141.27,,,
O02414,1/12/2025,C0048,P022,3,16911,0,50733,33770.08,East,Telangana,Hyderabad,Marketplace,Express,4,COD,Delivered,16962.92,,,
O02415,16/07/2025,C0346,P012,4,6639,35,18589.2,18205.79,North,Telangana,Hyderabad,Website,Standard,2,Card,Delivered,383.41,,,
O02416,12/11/2025,C0347,P032,1,44079,0,44079,31082.51,East,Telangana,Hyderabad,Marketplace,Express,2,Card,Delivered,12996.49,,,
O02417,7/4/2025,C0168,P031,1,12281,0,12281,7778.1,South,Telangana,Hyderabad,Marketplace,Same Day,1,Net Banking,Delivered,4502.9,,,
O02418,27/12/2025,C0494,P011,1,14620,35,10234,9027.51,North,Telangana,Hyderabad,Mobile App,Standard,4,UPI,Cancelled,1206.49,,,
O02419,5/3/2025,C0429,P036,2,37067,15,63013.9,49915.88,North,Telangana,Hyderabad,Mobile App,Express,5,Card,Cancelled,13098.02,,,
O02420,5/31/2025,C0431,P044,1,18206,20,14564.8,17086.32,South,Telangana,Hyderabad,Website,Express,5,Net Banking,Cancelled,-2521.52,,,
O02421,3/1/2025,C0497,P035,1,11035,15,9379.75,10142.44,East,Telangana,Hyderabad,Marketplace,Standard,4,Card,Delivered,-762.69,,,
O02422,4/17/2025,C0473,P023,2,4148,0,8296,6627.75,South,Maharashtra,Pune,Website,Standard,Not Delivered,Card,Cancelled,1668.25,,,
O02423,5/26/2025,C0385,P021,3,12469,-5,37407,25796.35,South,Telangana,Hyderabad,Mobile App,Same Day,4,Card,Cancelled,11610.65,,,
O02424,6/6/2025,C0265,P032,4,22338,-5,89352,69668.57,North,Telangana,Hyderabad,Marketplace,Express,4,Net Banking,Delivered,19683.43,,,
O02425,1/2/2025,C0115,P012,3,944,25,2124,1891.19,South,Karnataka,Bengaluru,Website,Express,7,Net Banking,Delivered,232.81,,,
O02426,4/20/2025,C0243,P003,1,25937,30,18155.9,20215.57,East,Karnataka,Bengaluru,Mobile App,Express,3,COD,Delivered,-2059.67,,,
O02427,1/1/2025,C0442,P003,2,3070,15,5219,4391.39,North,Telangana,Hyderabad,Mobile App,Express,4,COD,Cancelled,827.61,,,
O02428,8/6/2025,C0389,P034,3,559,25,1257.75,1543.18,South,Telangana,Hyderabad,Mobile App,Same Day,3,Card,Delivered,-285.43,,,
O02429,5/27/2025,C0024,P001,3,5745,0,17235,11818.36,East,Telangana,Hyderabad,Website,Same Day,3,Net Banking,Cancelled,5416.64,,,
O02430,8/11/2025,C0058,P032,4,37542,25,112626,98056.07,West,Telangana,Hyderabad,Website,Standard,2,COD,Cancelled,14569.93,,,
O02431,7/20/2025,C0137,P007,5,12075,0,60375,37064.66,West,Maharashtra,Pune,Marketplace,Express,5,Card,Delivered,23310.34,,,
O02432,5/13/2025,C0004,P019,1,40145,15,34123.25,25969.39,East,Telangana,Hyderabad,Website,Express,1,COD,Delivered,8153.86,,,
O02433,4/16/2025,C0021,P050,1,9835,10,8851.5,6828.43,West,Telangana,Hyderabad,Mobile App,Standard,6,Card,Delivered,2023.07,,,
O02434,5/2/2025,C0384,P047,1,40390,15,34331.5,24802.64,West,Karnataka,Bengaluru,Website,Express,1,Card,Delivered,9528.86,,,
O02435,1/5/2025,C0244,P028,4,49918,0,199672,157786.96,North,Karnataka,Bengaluru,Website,Standard,7,Card,Cancelled,41885.04,,,
O02436,10/20/2025,C0109,P030,3,6266,10,16918.2,14956.79,West,Telangana,Hyderabad,Website,Standard,1,Card,Delivered,1961.41,,,
O02437,8/20/2025,C0171,P016,5,30774,30,107709,129337.11,West,Telangana,Hyderabad,Mobile App,Express,4,Card,Delivered,-21628.11,,,
O02438,2/18/2025,C0042,P019,2,1750,35,2450,2821.24,West,Telangana,Hyderabad,Mobile App,Express,2,COD,Delivered,-371.24,,,
O02439,12/29/2025,C0113,P029,3,3919,15,9993.45,9171.96,East,Karnataka,Bengaluru,Mobile App,Express,3,Net Banking,Delivered,821.49,,,
O02440,1/9/2025,C0240,P040,1,47953,10,43157.7,40690.64,South,Telangana,Hyderabad,Website,Express,2,Card,Delivered,2467.06,,,
O02441,10/2/2025,C0146,P027,4,42773,10,153982.8,161431.04,East,Karnataka,Bengaluru,Marketplace,Express,1,Card,Delivered,-7448.24,,,
O02442,12/13/2025,C0265,P047,3,25766,5,73433.1,69742.08,West,Telangana,Hyderabad,Website,Same Day,4,COD,Delivered,3691.02,,,
O02443,3/4/2025,C0096,P007,2,36104,10,64987.2,43714.89,North,Telangana,Hyderabad,Website,Standard,2,Card,Delivered,21272.31,,,
O02444,5/10/2025,C0160,P015,4,1550,10,5580,5568.31,South,Telangana,Hyderabad,Website,Standard,5,Card,Cancelled,11.69,,,
O02445,3/13/2025,C0486,P036,5,8506,5,40403.5,30488.63,South,Telangana,Hyderabad,Mobile App,Standard,Not Delivered,Card,Cancelled,9914.87,,,
O02446,3/24/2025,C0098,P009,1,18518,-5,18518,16809.21,West,Telangana,Hyderabad,Mobile App,Same Day,6,COD,Cancelled,1708.79,,,
O02447,1/17/2025,C0453,P027,3,5850,30,12285,12660.79,South,Maharashtra,Mumbai,Mobile App,Express,5,COD,Delivered,-375.79,,,
O02448,3/23/2025,C0446,P021,4,28474,0,113896,100913.02,West,Telangana,Hyderabad,Marketplace,Express,6,UPI,Delivered,12982.98,,,
O02449,3/14/2025,C0281,P008,1,26597,0,26597,24729.64,West,Telangana,Hyderabad,Mobile App,Standard,6,UPI,Delivered,1867.36,,,
O02450,12/1/2025,C0491,P034,2,36841,30,51577.4,60206.99,North,Karnataka,Bengaluru,Mobile App,Express,6,Card,Cancelled,-8629.59,,,
O02451,5/10/2025,C0339,P009,1,17351,-5,17351,11773.46,East,Telangana,Hyderabad,Website,Standard,3,Card,Delivered,5577.54,,,
O02452,20/02/2025,C0227,P021,5,26542,35,92897,117143.18,North,Karnataka,Bengaluru,Mobile App,Standard,6,COD,Delivered,-24246.18,,,
O02453,31/05/2025,C0059,P012,3,41009,30,86118.9,87163.31,West,Telangana,Hyderabad,Website,Standard,4,Card,Delivered,-1044.41,,,
O02454,12/2/2025,C0298,P049,5,40947,35,143314.5,164493.34,East,Maharashtra,Mumbai,Marketplace,Express,6,Card,Delivered,-21178.84,,,
O02455,10/9/2025,C0232,P048,1,5765,20,4612,4435.02,North,Telangana,Hyderabad,Mobile App,Standard,2,UPI,Cancelled,176.98,,,
O02456,2/24/2025,C0345,P038,3,12162,0,36486,29208.54,North,Telangana,Hyderabad,Mobile App,Express,3,COD,Cancelled,7277.46,,,
O02457,7/22/2025,C0445,P046,5,12220,5,58045,54253.06,North,Maharashtra,Pune,Mobile App,Standard,6,COD,Cancelled,3791.94,,,
O02458,8/26/2025,C0319,P007,1,543,0,543,357.56,West,Telangana,Hyderabad,Mobile App,Express,7,UPI,Delivered,185.44,,,
O02459,1/15/2025,C0163,P036,4,46095,5,175161,146505.9,East,Telangana,Hyderabad,Website,Standard,2,Net Banking,Cancelled,28655.1,,,
O02460,6/13/2025,C0239,P009,1,20136,0,20136,16809.51,West,Telangana,Hyderabad,Mobile App,Express,6,Net Banking,Delivered,3326.49,,,
O02461,20/11/2025,C0187,P033,4,25420,10,91512,86428.68,West,Maharashtra,Pune,Website,Express,3,COD,Delivered,5083.32,,,
O02462,9/10/2025,C0211,P048,2,2847,15,4839.9,5106.06,North,Telangana,Hyderabad,Mobile App,Express,7,Card,Delivered,-266.16,,,
O02463,7/11/2025,C0313,P038,1,13257,5,12594.15,8692.66,West,Maharashtra,Mumbai,Website,Express,1,COD,Delivered,3901.49,,,
O02464,11/5/2025,C0117,P048,5,44481,20,177924,176432.81,West,Telangana,Hyderabad,Mobile App,Standard,3,Card,Cancelled,1491.19,,,
O02465,1/2/2025,C0345,P034,1,11647,-5,11647,10179.89,North,Maharashtra,Pune,Marketplace,Express,6,Card,Delivered,1467.11,,,
O02466,4/6/2025,C0280,P041,3,5581,10,15068.7,12857.02,South,Telangana,Hyderabad,Website,Standard,6,Card,Cancelled,2211.68,,,
O02467,3/3/2025,C0352,P043,5,48355,35,169242.5,160312.97,North,Telangana,Hyderabad,Marketplace,Express,6,Card,Delivered,8929.53,,,
O02468,5/12/2025,C0065,P001,4,28558,25,85674,88245.41,South,Karnataka,Bengaluru,Website,Express,6,Card,Delivered,-2571.41,,,
O02469,5/5/2025,C0027,P008,5,5656,0,28280,22028.82,East,Telangana,Hyderabad,Mobile App,Standard,2,Card,Delivered,6251.18,,,
O02470,7/25/2025,C0188,P007,2,45372,10,81669.6,78668.2,South,Telangana,Hyderabad,Mobile App,Standard,2,UPI,Delivered,3001.4,,,
O02471,7/31/2025,C0070,P006,3,42293,35,88815.3,113366.57,North,Maharashtra,Mumbai,Mobile App,Standard,6,UPI,Cancelled,-24551.27,,,
O02472,12/23/2025,C0393,P014,5,38386,-5,191930,133993.42,West,Telangana,Hyderabad,Mobile App,Express,5,COD,Delivered,57936.58,,,
O02473,4/18/2025,C0297,P023,4,19173,10,69022.8,70117.11,North,Telangana,Hyderabad,Mobile App,Express,1,UPI,Delivered,-1094.31,,,
O02474,10/7/2025,C0340,P039,3,13925,0,41775,33087.47,South,Telangana,Hyderabad,Mobile App,Standard,2,Card,Cancelled,8687.53,,,
O02475,10/1/2025,C0043,P042,2,35416,10,63748.8,46430.3,West,Telangana,Hyderabad,Website,Express,3,UPI,Delivered,17318.5,,,
O02476,29/11/2025,C0080,P017,5,44379,0,221895,154351.49,North,Telangana,Hyderabad,Mobile App,Express,4,COD,Cancelled,67543.51,,,
O02477,12/9/2025,C0339,P025,5,48669,20,194676,156600.79,North,Telangana,Hyderabad,Marketplace,Standard,7,Card,Cancelled,38075.21,,,
O02478,9/25/2025,C0147,P020,3,6629,0,19887,12294.04,East,Telangana,Hyderabad,Marketplace,Standard,4,Net Banking,Delivered,7592.96,,,
O02479,8/22/2025,C0500,P023,3,8912,25,20052,22956.01,North,Telangana,Hyderabad,Mobile App,Express,6,Net Banking,Delivered,-2904.01,,,
O02480,28/03/2025,C0219,P031,5,11954,10,53793,49822.46,East,Maharashtra,Pune,Mobile App,Same Day,7,Net Banking,Delivered,3970.54,,,
O02481,6/29/2025,C0195,P004,1,18899,5,17954.05,12975.79,South,Karnataka,Bengaluru,Marketplace,Standard,1,Card,Delivered,4978.26,,,
O02482,4/13/2025,C0310,P045,3,30734,25,69151.5,72282.32,North,Telangana,Hyderabad,Mobile App,Express,1,Net Banking,Delivered,-3130.82,,,
O02483,7/3/2025,C0014,P006,2,42742,5,81209.8,61425.94,East,Maharashtra,Pune,Mobile App,Express,2,Net Banking,Delivered,19783.86,,,
O02484,2/20/2025,C0194,P008,4,38868,10,139924.8,100372.29,East,Telangana,Hyderabad,Mobile App,Standard,6,UPI,Delivered,39552.51,,,
O02485,18/02/2025,C0424,P049,2,36050,15,61285,53582.24,North,Karnataka,Bengaluru,Marketplace,Standard,7,Card,Delivered,7702.76,,,
O02486,5/20/2025,C0146,P024,4,13370,-5,53480,43644.78,North,Maharashtra,Mumbai,Website,Standard,6,COD,Cancelled,9835.22,,,
O02487,27/04/2025,C0343,P028,1,37895,20,30316,26596.06,North,Telangana,Hyderabad,Website,Express,3,COD,Delivered,3719.94,,,
O02488,8/30/2025,C0356,P014,2,42826,0,85652,76368.72,East,Maharashtra,Mumbai,Mobile App,Express,7,Card,Delivered,9283.28,,,
O02489,7/6/2025,C0256,P017,3,8316,15,21205.8,18666.25,East,Karnataka,Bengaluru,Mobile App,Standard,7,COD,Delivered,2539.55,,,
O02490,21/04/2025,C0420,P019,3,31191,0,93573,65906.23,South,Telangana,Hyderabad,Marketplace,Standard,2,COD,Delivered,27666.77,,,
O02491,29/03/2025,Unknown,P011,2,41095,30,57533,59552.79,West,Telangana,Hyderabad,Website,Express,3,UPI,Delivered,-2019.79,,,
O02492,1/31/2025,C0363,P024,4,8367,10,30121.2,20863.86,North,Telangana,Hyderabad,Marketplace,Express,2,Card,Delivered,9257.34,,,
O02493,14/04/2025,C0029,P027,1,1603,35,1122.1,1519.81,East,Telangana,Hyderabad,Website,Express,6,Net Banking,Cancelled,-397.71,,,
O02494,3/18/2025,C0494,P041,2,14433,5,27422.7,18721.04,North,Maharashtra,Mumbai,Mobile App,Standard,5,Net Banking,Delivered,8701.66,,,
O02495,9/4/2025,C0175,P013,3,18893,10,51011.1,35274.37,East,Telangana,Hyderabad,Marketplace,Standard,4,UPI,Delivered,15736.73,,,
O02496,9/23/2025,C0473,P009,1,14521,5,13794.95,13313.63,South,Telangana,Hyderabad,Mobile App,Standard,6,Card,Delivered,481.32,,,
O02497,7/26/2025,C0074,P041,1,25848,30,18093.6,24347.89,West,Maharashtra,Pune,Marketplace,Express,5,UPI,Cancelled,-6254.29,,,
O02498,8/10/2025,C0061,P001,2,37761,-5,75522,71537.35,East,Karnataka,Bengaluru,Website,Standard,3,Card,Delivered,3984.65,,,
O02499,4/4/2025,C0156,P038,1,4543,15,3861.55,3650.61,East,Maharashtra,Pune,Marketplace,Express,1,Card,Cancelled,210.94,,,
O02500,1/7/2025,C0148,P046,2,2007,-5,4014,2984.39,North,Telangana,Hyderabad,Website,Same Day,3,Card,Delivered,1029.61,,,
O02501,6/25/2025,C0085,P023,2,44093,0,88186,59359.54,East,Telangana,Hyderabad,Marketplace,Express,2,Net Banking,Delivered,28826.46,,,
O02502,5/4/2025,C0274,P012,3,27824,30,58430.4,77547.47,West,Karnataka,Bengaluru,Mobile App,Standard,4,Card,Delivered,-19117.07,,,
O02503,12/18/2025,C0257,P039,5,43532,35,152362,150125.74,North,Karnataka,Bengaluru,Mobile App,Express,4,Card,Delivered,2236.26,,,
O02504,1/5/2025,C0224,P027,4,20442,10,73591.2,66050.8,North,Telangana,Hyderabad,Website,Standard,2,UPI,Delivered,7540.4,,,
O02505,8/10/2025,C0500,P045,4,46381,15,157695.4,112579.46,North,Telangana,Hyderabad,Mobile App,Express,2,Card,Delivered,45115.94,,,
O02506,6/10/2025,C0191,P023,2,48243,25,72364.5,91043.81,East,Telangana,Hyderabad,Marketplace,Express,7,Card,Cancelled,-18679.31,,,
O02507,31/07/2025,C0215,P042,5,46033,30,161115.5,159361.9,North,Telangana,Hyderabad,Website,Standard,2,Card,Cancelled,1753.6,,,
O02508,7/9/2025,C0175,P035,1,2709,0,2709,1734.8,North,Maharashtra,Mumbai,Website,Standard,1,Net Banking,Delivered,974.2,,,
O02509,7/3/2025,C0182,P011,2,9978,0,19956,14200.9,East,Telangana,Hyderabad,Mobile App,Express,4,COD,Cancelled,5755.1,,,
O02510,3/31/2025,C0421,P050,1,11155,5,10597.25,10512.47,East,Maharashtra,Mumbai,Marketplace,Express,5,Card,Delivered,84.78,,,
O02511,20/10/2025,C0334,P025,1,14874,10,13386.6,11077.27,West,Telangana,Hyderabad,Mobile App,Standard,1,UPI,Delivered,2309.33,,,
O02512,14/02/2025,C0131,P033,1,44639,-5,44639,37746.29,East,Telangana,Hyderabad,Mobile App,Express,1,COD,Delivered,6892.71,,,
O02513,9/12/2025,C0032,P026,1,3138,5,2981.1,2539.44,North,Telangana,Hyderabad,Mobile App,Express,7,COD,Cancelled,441.66,,,
O02514,1/5/2025,Unknown,P024,3,4558,30,9571.8,11211.85,North,Telangana,Hyderabad,Mobile App,Express,5,Net Banking,Cancelled,-1640.05,,,
O02515,9/16/2025,C0020,P044,5,31548,0,157740,134069.7,South,Telangana,Hyderabad,Mobile App,Express,3,UPI,Delivered,23670.3,,,
O02516,2/1/2025,C0102,P017,5,32643,5,155054.25,121528.93,East,Maharashtra,Pune,Website,Express,7,Net Banking,Delivered,33525.32,,,
O02517,2/25/2025,C0424,P009,2,26620,10,47916,34689.97,East,Karnataka,Bengaluru,Website,Same Day,7,Net Banking,Delivered,13226.03,,,
O02518,10/4/2025,C0387,P036,2,22829,0,45658,42286.66,West,Telangana,Hyderabad,Marketplace,Standard,4,Card,Delivered,3371.34,,,
O02519,9/4/2025,C0057,P043,1,39262,25,29446.5,35627.75,North,Karnataka,Bengaluru,Website,Same Day,5,COD,Cancelled,-6181.25,,,
O02520,11/8/2025,C0126,P005,3,17932,5,51106.2,36766.54,West,Karnataka,Bengaluru,Mobile App,Same Day,4,Net Banking,Cancelled,14339.66,,,
O02521,7/7/2025,C0254,P011,2,22573,15,38374.1,33717.36,East,Telangana,Hyderabad,Mobile App,Standard,6,Card,Cancelled,4656.74,,,
O02522,26/12/2025,C0064,P036,2,15427,15,26225.9,24550.04,North,Telangana,Hyderabad,Website,Same Day,3,Card,Delivered,1675.86,,,
O02523,31/01/2025,C0448,P020,1,32595,20,26076,29110.05,South,Maharashtra,Mumbai,Marketplace,Standard,4,Net Banking,Delivered,-3034.05,,,
O02524,10/2/2025,C0246,P043,4,31800,25,95400,92950.42,East,Karnataka,Bengaluru,Mobile App,Express,4,Card,Delivered,2449.58,,,
O02525,15/07/2025,C0242,P023,2,41248,30,57747.2,68035.87,East,Telangana,Hyderabad,Mobile App,Express,2,Card,Delivered,-10288.67,,,
O02526,8/27/2025,C0278,P045,1,534,20,427.2,366.02,North,Telangana,Hyderabad,Website,Same Day,6,COD,Delivered,61.18,,,
O02527,3/3/2025,C0372,P016,1,25620,0,25620,17754.61,South,Telangana,Hyderabad,Mobile App,Express,4,Card,Delivered,7865.39,,,
O02528,12/11/2025,C0467,P033,1,10827,5,10285.65,7071.7,South,Karnataka,Bengaluru,Mobile App,Express,5,UPI,Delivered,3213.95,,,
O02529,1/2/2025,C0401,P026,3,23426,20,56222.4,59799.71,North,Maharashtra,Mumbai,Website,Same Day,6,Card,Delivered,-3577.31,,,
O02530,17/01/2025,C0500,P016,1,26903,35,18832.1,21060.8,West,Telangana,Hyderabad,Mobile App,Express,3,Card,Delivered,-2228.7,,,
O02531,9/14/2025,C0199,P042,5,27119,20,108476,124734.81,North,Telangana,Hyderabad,Website,Same Day,3,Net Banking,Delivered,-16258.81,,,
O02532,4/14/2025,C0269,P017,5,48253,15,205075.25,194944.63,East,Telangana,Hyderabad,Website,Express,7,Card,Delivered,10130.62,,,
O02533,9/6/2025,C0104,P030,1,20244,10,18219.6,14639.08,South,Telangana,Hyderabad,Mobile App,Express,6,Net Banking,Cancelled,3580.52,,,
O02534,8/30/2025,C0358,P016,5,5222,20,20888,17700.65,East,Telangana,Hyderabad,Website,Express,3,COD,Cancelled,3187.35,,,
O01094,11/25/2025,C0265,P011,4,38119,25,114357,115573.3,East,Maharashtra,Mumbai,Mobile App,Standard,1,Net Banking,Delivered,-1216.3,,,
O02536,10/18/2025,C0365,P007,2,21048,10,37886.4,37551.01,East,Karnataka,Bengaluru,Website,Express,7,Net Banking,Delivered,335.39,,,
O02537,25/01/2025,C0481,P020,3,1200,30,2520,2381.56,South,Telangana,Hyderabad,Marketplace,Express,7,Card,Delivered,138.44,,,
O02538,10/18/2025,C0426,P032,5,27668,30,96838,122695.43,West,Telangana,Hyderabad,Marketplace,Express,6,Net Banking,Cancelled,-25857.43,,,
O02539,9/2/2025,C0241,P037,1,45201,20,36160.8,40986.13,East,Karnataka,Bengaluru,Mobile App,Express,3,Card,Cancelled,-4825.33,,,
O02540,4/3/2025,C0070,P034,4,1042,25,3126,3721.67,South,Telangana,Hyderabad,Website,Express,7,COD,Delivered,-595.67,,,
O02541,12/3/2025,C0401,P041,1,4289,5,4074.55,3754.76,East,Telangana,Hyderabad,Website,Express,7,Card,Delivered,319.79,,,
O02542,11/21/2025,C0348,P041,3,20013,20,48031.2,52812.42,South,Telangana,Hyderabad,Website,Express,3,Card,Delivered,-4781.22,,,
O02543,1/16/2025,C0358,P005,3,36122,0,108366,89612.54,West,Telangana,Hyderabad,Marketplace,Standard,6,COD,Delivered,18753.46,,,
O02544,5/6/2025,C0224,P030,3,15939,35,33471.9,34643.11,East,Telangana,Hyderabad,Marketplace,Express,4,Card,Cancelled,-1171.21,,,
O02545,2/18/2025,C0210,P032,1,30809,0,30809,28032.01,East,Telangana,Hyderabad,Mobile App,Express,3,COD,Cancelled,2776.99,,,
O02546,11/26/2025,C0135,P014,2,26018,5,49434.2,42280.17,North,Karnataka,Bengaluru,Mobile App,Express,4,Card,Delivered,7154.03,,,
O02547,4/4/2025,C0037,P039,1,5575,0,5575,5187.04,West,Telangana,Hyderabad,Website,Express,4,Net Banking,Delivered,387.96,,,
O02548,4/18/2025,C0219,P004,2,32686,10,58834.8,59159.51,East,Telangana,Hyderabad,Mobile App,Same Day,7,Card,Cancelled,-324.71,,,
O02549,11/5/2025,C0463,P039,2,15119,15,25702.3,18499.67,West,Telangana,Hyderabad,Website,Standard,1,Net Banking,Cancelled,7202.63,,,
O02550,11/23/2025,C0101,P029,5,22511,0,112555,86037.28,North,Karnataka,Bengaluru,Marketplace,Express,7,Net Banking,Delivered,26517.72,,,
O02551,4/6/2025,C0129,P010,4,30891,0,123564,95579.27,East,Telangana,Hyderabad,Website,Standard,4,COD,Cancelled,27984.73,,,
O02552,6/8/2025,C0304,P020,3,38933,15,99279.15,87362.34,North,Maharashtra,Pune,Mobile App,Express,4,COD,Delivered,11916.81,,,
O02553,6/12/2025,C0390,P050,3,19271,30,40469.1,35160.83,South,Karnataka,Bengaluru,Website,Standard,1,Card,Cancelled,5308.27,,,
O02554,10/10/2025,C0292,P024,1,48201,25,36150.75,37313.27,South,Telangana,Hyderabad,Marketplace,Standard,1,Card,Delivered,-1162.52,,,
O02555,7/28/2025,C0373,P006,2,32071,25,48106.5,42625.67,North,Telangana,Hyderabad,Marketplace,Same Day,4,Net Banking,Delivered,5480.83,,,
O02556,21/05/2025,C0455,P023,1,31190,35,21833,24037.82,South,Telangana,Hyderabad,Website,Standard,1,Card,Delivered,-2204.82,,,
O02557,12/28/2025,C0061,P024,2,38550,0,77100,60605.97,East,Telangana,Hyderabad,Website,Express,3,Card,Delivered,16494.03,,,
O02558,12/7/2025,C0341,P002,3,6601,35,13862.1,15378.27,West,Telangana,Hyderabad,Marketplace,Same Day,7,Net Banking,Delivered,-1516.17,,,
O02559,6/21/2025,C0137,P042,2,2630,-5,5260,4954.87,West,Telangana,Hyderabad,Mobile App,Same Day,6,UPI,Delivered,305.13,,,
O02560,10/10/2025,C0058,P018,3,19333,25,43499.25,41513.58,North,Telangana,Hyderabad,Mobile App,Express,1,Net Banking,Delivered,1985.67,,,
O02561,10/28/2025,C0022,P028,3,49715,30,104401.5,101118.44,East,Telangana,Hyderabad,Mobile App,Same Day,4,Card,Delivered,3283.06,,,
O02562,7/29/2025,C0179,P039,3,43446,-5,130338,85934.12,South,Telangana,Hyderabad,Mobile App,Standard,4,Net Banking,Delivered,44403.88,,,
O02563,12/16/2025,C0225,P041,3,8002,25,18004.5,17460.77,East,Telangana,Hyderabad,Mobile App,Express,3,Net Banking,Delivered,543.73,,,
O02564,6/1/2025,C0329,P038,5,25223,30,88280.5,96772.2,South,Maharashtra,Pune,Mobile App,Express,3,Card,Delivered,-8491.7,,,
O02565,1/18/2025,C0345,P031,2,43033,5,81762.7,67952.18,South,Telangana,Hyderabad,Marketplace,Standard,1,Net Banking,Cancelled,13810.52,,,
O02566,29/11/2025,C0278,P023,2,42150,0,84300,68476.96,East,Telangana,Hyderabad,Website,Same Day,3,COD,Delivered,15823.04,,,
O02567,23/10/2025,C0216,P033,4,29785,25,89355,83081.14,North,Maharashtra,Mumbai,Website,Standard,6,Card,Delivered,6273.86,,,
O02568,3/12/2025,C0426,P009,5,36658,20,146632,113559.7,South,Maharashtra,Pune,Mobile App,Express,3,UPI,Delivered,33072.3,,,
O02569,10/5/2025,C0444,P015,5,19388,5,92093,75632.09,West,Maharashtra,Pune,Mobile App,Express,3,UPI,Delivered,16460.91,,,
O02570,11/24/2025,C0393,P029,4,20563,25,61689,74835.55,East,Telangana,Hyderabad,Marketplace,Express,Not Delivered,UPI,Cancelled,-13146.55,,,
O02571,10/2/2025,C0026,P035,2,37185,15,63214.5,53464.34,North,Telangana,Hyderabad,Mobile App,Standard,4,COD,Delivered,9750.16,,,
O02572,10/8/2025,C0375,P013,1,27512,0,27512,22457.52,South,Telangana,Hyderabad,Marketplace,Express,3,Net Banking,Cancelled,5054.48,,,
O00237,22/04/2025,C0368,P036,2,17688,0,35376,27991.24,South,Karnataka,Bengaluru,Website,Standard,3,Net Banking,Cancelled,7384.76,,,
O02574,3/10/2025,Unknown,P028,5,48073,0,240365,182728.02,East,Telangana,Hyderabad,Website,Express,7,Card,Delivered,57636.98,,,
O02575,4/21/2025,Unknown,P002,5,46967,35,164384.5,213029.93,North,Telangana,Hyderabad,Website,Express,2,UPI,Cancelled,-48645.43,,,
O02576,12/26/2025,C0243,P038,4,7491,30,20974.8,20674.49,North,Telangana,Hyderabad,Website,Same Day,2,COD,Delivered,300.31,,,
O02577,8/29/2025,C0350,P035,2,11299,15,19208.3,14510.23,South,Karnataka,Bengaluru,Mobile App,Express,Not Delivered,Card,Cancelled,4698.07,,,
O02578,4/17/2025,C0027,P010,4,12890,10,46404,46430.92,South,Telangana,Hyderabad,Marketplace,Express,1,UPI,Cancelled,-26.92,,,
O02579,10/11/2025,C0425,P038,1,10514,0,10514,6629.62,North,Telangana,Hyderabad,Marketplace,Standard,5,COD,Delivered,3884.38,,,
O01935,5/1/2025,C0241,P035,1,35213,25,26409.75,30936.5,South,Telangana,Hyderabad,Marketplace,Express,5,Card,Cancelled,-4526.75,,,
O02581,6/1/2025,C0321,P035,1,32974,20,26379.2,29425.74,North,Telangana,Hyderabad,Mobile App,Express,7,Card,Delivered,-3046.54,,,
O02582,16/08/2025,C0002,P008,2,10729,10,19312.2,16368.85,East,Telangana,Hyderabad,Website,Express,3,UPI,Delivered,2943.35,,,
O01281,10/16/2025,C0174,P032,4,46193,0,184772,140685.81,West,Telangana,Hyderabad,Mobile App,Express,4,Card,Delivered,44086.19,,,
O02584,10/9/2025,C0420,P049,4,24953,25,74859,89365.69,West,Telangana,Hyderabad,Mobile App,Standard,3,COD,Delivered,-14506.69,,,
O02585,5/4/2025,C0145,P016,5,3408,10,15336,15060.42,North,Telangana,Hyderabad,Mobile App,Express,5,Card,Delivered,275.58,,,
O02586,9/9/2025,C0399,P047,2,2498,10,4496.4,4532.74,West,Telangana,Hyderabad,Marketplace,Express,5,Card,Cancelled,-36.34,,,
O02587,26/05/2025,C0139,P028,4,23297,15,79209.8,69943.55,West,Telangana,Hyderabad,Mobile App,Standard,1,Card,Delivered,9266.25,,,
O02588,3/2/2025,C0082,P020,4,14011,0,56044,34653.95,North,Telangana,Hyderabad,Marketplace,Express,4,COD,Delivered,21390.05,,,
O02589,7/13/2025,C0361,P037,2,38394,10,69109.2,68484.1,South,Telangana,Hyderabad,Website,Same Day,4,COD,Delivered,625.1,,,
O02590,7/22/2025,C0406,P027,3,8814,10,23797.8,24213.48,South,Telangana,Hyderabad,Marketplace,Standard,4,Net Banking,Delivered,-415.68,,,
O02591,12/28/2025,C0429,P019,4,21664,15,73657.6,58554,West,Maharashtra,Mumbai,Mobile App,Express,1,COD,Cancelled,15103.6,,,
O02592,11/11/2025,C0235,P006,4,42892,30,120097.6,107607.83,West,Telangana,Hyderabad,Website,Standard,6,Net Banking,Delivered,12489.77,,,
O02593,2/10/2025,C0270,P039,4,20381,20,65219.2,69053.56,East,Telangana,Hyderabad,Website,Standard,5,Card,Delivered,-3834.36,,,
O02594,27/01/2025,C0095,P039,4,40714,20,130284.8,111086.38,East,Telangana,Hyderabad,Marketplace,Standard,6,Card,Cancelled,19198.42,,,
O02595,9/4/2025,C0186,P027,5,18412,0,92060,75313.86,East,Maharashtra,Pune,Mobile App,Express,3,Card,Delivered,16746.14,,,
O02596,24/08/2025,C0426,P022,3,19155,30,40225.5,42019.46,West,Telangana,Hyderabad,Mobile App,Standard,Not Delivered,COD,Cancelled,-1793.96,,,
O02597,2/1/2025,C0123,P028,3,37017,35,77735.7,67540.16,South,Telangana,Hyderabad,Website,Express,7,COD,Delivered,10195.54,,,
O02598,19/10/2025,C0448,P025,4,20869,-5,83476,79063.45,North,Maharashtra,Pune,Mobile App,Express,2,COD,Delivered,4412.55,,,
O02599,5/16/2025,C0180,P013,1,48783,35,34148.1,36684.76,West,Maharashtra,Mumbai,Website,Standard,5,Card,Cancelled,-2536.66,,,
O02600,9/2/2025,C0056,P037,2,49638,0,99276,86918.53,East,Karnataka,Bengaluru,Marketplace,Same Day,5,COD,Cancelled,12357.47,,,
O02601,23/07/2025,C0262,P037,2,25287,20,40459.2,37171.13,North,Telangana,Hyderabad,Website,Express,4,Card,Delivered,3288.07,,,
O02602,3/5/2025,C0254,P037,2,25962,10,46731.6,47575.65,West,Maharashtra,Mumbai,Website,Express,5,COD,Cancelled,-844.05,,,
O02603,3/9/2025,C0473,P029,4,14846,0,59384,42020.45,East,Telangana,Hyderabad,Mobile App,Same Day,7,UPI,Delivered,17363.55,,,
O02604,11/10/2025,C0315,P030,3,10926,35,22944.6,27046.25,East,Maharashtra,Pune,Website,Express,4,Card,Delivered,-4101.65,,,
O02605,4/6/2025,C0484,P018,1,24024,15,20420.4,16268.21,North,Maharashtra,Pune,Mobile App,Express,5,UPI,Delivered,4152.19,,,
O02606,9/16/2025,C0274,P044,3,49711,30,104393.1,126786.92,South,Telangana,Hyderabad,Marketplace,Express,5,Card,Delivered,-22393.82,,,
O02607,13/10/2025,C0006,P016,5,30060,30,105210,96911,South,Telangana,Hyderabad,Mobile App,Express,7,Card,Delivered,8299,,,
O02608,9/10/2025,C0052,P039,2,31522,-5,63044,47391.1,East,Maharashtra,Mumbai,Website,Express,4,Card,Delivered,15652.9,,,
O02609,4/10/2025,C0148,P032,3,17960,0,53880,41024.93,South,Maharashtra,Pune,Marketplace,Standard,4,Card,Cancelled,12855.07,,,
O02610,12/24/2025,C0204,P028,3,23537,35,49427.7,51517.05,South,Maharashtra,Pune,Website,Standard,6,COD,Cancelled,-2089.35,,,
O02611,5/16/2025,C0211,P018,2,49428,35,69199.2,93762.27,South,Maharashtra,Mumbai,Website,Standard,1,Net Banking,Delivered,-24563.07,,,
O02612,4/23/2025,C0467,P005,4,40092,30,112257.6,148591.75,West,Telangana,Hyderabad,Marketplace,Same Day,7,Net Banking,Delivered,-36334.15,,,
O02613,28/08/2025,C0495,P022,4,20711,15,70417.4,76189.47,South,Telangana,Hyderabad,Mobile App,Standard,6,Card,Delivered,-5772.07,,,
O02614,1/10/2025,C0029,P008,5,19969,15,84868.25,78070.12,North,Karnataka,Bengaluru,Mobile App,Same Day,6,Card,Cancelled,6798.13,,,
O02615,11/4/2025,C0281,P012,3,10099,15,25752.45,22702.68,South,Maharashtra,Pune,Website,Standard,7,COD,Delivered,3049.77,,,
O02616,9/21/2025,C0389,P047,4,46693,0,186772,117859.38,South,Telangana,Hyderabad,Website,Express,4,Net Banking,Cancelled,68912.62,,,
O02617,12/31/2025,C0212,P018,4,8241,15,28019.4,28950.92,East,Telangana,Hyderabad,Marketplace,Standard,1,Card,Cancelled,-931.52,,,
O02618,10/18/2025,C0291,P014,4,10252,20,32806.4,24783.45,North,Telangana,Hyderabad,Mobile App,Express,7,UPI,Delivered,8022.95,,,
O02619,11/11/2025,C0180,P039,4,37869,0,151476,108021.46,East,Telangana,Hyderabad,Website,Express,1,Card,Delivered,43454.54,,,
O02620,24/10/2025,C0404,P028,1,25002,-5,25002,18010.22,East,Telangana,Hyderabad,Mobile App,Express,1,COD,Cancelled,6991.78,,,
O02621,27/02/2025,C0466,P030,3,29145,25,65576.25,75944.97,South,Karnataka,Bengaluru,Website,Same Day,1,UPI,Delivered,-10368.72,,,
O02622,1/8/2025,C0269,P019,3,43145,-5,129435,109309.62,South,Telangana,Hyderabad,Mobile App,Express,6,Card,Delivered,20125.38,,,
O02623,16/04/2025,C0467,P008,4,31072,15,105644.8,80354.81,West,Karnataka,Bengaluru,Website,Express,4,COD,Delivered,25289.99,,,
O02624,4/1/2025,C0142,P009,5,27000,15,114750,117196.56,West,Telangana,Hyderabad,Marketplace,Express,7,Card,Delivered,-2446.56,,,
O02625,28/02/2025,C0024,P004,1,9692,-5,9692,8927.88,East,Telangana,Hyderabad,Website,Standard,4,Card,Cancelled,764.12,,,
O02626,4/14/2025,C0075,P033,1,15225,0,15225,14223.48,East,Karnataka,Bengaluru,Marketplace,Standard,3,Card,Cancelled,1001.52,,,
O02627,3/14/2025,C0344,P028,1,45747,10,41172.3,30530.48,North,Telangana,Hyderabad,Website,Standard,Not Delivered,Card,Cancelled,10641.82,,,
O02628,10/28/2025,Unknown,P046,4,21703,5,82471.4,70633.62,East,Maharashtra,Mumbai,Mobile App,Same Day,5,Card,Cancelled,11837.78,,,
O02629,15/07/2025,C0305,P006,1,21537,10,19383.3,18728.23,West,Telangana,Hyderabad,Website,Express,7,COD,Delivered,655.07,,,
O02630,4/27/2025,C0203,P042,2,39517,-5,79034,68201.81,West,Telangana,Hyderabad,Website,Standard,3,Card,Delivered,10832.19,,,
O02631,2/18/2025,C0388,P038,1,1270,25,952.5,1204.66,East,Telangana,Hyderabad,Mobile App,Express,6,COD,Delivered,-252.16,,,
O02632,18/12/2025,C0462,P043,5,43729,20,174916,149220.89,West,Telangana,Hyderabad,Website,Express,3,UPI,Delivered,25695.11,,,
O02633,23/03/2025,C0294,P043,3,45985,10,124159.5,103917.78,North,Telangana,Hyderabad,Marketplace,Standard,5,Card,Delivered,20241.72,,,
O02634,6/11/2025,C0245,P003,1,33485,-5,33485,26276.2,East,Telangana,Hyderabad,Mobile App,Express,6,Net Banking,Delivered,7208.8,,,
O02635,4/21/2025,C0330,P014,3,10157,-5,30471,20793.68,West,Telangana,Hyderabad,Mobile App,Standard,4,Net Banking,Delivered,9677.32,,,
O02636,4/24/2025,C0422,P050,1,1903,20,1522.4,1469.79,South,Telangana,Hyderabad,Marketplace,Express,5,Card,Delivered,52.61,,,
O02637,6/20/2025,C0375,P006,2,43646,5,82927.4,65144.55,South,Maharashtra,Pune,Marketplace,Same Day,7,UPI,Cancelled,17782.85,,,
O02638,12/31/2025,Unknown,P039,3,3942,5,11234.7,10321.95,West,Telangana,Hyderabad,Mobile App,Same Day,Not Delivered,UPI,Cancelled,912.75,,,
O02639,9/10/2025,C0321,P043,4,29119,15,99004.6,91855.47,South,Telangana,Hyderabad,Marketplace,Express,6,Net Banking,Cancelled,7149.13,,,
O02640,4/9/2025,C0275,P028,4,40613,25,121839,98041.16,West,Telangana,Hyderabad,Mobile App,Express,3,Card,Delivered,23797.84,,,
O02641,4/11/2025,C0426,P019,2,1877,25,2815.5,2523.29,East,Karnataka,Bengaluru,Mobile App,Standard,2,Card,Delivered,292.21,,,
O02642,7/28/2025,C0360,P048,4,38009,0,152036,113042.78,East,Maharashtra,Mumbai,Marketplace,Standard,4,Card,Delivered,38993.22,,,
O02643,9/1/2025,C0190,P028,5,41186,5,195633.5,164384.94,North,Karnataka,Bengaluru,Marketplace,Same Day,7,Card,Cancelled,31248.56,,,
O02644,7/10/2025,C0004,P022,1,45263,5,42999.85,32606.14,North,Telangana,Hyderabad,Website,Express,1,Card,Cancelled,10393.71,,,
O02645,21/12/2025,C0284,P030,2,46636,35,65290.4,56084.53,North,Telangana,Hyderabad,Mobile App,Standard,7,COD,Delivered,9205.87,,,
O02646,3/3/2025,C0226,P011,2,29997,-5,59994,40360.39,West,Telangana,Hyderabad,Website,Express,3,COD,Delivered,19633.61,,,
O02647,11/22/2025,C0470,P009,2,16437,25,24655.5,26214.07,South,Telangana,Hyderabad,Mobile App,Express,4,Card,Delivered,-1558.57,,,
O02648,1/15/2025,C0464,P047,1,35985,0,35985,29758.55,North,Telangana,Hyderabad,Mobile App,Express,1,UPI,Cancelled,6226.45,,,
O02649,7/9/2025,C0384,P018,5,4327,35,15144.5,19116.56,North,Maharashtra,Mumbai,Mobile App,Same Day,3,Net Banking,Delivered,-3972.06,,,
O02650,7/4/2025,C0314,P001,4,15859,-5,63436,41274.54,West,Telangana,Hyderabad,Website,Standard,3,Card,Delivered,22161.46,,,
O02651,2/22/2025,C0377,P036,4,20887,-5,83548,79010.24,South,Telangana,Hyderabad,Website,Express,7,Card,Cancelled,4537.76,,,
O02652,10/26/2025,C0457,P050,3,44714,15,114020.7,92082.82,West,Telangana,Hyderabad,Website,Express,1,UPI,Delivered,21937.88,,,
O02653,11/22/2025,C0312,P015,1,35838,20,28670.4,27101.63,South,Telangana,Hyderabad,Marketplace,Standard,4,Card,Delivered,1568.77,,,
O02654,13/12/2025,C0482,P045,5,32493,0,162465,153183.39,East,Telangana,Hyderabad,Website,Express,1,Card,Delivered,9281.61,,,
O02655,5/16/2025,C0086,P017,4,6464,25,19392,23874.06,South,Telangana,Hyderabad,Website,Express,6,UPI,Delivered,-4482.06,,,
O02656,8/16/2025,C0299,P047,1,27355,0,27355,19086.06,North,Telangana,Hyderabad,Marketplace,Standard,4,Card,Delivered,8268.94,,,
O02657,15/07/2025,C0438,P030,2,5408,35,7571.2,9208.81,East,Maharashtra,Pune,Marketplace,Same Day,5,UPI,Delivered,-1637.61,,,
O02658,9/12/2025,C0042,P013,4,8987,20,28758.4,22351.21,East,Karnataka,Bengaluru,Website,Express,7,Net Banking,Delivered,6407.19,,,
O02659,11/29/2025,C0141,P021,2,40366,10,72658.8,48533.77,North,Telangana,Hyderabad,Marketplace,Express,1,Net Banking,Cancelled,24125.03,,,
O02660,6/16/2025,C0229,P042,2,39711,15,67508.7,55594.65,South,Maharashtra,Mumbai,Mobile App,Standard,6,Net Banking,Cancelled,11914.05,,,
O02661,3/26/2025,C0193,P046,2,46850,15,79645,63187.42,East,Karnataka,Bengaluru,Mobile App,Same Day,7,Card,Cancelled,16457.58,,,
O02662,12/31/2025,C0018,P047,5,42129,10,189580.5,144206.42,West,Telangana,Hyderabad,Website,Express,3,Net Banking,Delivered,45374.08,,,
O02663,10/27/2025,C0061,P028,5,6544,0,32720,26915.19,North,Maharashtra,Pune,Mobile App,Express,3,UPI,Delivered,5804.81,,,
O02664,8/14/2025,C0124,P046,4,25369,10,91328.4,93098.82,North,Telangana,Hyderabad,Marketplace,Express,1,UPI,Delivered,-1770.42,,,
O02665,2/14/2025,C0254,P034,3,22300,15,56865,51068.2,East,Karnataka,Bengaluru,Marketplace,Standard,2,Net Banking,Cancelled,5796.8,,,
O02666,7/3/2025,Unknown,P001,2,5722,5,10871.8,6884.56,South,Telangana,Hyderabad,Marketplace,Express,7,Card,Cancelled,3987.24,,,
O02667,7/15/2025,C0177,P027,5,7151,25,26816.25,27249.63,South,Telangana,Hyderabad,Mobile App,Standard,2,Card,Cancelled,-433.38,,,
O02668,2/2/2025,C0303,P012,3,30725,-5,92175,75627.86,South,Telangana,Hyderabad,Mobile App,Express,2,Card,Delivered,16547.14,,,
O02669,12/17/2025,C0279,P026,4,16306,25,48918,57516.63,North,Telangana,Hyderabad,Website,Standard,6,COD,Delivered,-8598.63,,,
O02670,8/24/2025,Unknown,P004,5,38146,-5,190730,158311.2,South,Telangana,Hyderabad,Website,Express,4,Net Banking,Delivered,32418.8,,,
O02671,4/20/2025,C0064,P025,2,48571,35,67999.4,80435.81,East,Telangana,Hyderabad,Marketplace,Same Day,5,Card,Delivered,-12436.41,,,
O02672,11/16/2025,C0239,P048,4,32922,0,131688,97860.98,South,Telangana,Hyderabad,Mobile App,Express,3,Net Banking,Delivered,33827.02,,,
O02673,2/13/2025,C0159,P034,5,49619,15,210880.75,191406.42,North,Telangana,Hyderabad,Website,Express,5,COD,Cancelled,19474.33,,,
O02674,2/27/2025,C0245,P009,3,24058,20,57739.2,44197.75,North,Telangana,Hyderabad,Website,Express,4,COD,Delivered,13541.45,,,
O02675,3/21/2025,C0343,P032,3,26125,25,58781.25,54774.54,East,Telangana,Hyderabad,Marketplace,Same Day,7,Net Banking,Delivered,4006.71,,,
O02676,5/9/2025,C0490,P040,3,15578,0,46734,43129.92,North,Telangana,Hyderabad,Marketplace,Express,5,UPI,Delivered,3604.08,,,
O02677,8/28/2025,C0464,P041,1,22676,25,17007,17866.28,North,Telangana,Hyderabad,Website,Express,7,Card,Delivered,-859.28,,,
O02678,9/9/2025,C0086,P034,5,18450,0,92250,84644.02,South,Maharashtra,Mumbai,Mobile App,Express,2,Card,Cancelled,7605.98,,,
O02679,25/05/2025,C0284,P023,2,38626,25,57939,55006.64,West,Telangana,Hyderabad,Website,Standard,2,Card,Delivered,2932.36,,,
O02680,5/12/2025,C0022,P050,2,24131,20,38609.6,36336.63,West,Telangana,Hyderabad,Website,Express,6,COD,Delivered,2272.97,,,
O02681,8/17/2025,C0366,P019,3,33639,20,80733.6,76959.53,North,Karnataka,Bengaluru,Marketplace,Standard,1,Card,Delivered,3774.07,,,
O02682,12/8/2025,C0447,P043,1,9326,10,8393.4,6306.78,South,Telangana,Hyderabad,Website,Same Day,7,UPI,Delivered,2086.62,,,
O02683,22/12/2025,C0332,P029,3,15433,35,32409.3,35668.65,East,Telangana,Hyderabad,Marketplace,Express,6,UPI,Delivered,-3259.35,,,
O02684,5/30/2025,C0468,P014,3,2187,30,4592.7,5941.06,North,Karnataka,Bengaluru,Website,Express,5,Card,Delivered,-1348.36,,,
O02685,7/8/2025,C0002,P030,3,41047,35,86198.7,109638.12,South,Karnataka,Bengaluru,Website,Express,4,Net Banking,Delivered,-23439.42,,,
O02686,5/16/2025,C0062,P018,2,39898,25,59847,61238.87,East,Telangana,Hyderabad,Website,Express,3,Net Banking,Delivered,-1391.87,,,
O02687,8/23/2025,C0170,P032,3,35504,25,79884,78281.98,West,Telangana,Hyderabad,Marketplace,Express,7,UPI,Delivered,1602.02,,,
O02688,5/5/2025,C0376,P019,2,37607,0,75214,62973.33,West,Telangana,Hyderabad,Website,Express,5,Net Banking,Delivered,12240.67,,,
O02689,12/7/2025,C0434,P046,1,26507,20,21205.6,18385.01,West,Telangana,Hyderabad,Website,Express,6,Card,Delivered,2820.59,,,
O02690,31/05/2025,C0073,P019,2,42329,15,71959.3,63511.42,North,Telangana,Hyderabad,Website,Same Day,4,Card,Cancelled,8447.88,,,
O02691,17/06/2025,C0297,P009,3,42419,5,120894.15,90488.53,South,Telangana,Hyderabad,Marketplace,Same Day,6,UPI,Delivered,30405.62,,,
O02692,1/6/2025,C0253,P034,2,28591,25,42886.5,54024.17,West,Karnataka,Bengaluru,Website,Same Day,4,Card,Delivered,-11137.67,,,
O02693,11/7/2025,C0374,P021,1,40443,20,32354.4,25079.43,East,Telangana,Hyderabad,Mobile App,Express,5,Card,Delivered,7274.97,,,
O02694,1/25/2025,C0466,P013,1,46550,0,46550,28402.06,East,Karnataka,Bengaluru,Mobile App,Express,2,Net Banking,Delivered,18147.94,,,
O02695,6/27/2025,C0212,P050,3,38299,15,97662.45,85422.63,East,Telangana,Hyderabad,Website,Express,6,COD,Delivered,12239.82,,,
O02696,10/11/2025,C0311,P027,2,35984,30,50377.6,47865.2,South,Telangana,Hyderabad,Website,Express,5,UPI,Delivered,2512.4,,,
O02697,3/6/2025,C0415,P024,3,8728,25,19638,23568.73,North,Telangana,Hyderabad,Marketplace,Standard,6,COD,Cancelled,-3930.73,,,
O02698,7/1/2025,C0473,P014,4,5822,0,23288,15060.25,East,Telangana,Hyderabad,Mobile App,Express,7,Net Banking,Cancelled,8227.75,,,
O02699,17/07/2025,C0301,P025,4,11890,5,45182,29091.9,East,Telangana,Hyderabad,Mobile App,Express,3,UPI,Delivered,16090.1,,,
O02700,21/06/2025,C0332,P016,3,4970,0,14910,10723.76,West,Maharashtra,Pune,Website,Same Day,5,Card,Delivered,4186.24,,,
O02701,7/14/2025,C0213,P028,1,9468,25,7101,7520.79,East,Telangana,Hyderabad,Mobile App,Standard,5,Net Banking,Delivered,-419.79,,,
O00577,4/7/2025,C0435,P007,4,28896,35,80908.8,103256,South,Maharashtra,Pune,Marketplace,Standard,3,Card,Delivered,-22347.2,,,
O02703,24/01/2025,C0220,P018,2,33888,15,57609.6,56608.16,North,Karnataka,Bengaluru,Mobile App,Express,2,COD,Delivered,1001.44,,,
O02704,10/31/2025,C0050,P047,1,22502,35,15751.4,20651.14,North,Karnataka,Bengaluru,Marketplace,Express,6,UPI,Delivered,-4899.74,,,
O02705,30/09/2025,C0391,P026,1,22995,0,22995,20905.42,South,Telangana,Hyderabad,Mobile App,Express,1,Card,Delivered,2089.58,,,
O02706,1/11/2025,C0204,P024,2,33928,10,61070.4,47539.88,West,Telangana,Hyderabad,Website,Express,1,UPI,Cancelled,13530.52,,,
O02707,10/29/2025,C0414,P049,4,40786,10,146829.6,135071.06,South,Karnataka,Bengaluru,Mobile App,Express,4,Card,Cancelled,11758.54,,,
O02708,10/13/2025,C0102,P036,5,34615,35,121152.5,152061.33,South,Telangana,Hyderabad,Website,Same Day,6,Card,Delivered,-30908.83,,,
O00456,20/08/2025,C0362,P001,1,20161,5,19152.95,15709.19,East,Telangana,Hyderabad,Website,Same Day,7,Card,Delivered,3443.76,,,
O02710,2/2/2025,C0166,P015,2,39517,-5,79034,68822.37,North,Maharashtra,Pune,Mobile App,Standard,4,Net Banking,Delivered,10211.63,,,
O02711,1/8/2025,C0276,P017,1,32407,10,29166.3,28597.02,West,Maharashtra,Mumbai,Website,Same Day,2,Net Banking,Delivered,569.28,,,
O02712,3/19/2025,C0266,P004,1,18463,-5,18463,16157.02,West,Telangana,Hyderabad,Website,Same Day,5,UPI,Delivered,2305.98,,,
O02713,8/18/2025,C0061,P039,4,33459,25,100377,119575.83,West,Telangana,Hyderabad,Website,Same Day,3,Card,Delivered,-19198.83,,,
O02714,10/31/2025,C0264,P036,4,15798,0,63192,58079.83,South,Telangana,Hyderabad,Website,Express,7,Net Banking,Cancelled,5112.17,,,
O02715,2/11/2025,C0024,P047,1,32420,20,25936,25553.46,West,Telangana,Hyderabad,Marketplace,Same Day,6,COD,Delivered,382.54,,,
O02716,11/16/2025,C0482,P045,4,32567,10,117241.2,110996.7,East,Telangana,Hyderabad,Mobile App,Express,1,Net Banking,Delivered,6244.5,,,
O02717,12/22/2025,C0390,P008,1,14542,-5,14542,9887.79,West,Telangana,Hyderabad,Website,Express,4,UPI,Delivered,4654.21,,,
O02718,10/3/2025,C0279,P014,1,39513,10,35561.7,24914.99,West,Telangana,Hyderabad,Website,Standard,2,COD,Cancelled,10646.71,,,
O02719,4/23/2025,C0298,P050,5,18926,0,94630,60268.86,North,Karnataka,Bengaluru,Website,Same Day,6,Card,Delivered,34361.14,,,
O00674,3/13/2025,C0045,P025,1,2413,0,2413,1725.94,North,Telangana,Hyderabad,Mobile App,Express,1,Card,Delivered,687.06,,,
O02721,6/28/2025,C0481,P027,3,35438,0,106314,67275.79,West,Telangana,Hyderabad,Mobile App,Standard,7,Card,Delivered,39038.21,,,
O02722,12/22/2025,C0495,P028,1,3086,-5,3086,2418.61,South,Telangana,Hyderabad,Marketplace,Express,2,Card,Delivered,667.39,,,
O02723,1/1/2025,C0385,P033,3,27811,0,83433,50794.72,South,Maharashtra,Mumbai,Mobile App,Standard,7,Card,Delivered,32638.28,,,
O02724,2/9/2025,C0343,P023,3,1658,10,4476.6,3764.26,East,Maharashtra,Pune,Marketplace,Express,1,UPI,Cancelled,712.34,,,
O02725,15/09/2025,Unknown,P001,4,15687,20,50198.4,58870.19,South,Telangana,Hyderabad,Marketplace,Standard,4,Card,Delivered,-8671.79,,,
O02726,9/10/2025,C0135,P044,3,11328,30,23788.8,20740.66,West,Telangana,Hyderabad,Marketplace,Same Day,4,Card,Cancelled,3048.14,,,
O02727,9/4/2025,C0084,P014,3,27921,0,83763,51757.77,East,Telangana,Hyderabad,Mobile App,Standard,4,UPI,Delivered,32005.23,,,
O02728,3/19/2025,C0241,P037,3,14547,15,37094.85,30584.17,East,Karnataka,Bengaluru,Website,Express,5,Card,Delivered,6510.68,,,
O02729,21/04/2025,C0244,P002,3,22070,25,49657.5,48571.82,East,Telangana,Hyderabad,Marketplace,Express,4,COD,Delivered,1085.68,,,
O02730,9/3/2025,C0294,P025,4,23283,20,74505.6,61005.65,North,Karnataka,Bengaluru,Website,Express,5,Card,Delivered,13499.95,,,
O02731,3/11/2025,C0216,P026,5,21440,30,75040,92123.49,West,Telangana,Hyderabad,Mobile App,Standard,7,Card,Delivered,-17083.49,,,
O02732,5/15/2025,C0039,P039,2,12180,0,24360,21989.75,South,Telangana,Hyderabad,Website,Same Day,2,Card,Cancelled,2370.25,,,
O02733,23/05/2025,C0348,P004,3,32586,30,68430.6,61013.41,North,Telangana,Hyderabad,Website,Standard,5,Net Banking,Delivered,7417.19,,,
O02734,8/18/2025,C0128,P022,5,16030,20,64120,52531.92,North,Telangana,Hyderabad,Mobile App,Standard,4,Net Banking,Delivered,11588.08,,,
O02735,9/28/2025,C0289,P005,2,6407,10,11532.6,11839.21,West,Telangana,Hyderabad,Mobile App,Express,5,Net Banking,Delivered,-306.61,,,
O02736,14/03/2025,C0074,P044,1,20917,0,20917,16952.97,West,Karnataka,Bengaluru,Mobile App,Express,2,Card,Delivered,3964.03,,,
O02737,4/9/2025,C0402,P032,4,26544,-5,106176,88774.71,East,Telangana,Hyderabad,Marketplace,Standard,6,Card,Delivered,17401.29,,,
O02738,4/28/2025,C0496,P028,3,18724,25,42129,34553.02,North,Telangana,Hyderabad,Marketplace,Express,1,UPI,Delivered,7575.98,,,
O02739,3/25/2025,C0143,P047,2,19518,35,27325.2,34204.99,West,Telangana,Hyderabad,Marketplace,Express,1,Net Banking,Cancelled,-6879.79,,,
O02740,16/04/2025,C0395,P026,1,32191,5,30581.45,21737.69,West,Telangana,Hyderabad,Marketplace,Express,4,Net Banking,Cancelled,8843.76,,,
O02741,6/3/2025,C0481,P029,2,29445,35,41223,50125.71,East,Maharashtra,Pune,Website,Standard,5,UPI,Delivered,-8902.71,,,
O02742,6/8/2025,C0485,P048,2,10574,35,14803.6,16474.42,West,Karnataka,Bengaluru,Website,Express,3,Card,Delivered,-1670.82,,,
O02743,31/07/2025,C0119,P003,1,42020,0,42020,35258.41,East,Telangana,Hyderabad,Mobile App,Express,3,Card,Cancelled,6761.59,,,
O02744,1/14/2025,C0456,P030,5,17730,35,62055,70504.34,West,Telangana,Hyderabad,Mobile App,Same Day,4,Net Banking,Delivered,-8449.34,,,
O02745,12/20/2025,C0470,P041,5,949,-5,4745,4495.35,North,Telangana,Hyderabad,Marketplace,Standard,4,COD,Delivered,249.65,,,
O02746,14/06/2025,C0066,P048,4,43807,35,122659.6,136225.15,South,Telangana,Hyderabad,Website,Standard,4,Card,Delivered,-13565.55,,,
O02747,24/04/2025,C0371,P029,5,7239,25,27146.25,30886.6,West,Karnataka,Bengaluru,Website,Express,6,Card,Delivered,-3740.35,,,
O02748,13/08/2025,C0383,P014,3,29723,30,62418.3,63564.37,North,Telangana,Hyderabad,Marketplace,Express,4,Card,Delivered,-1146.07,,,
O02749,7/1/2025,C0168,P024,2,39224,10,70603.2,48614.27,South,Telangana,Hyderabad,Mobile App,Express,5,UPI,Delivered,21988.93,,,
O02750,7/25/2025,C0458,P013,3,9066,5,25838.1,24659.89,South,Telangana,Hyderabad,Website,Standard,5,Card,Cancelled,1178.21,,,
O02751,4/18/2025,C0171,P001,5,12895,15,54803.75,47643.22,North,Maharashtra,Pune,Mobile App,Standard,3,UPI,Cancelled,7160.53,,,
O02752,6/23/2025,C0278,P024,5,33118,35,115913,124110.67,West,Telangana,Hyderabad,Website,Standard,1,Net Banking,Delivered,-8197.67,,,
O02753,22/05/2025,C0219,P014,4,49396,10,177825.6,143228.97,West,Telangana,Hyderabad,Website,Express,5,Card,Delivered,34596.63,,,
O02754,2/10/2025,C0027,P018,3,38488,35,80824.8,70018.94,West,Maharashtra,Mumbai,Marketplace,Express,4,UPI,Cancelled,10805.86,,,
O02755,3/19/2025,C0056,P048,4,8234,5,31289.2,22829.29,East,Telangana,Hyderabad,Marketplace,Express,4,UPI,Cancelled,8459.91,,,
O02756,5/27/2025,C0069,P002,5,4263,15,18117.75,13706.14,East,Telangana,Hyderabad,Mobile App,Same Day,6,Card,Cancelled,4411.61,,,
O02757,10/24/2025,C0073,P007,4,14525,0,58100,44258.97,East,Telangana,Hyderabad,Marketplace,Same Day,6,COD,Delivered,13841.03,,,
O02758,6/12/2025,C0367,P042,3,47549,15,121249.95,99184.92,North,Telangana,Hyderabad,Website,Express,3,COD,Cancelled,22065.03,,,
O02759,5/4/2025,C0313,P026,3,26617,15,67873.35,49581.63,North,Telangana,Hyderabad,Marketplace,Same Day,5,Card,Delivered,18291.72,,,
O02760,12/3/2025,C0495,P003,3,32553,25,73244.25,72073.26,West,Telangana,Hyderabad,Website,Express,1,Card,Delivered,1170.99,,,
O02761,7/6/2025,C0319,P005,1,16090,0,16090,10264.44,East,Telangana,Hyderabad,Website,Standard,3,UPI,Cancelled,5825.56,,,
O02762,1/11/2025,C0055,P043,1,10499,0,10499,7362.13,East,Telangana,Hyderabad,Website,Standard,5,COD,Cancelled,3136.87,,,
O02763,7/5/2025,C0035,P045,1,20755,5,19717.25,16303.42,South,Maharashtra,Pune,Website,Same Day,1,COD,Delivered,3413.83,,,
O02764,18/06/2025,C0170,P019,4,17748,10,63892.8,47466.89,South,Telangana,Hyderabad,Mobile App,Standard,2,Card,Cancelled,16425.91,,,
O02765,2/23/2025,C0111,P044,1,37662,5,35778.9,23914.97,East,Telangana,Hyderabad,Mobile App,Standard,3,UPI,Delivered,11863.93,,,
O02766,11/1/2025,C0171,P033,5,3211,5,15252.25,10178.07,South,Telangana,Hyderabad,Website,Express,3,Net Banking,Cancelled,5074.18,,,
O02767,7/23/2025,C0175,P001,5,30797,35,107789.5,100248.36,North,Telangana,Hyderabad,Website,Standard,1,Card,Delivered,7541.14,,,
O02768,4/1/2025,C0358,P005,3,32199,35,67617.9,62995.89,West,Telangana,Hyderabad,Marketplace,Same Day,2,Card,Delivered,4622.01,,,
O02769,10/9/2025,Unknown,P031,1,28305,20,22644,25796.91,South,Telangana,Hyderabad,Mobile App,Express,1,Card,Cancelled,-3152.91,,,
O02770,1/27/2025,C0002,P035,1,13593,0,13593,11640.18,North,Telangana,Hyderabad,Marketplace,Express,1,Card,Cancelled,1952.82,,,
O02771,7/4/2025,C0205,P016,5,47454,30,166089,196990.5,South,Maharashtra,Mumbai,Marketplace,Express,5,Card,Cancelled,-30901.5,,,
O02772,9/10/2025,C0213,P048,1,48972,35,34280.4,31675.42,North,Karnataka,Bengaluru,Marketplace,Standard,7,Net Banking,Cancelled,2604.98,,,
O02773,3/28/2025,C0016,P032,4,31752,15,107956.8,102705.81,South,Telangana,Hyderabad,Mobile App,Express,6,UPI,Cancelled,5250.99,,,
O02774,7/30/2025,C0311,P027,4,32851,25,98553,79149.14,West,Maharashtra,Mumbai,Mobile App,Express,2,COD,Cancelled,19403.86,,,
O02775,2/5/2025,C0348,P001,3,42341,10,114320.7,87088.84,East,Telangana,Hyderabad,Mobile App,Standard,7,Card,Cancelled,27231.86,,,
O02776,8/22/2025,C0082,P018,4,37598,25,112794,115355.49,East,Telangana,Hyderabad,Marketplace,Express,2,COD,Cancelled,-2561.49,,,
O02777,1/2/2025,C0459,P014,3,42317,25,95213.25,109708.25,West,Karnataka,Bengaluru,Mobile App,Express,3,Net Banking,Cancelled,-14495,,,
O02778,9/29/2025,C0119,P030,1,2425,30,1697.5,1548.58,East,Telangana,Hyderabad,Marketplace,Standard,2,Net Banking,Delivered,148.92,,,
O02779,5/31/2025,C0168,P005,5,49024,0,245120,204394.94,East,Telangana,Hyderabad,Website,Express,5,Card,Delivered,40725.06,,,
O02780,26/10/2025,C0024,P020,2,42395,30,59353,52124,South,Telangana,Hyderabad,Mobile App,Same Day,5,COD,Delivered,7229,,,
O02781,30/04/2025,C0067,P011,3,10638,5,30318.3,21666.07,South,Telangana,Hyderabad,Website,Express,6,UPI,Delivered,8652.23,,,
O02782,2/14/2025,C0088,P014,3,4615,15,11768.25,12239.93,South,Telangana,Hyderabad,Mobile App,Express,3,COD,Delivered,-471.68,,,
O02783,17/03/2025,C0266,P020,4,34104,20,109132.8,120879.41,North,Telangana,Hyderabad,Marketplace,Same Day,3,Card,Cancelled,-11746.61,,,
O02784,1/7/2025,C0455,P032,3,602,0,1806,1568.19,North,Telangana,Hyderabad,Mobile App,Express,4,Net Banking,Delivered,237.81,,,
O02785,9/26/2025,C0243,P034,3,8688,15,22154.4,16454.41,East,Telangana,Hyderabad,Marketplace,Express,7,COD,Delivered,5699.99,,,
O02786,6/3/2025,C0130,P025,3,16345,30,34324.5,33664.79,East,Telangana,Hyderabad,Mobile App,Standard,1,COD,Delivered,659.71,,,
O02787,9/11/2025,C0340,P028,1,27735,5,26348.25,22470.26,West,Karnataka,Bengaluru,Mobile App,Express,5,Card,Delivered,3877.99,,,
O02788,8/4/2025,C0468,P017,3,42426,15,108186.3,92234.57,East,Karnataka,Bengaluru,Website,Standard,6,COD,Delivered,15951.73,,,
O02789,8/14/2025,C0464,P021,5,28681,10,129064.5,97936.83,East,Telangana,Hyderabad,Website,Standard,6,Card,Delivered,31127.67,,,
O02790,4/18/2025,C0047,P047,5,16117,35,56409.5,51140.9,North,Telangana,Hyderabad,Mobile App,Standard,3,Card,Cancelled,5268.6,,,
O02791,6/7/2025,C0357,P046,4,13038,35,36506.4,35542.55,West,Telangana,Hyderabad,Marketplace,Standard,7,UPI,Delivered,963.85,,,
O02792,12/3/2025,C0156,P033,1,41776,20,33420.8,28962.88,East,Telangana,Hyderabad,Mobile App,Express,2,COD,Cancelled,4457.92,,,
O02793,11/11/2025,C0219,P024,5,17545,35,61407.5,55123.12,South,Telangana,Hyderabad,Mobile App,Express,5,COD,Cancelled,6284.38,,,
O02794,8/10/2025,C0084,P044,5,38084,10,171378,146373.69,East,Telangana,Hyderabad,Website,Same Day,6,Card,Delivered,25004.31,,,
O02795,5/5/2025,C0233,P027,2,40134,15,68227.8,59473.92,West,Maharashtra,Pune,Marketplace,Standard,6,UPI,Cancelled,8753.88,,,
O02796,9/10/2025,C0180,P033,4,15242,15,51822.8,48648.95,West,Telangana,Hyderabad,Marketplace,Express,2,Card,Cancelled,3173.85,,,
O02797,7/3/2025,C0454,P005,2,21398,20,34236.8,38073.07,West,Telangana,Hyderabad,Website,Standard,7,COD,Delivered,-3836.27,,,
O02798,9/10/2025,C0047,P045,1,857,35,599.9,667.84,South,Karnataka,Bengaluru,Marketplace,Standard,6,COD,Cancelled,-67.94,,,
O02799,6/5/2025,C0350,P025,1,27802,0,27802,20949.14,East,Telangana,Hyderabad,Mobile App,Express,6,Card,Cancelled,6852.86,,,
O02800,11/25/2025,C0465,P031,5,48938,5,232455.5,182784.21,East,Maharashtra,Mumbai,Website,Express,4,UPI,Delivered,49671.29,,,
O02801,3/22/2025,C0448,P007,5,11575,15,49193.75,37775.2,East,Maharashtra,Pune,Mobile App,Express,4,UPI,Cancelled,11418.55,,,
O02802,1/17/2025,C0075,P047,4,4853,5,18441.4,11866.79,North,Telangana,Hyderabad,Website,Express,7,COD,Cancelled,6574.61,,,
O02803,5/2/2025,C0467,P022,3,4645,10,12541.5,9623.12,East,Maharashtra,Mumbai,Website,Standard,7,Net Banking,Delivered,2918.38,,,
O02804,7/5/2025,C0489,P003,4,5679,25,17037,16167.84,East,Telangana,Hyderabad,Website,Same Day,7,Card,Delivered,869.16,,,
O02805,5/20/2025,C0389,P042,3,23469,25,52805.25,57450.53,South,Karnataka,Bengaluru,Mobile App,Standard,4,UPI,Cancelled,-4645.28,,,
O02806,6/5/2025,C0266,P002,5,13179,25,49421.25,58037.07,East,Telangana,Hyderabad,Mobile App,Same Day,4,Net Banking,Delivered,-8615.82,,,
O02807,7/8/2025,C0246,P030,2,12331,25,18496.5,23350.36,North,Telangana,Hyderabad,Mobile App,Express,1,UPI,Delivered,-4853.86,,,
O02808,22/06/2025,C0037,P019,5,27269,5,129527.75,111427.25,South,Telangana,Hyderabad,Website,Standard,5,UPI,Delivered,18100.5,,,
O02809,12/30/2025,C0330,P015,4,43807,5,166466.6,119888.44,South,Telangana,Hyderabad,Website,Same Day,7,UPI,Cancelled,46578.16,,,
O02810,11/6/2025,C0344,P011,1,34063,0,34063,26285.91,South,Telangana,Hyderabad,Marketplace,Same Day,6,Card,Cancelled,7777.09,,,
O02811,17/04/2025,C0136,P026,3,4950,-5,14850,10123.76,North,Telangana,Hyderabad,Website,Express,5,Card,Delivered,4726.24,,,
O02812,25/10/2025,C0144,P002,3,9245,25,20801.25,21880.87,South,Telangana,Hyderabad,Marketplace,Same Day,3,UPI,Delivered,-1079.62,,,
O02813,1/12/2025,C0456,P028,1,35603,25,26702.25,28550.41,South,Telangana,Hyderabad,Marketplace,Express,6,Net Banking,Delivered,-1848.16,,,
O02814,21/10/2025,C0358,P030,5,43258,35,151403,194007.67,South,Telangana,Hyderabad,Marketplace,Express,3,Card,Delivered,-42604.67,,,
O02815,12/15/2025,C0448,P015,1,8426,0,8426,5234.74,South,Maharashtra,Mumbai,Marketplace,Standard,5,UPI,Delivered,3191.26,,,
O02816,7/8/2025,C0138,P001,5,18602,-5,93010,81560.82,South,Telangana,Hyderabad,Website,Same Day,5,COD,Delivered,11449.18,,,
O02817,6/14/2025,C0032,P024,1,25409,35,17786.3,23116.94,West,Telangana,Hyderabad,Marketplace,Standard,1,Net Banking,Delivered,-5330.64,,,
O02818,23/03/2025,C0111,P043,5,48532,35,169862,158937.79,North,Telangana,Hyderabad,Website,Express,1,Card,Delivered,10924.21,,,
O02819,6/13/2025,C0385,P002,4,38554,35,107951.2,125443.6,East,Maharashtra,Mumbai,Mobile App,Express,6,Card,Delivered,-17492.4,,,
O02820,27/08/2025,C0478,P013,4,18158,0,72632,49075.32,West,Telangana,Hyderabad,Marketplace,Express,3,Card,Delivered,23556.68,,,
O02821,4/8/2025,C0488,P031,3,27831,20,66794.4,58319.03,West,Telangana,Hyderabad,Mobile App,Express,5,Card,Delivered,8475.37,,,
O02822,1/26/2025,C0269,P012,2,11105,35,15547,14311.68,North,Telangana,Hyderabad,Mobile App,Express,3,Card,Delivered,1235.32,,,
O02823,9/7/2025,C0107,P049,2,19549,25,29323.5,31467.02,West,Telangana,Hyderabad,Mobile App,Express,3,Net Banking,Cancelled,-2143.52,,,
O02824,25/10/2025,C0079,P036,2,591,5,1122.9,1108.28,East,Maharashtra,Pune,Website,Standard,4,Card,Delivered,14.62,,,
O02825,5/18/2025,C0143,P027,3,38235,0,114705,89084.03,South,Telangana,Hyderabad,Marketplace,Express,2,COD,Delivered,25620.97,,,
O02826,10/22/2025,C0107,P045,3,24198,35,50815.8,64639.32,West,Karnataka,Bengaluru,Marketplace,Express,3,Card,Cancelled,-13823.52,,,
O02827,7/21/2025,C0284,P001,5,48951,0,244755,211932.83,North,Telangana,Hyderabad,Marketplace,Express,5,Net Banking,Cancelled,32822.17,,,
O02828,11/7/2025,C0284,P005,1,39675,15,33723.75,28056.78,East,Maharashtra,Pune,Marketplace,Same Day,3,Card,Delivered,5666.97,,,
O02829,8/15/2025,C0321,P035,1,18342,35,12839.4,15453.24,West,Telangana,Hyderabad,Mobile App,Express,7,Net Banking,Delivered,-2613.84,,,
O02830,23/01/2025,Unknown,P046,4,2969,5,11282.2,10701.34,East,Telangana,Hyderabad,Mobile App,Express,4,Net Banking,Delivered,580.86,,,
O02831,17/12/2025,C0265,P022,5,11800,25,44250,37862.14,South,Telangana,Hyderabad,Website,Express,4,COD,Delivered,6387.86,,,
O02832,8/15/2025,C0396,P030,4,41055,0,164220,124232.92,West,Telangana,Hyderabad,Website,Same Day,6,COD,Delivered,39987.08,,,
O02833,12/4/2025,C0384,P011,5,11111,15,47221.75,45773.84,East,Maharashtra,Pune,Website,Express,5,Card,Delivered,1447.91,,,
O02834,5/10/2025,C0241,P007,4,23291,10,83847.6,65949.52,South,Telangana,Hyderabad,Website,Express,7,COD,Delivered,17898.08,,,
O02835,5/5/2025,C0181,P031,5,48918,-5,244590,188423.07,South,Karnataka,Bengaluru,Marketplace,Express,3,UPI,Delivered,56166.93,,,
O02836,3/20/2025,C0037,P041,1,4679,30,3275.3,4020.07,North,Maharashtra,Pune,Website,Express,4,Card,Cancelled,-744.77,,,
O02837,4/10/2025,C0295,P019,1,9604,20,7683.2,6709.78,East,Telangana,Hyderabad,Marketplace,Standard,3,Card,Delivered,973.42,,,
O02838,22/04/2025,C0420,P024,2,5920,5,11248,10780.68,West,Telangana,Hyderabad,Website,Standard,1,Net Banking,Cancelled,467.32,,,
O02839,20/11/2025,C0489,P044,5,27416,20,109664,99637.95,North,Maharashtra,Pune,Mobile App,Express,4,Card,Delivered,10026.05,,,
O02840,1/18/2025,C0228,P009,3,35895,15,91532.25,100105.27,South,Karnataka,Bengaluru,Marketplace,Express,4,UPI,Delivered,-8573.02,,,
O02841,5/2/2025,C0400,P011,1,5070,0,5070,4729.01,North,Telangana,Hyderabad,Website,Express,4,UPI,Delivered,340.99,,,
O02842,1/11/2025,C0372,P012,5,38283,35,133990.5,128423.16,West,Maharashtra,Pune,Website,Express,6,Card,Delivered,5567.34,,,
O02843,8/19/2025,C0468,P024,5,1128,25,4230,4804.17,South,Telangana,Hyderabad,Mobile App,Same Day,1,UPI,Delivered,-574.17,,,
O02844,12/28/2025,C0275,P010,5,41857,30,146499.5,193878.95,North,Telangana,Hyderabad,Mobile App,Standard,4,COD,Cancelled,-47379.45,,,
O02845,8/7/2025,C0155,P027,2,30239,25,45358.5,36924.06,North,Telangana,Hyderabad,Marketplace,Same Day,3,Net Banking,Cancelled,8434.44,,,
O02846,7/13/2025,C0148,P046,1,46105,20,36884,35293.02,West,Telangana,Hyderabad,Website,Express,4,Card,Delivered,1590.98,,,
O02847,11/9/2025,C0402,P042,5,12575,25,47156.25,48990.93,West,Telangana,Hyderabad,Mobile App,Express,6,Net Banking,Delivered,-1834.68,,,
O02848,16/08/2025,C0141,P039,4,3407,15,11583.8,12165.73,West,Telangana,Hyderabad,Website,Express,3,Card,Delivered,-581.93,,,
O02849,11/4/2025,C0309,P049,5,46669,5,221677.75,200325.3,South,Telangana,Hyderabad,Website,Express,7,Card,Cancelled,21352.45,,,
O02850,5/5/2025,C0481,P042,5,44350,-5,221750,209388.7,South,Telangana,Hyderabad,Website,Express,4,COD,Cancelled,12361.3,,,
O02851,7/29/2025,C0417,P040,4,1484,30,4155.2,4283.29,North,Karnataka,Bengaluru,Mobile App,Express,7,UPI,Cancelled,-128.09,,,
O02852,7/23/2025,C0082,P005,5,5516,0,27580,20542.82,West,Karnataka,Bengaluru,Mobile App,Express,3,Card,Delivered,7037.18,,,
O02853,26/12/2025,C0180,P029,3,18307,20,43936.8,49948.52,North,Telangana,Hyderabad,Marketplace,Standard,3,UPI,Cancelled,-6011.72,,,
O02854,8/6/2025,C0406,P045,2,12006,30,16808.4,20684.02,North,Telangana,Hyderabad,Mobile App,Same Day,2,Card,Delivered,-3875.62,,,
O02855,17/07/2025,C0349,P029,2,44749,5,85023.1,73402.57,West,Telangana,Hyderabad,Mobile App,Same Day,3,Card,Delivered,11620.53,,,
O02856,3/7/2025,C0167,P040,2,13261,15,22543.7,16510.56,South,Maharashtra,Pune,Website,Express,5,UPI,Delivered,6033.14,,,
O02857,6/18/2025,C0481,P002,5,19334,20,77336,71396.36,East,Telangana,Hyderabad,Website,Express,6,Card,Cancelled,5939.64,,,
O02858,12/7/2025,C0178,P049,4,10573,10,38062.8,39533.9,South,Telangana,Hyderabad,Website,Express,6,Card,Delivered,-1471.1,,,
O02859,4/22/2025,C0299,P038,1,5072,30,3550.4,4013.18,West,Karnataka,Bengaluru,Website,Express,7,Card,Cancelled,-462.78,,,
O02860,3/8/2025,C0385,P004,2,21885,5,41581.5,31082.75,East,Telangana,Hyderabad,Marketplace,Standard,3,COD,Delivered,10498.75,,,
O02861,8/27/2025,C0152,P030,1,1988,-5,1988,1426.97,South,Telangana,Hyderabad,Website,Express,5,Card,Delivered,561.03,,,
O02862,8/3/2025,C0114,P024,5,6341,10,28534.5,22721.35,East,Telangana,Hyderabad,Mobile App,Same Day,7,UPI,Cancelled,5813.15,,,
O02863,13/05/2025,C0358,P017,3,40752,0,122256,83791.33,West,Telangana,Hyderabad,Marketplace,Express,4,Card,Delivered,38464.67,,,
O02864,10/4/2025,C0348,P040,5,39592,5,188062,172057.48,South,Telangana,Hyderabad,Website,Standard,2,Card,Cancelled,16004.52,,,
O02865,12/6/2025,C0345,P040,3,16870,0,50610,34609.47,West,Telangana,Hyderabad,Marketplace,Express,6,Card,Delivered,16000.53,,,
O02866,9/8/2025,C0392,P041,1,18238,35,12766.6,16071.65,South,Telangana,Hyderabad,Website,Express,1,UPI,Cancelled,-3305.05,,,
O02867,9/5/2025,C0119,P045,4,31729,0,126916,97890.4,North,Karnataka,Bengaluru,Mobile App,Express,5,UPI,Delivered,29025.6,,,
O02868,10/8/2025,C0434,P028,1,8711,25,6533.25,5716.12,South,Karnataka,Bengaluru,Marketplace,Same Day,3,Net Banking,Delivered,817.13,,,
O02869,14/07/2025,C0464,P003,5,2541,-5,12705,10739.44,East,Telangana,Hyderabad,Website,Express,5,Net Banking,Cancelled,1965.56,,,
O02870,4/6/2025,C0300,P041,2,26955,30,37737,44795.05,North,Maharashtra,Mumbai,Website,Standard,7,UPI,Delivered,-7058.05,,,
O02871,4/11/2025,C0389,P036,2,39915,0,79830,51406,West,Telangana,Hyderabad,Marketplace,Express,5,Net Banking,Delivered,28424,,,
O02872,3/13/2025,C0278,P032,4,34301,30,96042.8,99580.3,South,Telangana,Hyderabad,Marketplace,Standard,6,UPI,Delivered,-3537.5,,,
O02873,9/1/2025,C0353,P026,1,34011,20,27208.8,25080.37,West,Telangana,Hyderabad,Website,Same Day,5,Card,Delivered,2128.43,,,
O02874,11/2/2025,C0347,P043,3,41900,0,125700,82190.79,East,Telangana,Hyderabad,Mobile App,Express,2,COD,Delivered,43509.21,,,
O02875,11/15/2025,C0411,P024,5,33133,25,124248.75,102738.79,West,Telangana,Hyderabad,Website,Express,1,UPI,Delivered,21509.96,,,
O02876,7/1/2025,C0312,P018,1,29106,35,20374.2,18759.15,South,Telangana,Hyderabad,Marketplace,Express,7,Net Banking,Delivered,1615.05,,,
O02877,7/11/2025,C0233,P037,1,49809,15,42337.65,45824.44,West,Maharashtra,Mumbai,Website,Standard,3,UPI,Delivered,-3486.79,,,
O02878,4/7/2025,C0042,P044,2,17183,5,32647.7,25700.49,East,Telangana,Hyderabad,Website,Express,7,Card,Cancelled,6947.21,,,
O02879,12/4/2025,C0141,P018,5,23881,5,113434.75,94800.3,East,Telangana,Hyderabad,Mobile App,Standard,2,COD,Delivered,18634.45,,,
O02880,7/11/2025,C0183,P003,1,22282,10,20053.8,20993.51,East,Telangana,Hyderabad,Marketplace,Express,1,Card,Cancelled,-939.71,,,
O02881,1/10/2025,C0160,P006,2,6447,-5,12894,11603.03,West,Telangana,Hyderabad,Website,Same Day,5,Card,Delivered,1290.97,,,
O02882,20/06/2025,Unknown,P032,3,14765,-5,44295,29191.58,West,Karnataka,Bengaluru,Website,Express,3,Net Banking,Delivered,15103.42,,,
O02883,13/04/2025,C0155,P001,3,14330,35,30093,39450.76,North,Telangana,Hyderabad,Marketplace,Express,6,Net Banking,Cancelled,-9357.76,,,
O02884,10/31/2025,C0326,P024,2,7997,20,12795.2,14760.03,North,Karnataka,Bengaluru,Marketplace,Express,4,Card,Delivered,-1964.83,,,
O02885,10/21/2025,C0224,P030,5,6884,15,29257,22098.84,South,Telangana,Hyderabad,Mobile App,Standard,7,Net Banking,Delivered,7158.16,,,
O02886,27/06/2025,C0430,P046,3,28859,20,69261.6,70498.91,East,Telangana,Hyderabad,Mobile App,Express,4,Net Banking,Delivered,-1237.31,,,
O02887,3/3/2025,C0376,P004,1,9808,5,9317.6,6067.23,West,Telangana,Hyderabad,Mobile App,Standard,4,Card,Cancelled,3250.37,,,
O02888,11/3/2025,C0399,P003,2,49056,10,88300.8,87891.28,North,Telangana,Hyderabad,Mobile App,Express,3,Net Banking,Delivered,409.52,,,
O02889,10/24/2025,C0477,P032,5,29297,15,124512.25,90628.54,South,Maharashtra,Mumbai,Mobile App,Express,1,Card,Cancelled,33883.71,,,
O02890,6/24/2025,C0321,P040,4,27906,15,94880.4,82818.6,West,Karnataka,Bengaluru,Marketplace,Standard,7,UPI,Delivered,12061.8,,,
O02891,6/1/2025,C0297,P026,3,9741,25,21917.25,19851.41,South,Maharashtra,Mumbai,Website,Express,2,COD,Delivered,2065.84,,,
O02892,8/23/2025,C0054,P029,4,23789,25,71367,59106.96,East,Telangana,Hyderabad,Mobile App,Express,6,UPI,Cancelled,12260.04,,,
O02893,4/26/2025,C0099,P001,5,9723,20,38892,33851.27,North,Telangana,Hyderabad,Website,Standard,1,Card,Delivered,5040.73,,,
O02894,6/12/2025,C0348,P046,3,11081,-5,33243,24656.43,North,Telangana,Hyderabad,Mobile App,Express,4,Card,Delivered,8586.57,,,
O02895,5/19/2025,C0467,P049,3,43524,10,117514.8,109295.3,North,Telangana,Hyderabad,Mobile App,Standard,2,Net Banking,Delivered,8219.5,,,
O02896,31/07/2025,C0418,P025,4,9225,20,29520,28975.39,North,Telangana,Hyderabad,Website,Same Day,4,UPI,Cancelled,544.61,,,
O02897,1/29/2025,C0425,P040,3,42122,0,126366,79690.45,East,Telangana,Hyderabad,Website,Express,6,UPI,Delivered,46675.55,,,
O02898,2/16/2025,C0224,P003,4,49498,35,138594.4,136110.66,East,Telangana,Hyderabad,Website,Express,1,COD,Cancelled,2483.74,,,
O02899,6/28/2025,C0384,P017,5,10019,5,47590.25,45710.88,South,Telangana,Hyderabad,Mobile App,Express,7,UPI,Cancelled,1879.37,,,
O02900,2/7/2025,C0483,P028,4,23538,0,94152,79612.11,West,Telangana,Hyderabad,Website,Standard,4,Card,Delivered,14539.89,,,
O02901,7/2/2025,C0262,P034,1,13900,15,11815,10216.03,West,Telangana,Hyderabad,Marketplace,Express,6,UPI,Cancelled,1598.97,,,
O02902,14/12/2025,C0103,P001,5,34562,5,164169.5,109805.33,West,Telangana,Hyderabad,Marketplace,Standard,6,Card,Delivered,54364.17,,,
O02903,4/3/2025,C0363,P004,1,9038,20,7230.4,5745.8,North,Telangana,Hyderabad,Marketplace,Express,5,UPI,Delivered,1484.6,,,
O02904,2/12/2025,C0020,P027,2,31579,35,44210.6,39027.33,East,Telangana,Hyderabad,Mobile App,Standard,7,COD,Delivered,5183.27,,,
O02905,12/17/2025,C0292,P028,5,29500,30,103250,119479.78,South,Telangana,Hyderabad,Marketplace,Express,3,COD,Delivered,-16229.78,,,
O02906,19/02/2025,C0302,P015,1,4782,0,4782,3942.07,East,Karnataka,Bengaluru,Marketplace,Express,4,Net Banking,Delivered,839.93,,,
O02907,2/15/2025,C0168,P037,1,14297,-5,14297,10064.76,West,Telangana,Hyderabad,Website,Express,2,Card,Delivered,4232.24,,,
O02908,24/09/2025,C0286,P003,1,21799,30,15259.3,20439.05,South,Telangana,Hyderabad,Mobile App,Standard,3,Net Banking,Delivered,-5179.75,,,
O02909,5/4/2025,C0447,P034,1,41814,30,29269.8,25220.38,West,Maharashtra,Pune,Marketplace,Same Day,4,Card,Cancelled,4049.42,,,
O02910,11/2/2025,C0453,P031,3,33389,-5,100167,60862.02,East,Telangana,Hyderabad,Website,Express,6,Card,Delivered,39304.98,,,
O02911,11/9/2025,C0029,P021,5,40795,10,183577.5,176038.02,East,Telangana,Hyderabad,Marketplace,Standard,3,Card,Cancelled,7539.48,,,
O02912,1/11/2025,C0091,P035,4,33408,0,133632,111176.11,West,Maharashtra,Mumbai,Website,Standard,4,COD,Cancelled,22455.89,,,
O02913,8/12/2025,C0075,P039,1,8381,30,5866.7,7305.34,South,Telangana,Hyderabad,Marketplace,Standard,7,Card,Delivered,-1438.64,,,
O02914,12/29/2025,C0461,P027,1,39346,-5,39346,35819.1,South,Telangana,Hyderabad,Marketplace,Express,5,Card,Cancelled,3526.9,,,
O02915,13/02/2025,C0243,P018,3,44753,15,114120.15,114445.45,North,Telangana,Hyderabad,Website,Same Day,7,Net Banking,Cancelled,-325.3,,,
O02916,5/15/2025,C0372,P021,4,29608,-5,118432,73004.52,South,Maharashtra,Mumbai,Mobile App,Express,2,Net Banking,Delivered,45427.48,,,
O02917,5/15/2025,C0189,P024,5,5659,0,28295,24811.89,North,Telangana,Hyderabad,Mobile App,Same Day,3,Net Banking,Delivered,3483.11,,,
O02918,2/8/2025,C0319,P007,3,18583,35,39024.3,47301.97,West,Telangana,Hyderabad,Website,Standard,6,Card,Delivered,-8277.67,,,
O02919,10/7/2025,C0367,P003,4,24981,0,99924,93884.65,West,Telangana,Hyderabad,Marketplace,Express,Not Delivered,Card,Cancelled,6039.35,,,
O02920,2/21/2025,C0407,P001,3,33940,35,71274,67973.02,North,Telangana,Hyderabad,Website,Standard,2,Card,Cancelled,3300.98,,,
O02921,27/01/2025,C0470,P032,4,25669,35,71873.2,68860.51,North,Karnataka,Bengaluru,Marketplace,Standard,5,COD,Delivered,3012.69,,,
O02922,5/3/2025,C0024,P013,4,27741,20,88771.2,82923.48,East,Telangana,Hyderabad,Website,Express,5,UPI,Delivered,5847.72,,,
O02923,11/26/2025,C0175,P045,2,5907,-5,11814,10910.65,West,Telangana,Hyderabad,Marketplace,Express,3,Card,Delivered,903.35,,,
O00560,23/01/2025,C0248,P040,2,11132,10,20037.6,20368.32,East,Karnataka,Bengaluru,Marketplace,Same Day,4,Card,Cancelled,-330.72,,,
O02925,2/5/2025,C0386,P026,2,8439,25,12658.5,16031.8,East,Telangana,Hyderabad,Website,Same Day,3,Card,Delivered,-3373.3,,,
O02926,3/31/2025,C0161,P036,4,30231,0,120924,106915.43,West,Telangana,Hyderabad,Mobile App,Express,7,Card,Cancelled,14008.57,,,
O02927,4/30/2025,C0292,P040,2,22180,35,31052,38963.42,North,Karnataka,Bengaluru,Marketplace,Express,7,Card,Delivered,-7911.42,,,
O02928,6/3/2025,C0122,P041,2,38943,30,54520.2,56506.65,West,Telangana,Hyderabad,Website,Standard,4,Card,Delivered,-1986.45,,,
O02929,14/06/2025,C0359,P042,3,42103,10,113678.1,100201.37,North,Telangana,Hyderabad,Mobile App,Express,4,Net Banking,Cancelled,13476.73,,,
O02930,6/28/2025,C0453,P012,3,46783,35,98244.3,107338.28,South,Maharashtra,Pune,Marketplace,Express,2,Net Banking,Delivered,-9093.98,,,
O02931,1/1/2025,C0042,P015,3,24094,-5,72282,43546.99,West,Telangana,Hyderabad,Marketplace,Express,3,Net Banking,Delivered,28735.01,,,
O02932,3/7/2025,C0402,P008,1,43219,10,38897.1,28280.26,East,Telangana,Hyderabad,Mobile App,Express,6,Card,Cancelled,10616.84,,,
O02933,9/28/2025,C0411,P001,4,5807,30,16259.6,14704.63,West,Maharashtra,Pune,Website,Express,5,Card,Delivered,1554.97,,,
O02934,12/1/2025,C0086,P032,3,33456,0,100368,89733.08,South,Telangana,Hyderabad,Website,Same Day,7,Card,Delivered,10634.92,,,
O02935,9/26/2025,C0102,P040,5,35828,0,179140,131811.57,West,Karnataka,Bengaluru,Website,Express,6,Card,Cancelled,47328.43,,,
O02936,10/23/2025,C0376,P013,3,39350,25,88537.5,105913.85,North,Telangana,Hyderabad,Website,Express,6,UPI,Delivered,-17376.35,,,
O02937,10/18/2025,C0142,P019,5,28650,0,143250,88672.71,West,Maharashtra,Pune,Marketplace,Standard,2,UPI,Delivered,54577.29,,,
O02938,4/10/2025,C0244,P042,4,25892,35,72497.6,63581.57,North,Telangana,Hyderabad,Marketplace,Express,5,COD,Cancelled,8916.03,,,
O02939,9/16/2025,C0200,P010,1,40588,15,34499.8,25426.33,West,Karnataka,Bengaluru,Mobile App,Same Day,6,Card,Cancelled,9073.47,,,
O02940,12/1/2025,C0485,P019,4,45206,0,180824,141916.37,South,Telangana,Hyderabad,Marketplace,Standard,3,Card,Delivered,38907.63,,,
O02941,17/04/2025,C0330,P037,4,10527,25,31581,25834.15,West,Telangana,Hyderabad,Website,Express,2,UPI,Delivered,5746.85,,,
O02942,5/16/2025,C0012,P014,2,34153,30,47814.2,61872,West,Karnataka,Bengaluru,Marketplace,Express,2,UPI,Cancelled,-14057.8,,,
O02943,6/26/2025,C0101,P042,4,2681,25,8043,7930.73,North,Maharashtra,Mumbai,Marketplace,Express,4,Net Banking,Delivered,112.27,,,
O02944,11/15/2025,Unknown,P029,2,7104,35,9945.6,9796.25,East,Telangana,Hyderabad,Mobile App,Express,6,COD,Delivered,149.35,,,
O02945,3/8/2025,C0356,P002,1,31290,20,25032,19679.83,South,Telangana,Hyderabad,Mobile App,Express,5,Net Banking,Delivered,5352.17,,,
O02946,3/9/2025,C0479,P031,3,2386,25,5368.5,4985.62,East,Karnataka,Bengaluru,Website,Same Day,6,UPI,Delivered,382.88,,,
O02947,8/23/2025,C0158,P026,1,35791,0,35791,25416.9,West,Karnataka,Bengaluru,Marketplace,Same Day,2,Card,Cancelled,10374.1,,,
O02948,8/4/2025,C0189,P036,3,19037,0,57111,38696.7,East,Telangana,Hyderabad,Website,Standard,3,Card,Delivered,18414.3,,,
O02949,24/03/2025,C0123,P017,5,17109,-5,85545,80954.13,East,Karnataka,Bengaluru,Mobile App,Express,6,COD,Delivered,4590.87,,,
O02950,5/31/2025,C0198,P031,3,4618,30,9697.8,11986.42,North,Telangana,Hyderabad,Mobile App,Express,4,Card,Cancelled,-2288.62,,,
O02951,13/01/2025,C0324,P043,5,20294,5,96396.5,70238.42,West,Telangana,Hyderabad,Marketplace,Standard,7,UPI,Cancelled,26158.08,,,
O02952,28/08/2025,C0166,P004,2,35659,0,71318,42937.32,East,Telangana,Hyderabad,Website,Same Day,1,COD,Delivered,28380.68,,,
O02953,5/5/2025,C0389,P034,4,33008,25,99024,97288.9,South,Telangana,Hyderabad,Website,Express,6,Net Banking,Delivered,1735.1,,,
O02954,3/17/2025,C0057,P047,3,19129,0,57387,47625.57,West,Telangana,Hyderabad,Mobile App,Standard,3,Card,Delivered,9761.43,,,
O02955,8/19/2025,C0392,P023,5,5135,30,17972.5,16439.13,South,Telangana,Hyderabad,Website,Standard,2,Card,Cancelled,1533.37,,,
O02956,5/25/2025,C0069,P009,5,3917,35,13709.5,15244.28,North,Maharashtra,Mumbai,Mobile App,Express,2,COD,Cancelled,-1534.78,,,
O02957,29/09/2025,C0064,P034,4,18479,15,62828.6,63962.82,North,Telangana,Hyderabad,Website,Express,2,Card,Delivered,-1134.22,,,
O02958,4/27/2025,C0083,P021,1,36630,10,32967,29021.99,East,Telangana,Hyderabad,Marketplace,Standard,7,COD,Delivered,3945.01,,,
O02959,9/1/2025,C0277,P011,3,6214,20,14913.6,15964.62,West,Maharashtra,Pune,Marketplace,Express,4,Card,Delivered,-1051.02,,,
O02960,1/19/2025,C0474,P026,5,12006,35,42021,47985.21,East,Telangana,Hyderabad,Website,Standard,1,Net Banking,Cancelled,-5964.21,,,
O02961,2/21/2025,C0378,P030,3,11881,30,24950.1,23195.44,North,Telangana,Hyderabad,Website,Express,1,COD,Delivered,1754.66,,,
O02962,5/6/2025,C0455,P041,3,15455,5,44046.75,33387.57,South,Telangana,Hyderabad,Mobile App,Express,3,Card,Cancelled,10659.18,,,
O02963,1/11/2025,C0435,P045,5,48819,25,183071.25,229569.22,West,Telangana,Hyderabad,Mobile App,Express,1,Card,Delivered,-46497.97,,,
O02964,30/08/2025,C0121,P040,3,37027,10,99972.9,102170.81,South,Karnataka,Bengaluru,Website,Express,1,UPI,Cancelled,-2197.91,,,
O02965,6/20/2025,C0490,P026,4,41463,10,149266.8,141969.65,North,Telangana,Hyderabad,Website,Same Day,2,UPI,Cancelled,7297.15,,,
O02966,1/4/2025,C0034,P029,4,21075,5,80085,77908.72,North,Telangana,Hyderabad,Website,Express,5,COD,Delivered,2176.28,,,
O02967,3/26/2025,C0104,P027,5,20635,35,72222.5,68663.62,South,Telangana,Hyderabad,Mobile App,Standard,7,Net Banking,Delivered,3558.88,,,
O02968,25/01/2025,C0122,P016,4,23820,30,66696,74440.02,East,Karnataka,Bengaluru,Website,Express,6,Card,Delivered,-7744.02,,,
O02969,5/4/2025,C0281,P030,2,32542,-5,65084,45122.36,East,Telangana,Hyderabad,Marketplace,Standard,5,Net Banking,Delivered,19961.64,,,
O02970,1/11/2025,C0445,P020,3,28196,20,67670.4,58253.23,West,Karnataka,Bengaluru,Website,Standard,5,UPI,Delivered,9417.17,,,
O02971,8/29/2025,C0307,P010,5,14566,15,61905.5,55149.86,East,Telangana,Hyderabad,Website,Same Day,7,Card,Cancelled,6755.64,,,
O02972,1/19/2025,C0048,P018,2,9580,15,16286,15732.82,South,Telangana,Hyderabad,Marketplace,Express,7,COD,Cancelled,553.18,,,
O02973,15/03/2025,C0080,P016,3,10855,35,22795.5,20924.53,West,Telangana,Hyderabad,Marketplace,Express,2,UPI,Delivered,1870.97,,,
O02974,6/24/2025,C0427,P025,1,20013,5,19012.35,13770.23,West,Telangana,Hyderabad,Marketplace,Standard,5,COD,Delivered,5242.12,,,
O02975,3/15/2025,C0258,P044,5,38903,0,194515,170062.68,West,Maharashtra,Mumbai,Website,Standard,5,Card,Delivered,24452.32,,,
O02976,7/17/2025,C0131,P019,1,10462,0,10462,7692.67,South,Maharashtra,Mumbai,Marketplace,Express,3,Net Banking,Delivered,2769.33,,,
O00849,6/10/2025,C0311,P023,1,21554,-5,21554,16202.19,South,Telangana,Hyderabad,Mobile App,Express,2,COD,Cancelled,5351.81,,,
O02978,10/8/2025,C0245,P002,2,40186,10,72334.8,54607.8,North,Karnataka,Bengaluru,Marketplace,Standard,3,Card,Delivered,17727,,,
O02979,12/7/2025,C0422,P029,2,9563,20,15300.8,14321.53,West,Telangana,Hyderabad,Website,Standard,5,UPI,Delivered,979.27,,,
O02980,7/29/2025,C0152,P045,2,10743,10,19337.4,17133.28,West,Telangana,Hyderabad,Website,Express,1,COD,Cancelled,2204.12,,,
O02981,12/24/2025,C0477,P012,4,8801,0,35204,26812.54,East,Maharashtra,Mumbai,Marketplace,Express,2,Card,Delivered,8391.46,,,
O02982,11/15/2025,C0043,P007,5,20987,0,104935,63828.59,North,Karnataka,Bengaluru,Marketplace,Express,7,Card,Cancelled,41106.41,,,
O02983,10/19/2025,C0354,P034,5,35714,25,133927.5,154925.94,East,Telangana,Hyderabad,Website,Standard,5,UPI,Cancelled,-20998.44,,,
O02984,5/3/2025,C0300,P033,2,39304,20,62886.4,47789.09,East,Telangana,Hyderabad,Website,Standard,5,Card,Delivered,15097.31,,,
O02985,4/12/2025,C0042,P012,5,31230,15,132727.5,103481.31,West,Telangana,Hyderabad,Website,Express,3,COD,Delivered,29246.19,,,
O02986,7/15/2025,C0464,P044,2,38242,0,76484,59861.65,South,Telangana,Hyderabad,Mobile App,Express,6,Card,Cancelled,16622.35,,,
O02987,2/8/2025,C0268,P049,2,14340,0,28680,20244.03,West,Telangana,Hyderabad,Marketplace,Express,2,Card,Cancelled,8435.97,,,
O02988,9/21/2025,C0390,P008,4,34440,30,96432,94465.79,West,Karnataka,Bengaluru,Marketplace,Standard,5,COD,Delivered,1966.21,,,
O02989,2/10/2025,C0362,P008,2,48484,35,67877.6,71075.93,East,Telangana,Hyderabad,Mobile App,Same Day,7,Net Banking,Cancelled,-3198.33,,,
O02990,11/26/2025,C0386,P016,2,42292,20,67667.2,65450.08,North,Telangana,Hyderabad,Mobile App,Express,7,COD,Cancelled,2217.12,,,
O02991,12/8/2025,C0097,P048,5,14522,-5,72610,63332.03,North,Karnataka,Bengaluru,Website,Express,7,Net Banking,Delivered,9277.97,,,
O02992,5/15/2025,C0215,P033,1,36610,25,27457.5,24273.91,West,Telangana,Hyderabad,Mobile App,Express,1,Card,Delivered,3183.59,,,
O02993,6/13/2025,C0368,P039,5,22330,20,89320,74139.27,East,Maharashtra,Pune,Mobile App,Express,2,COD,Delivered,15180.73,,,
O02994,4/21/2025,C0255,P045,1,14047,0,14047,10230.37,East,Telangana,Hyderabad,Marketplace,Express,7,COD,Cancelled,3816.63,,,
O02995,4/11/2025,C0264,P036,3,7833,35,16449.3,17273.55,East,Telangana,Hyderabad,Website,Standard,Not Delivered,Net Banking,Cancelled,-824.25,,,
O02996,27/08/2025,C0292,P016,4,27674,-5,110696,91388.66,South,Telangana,Hyderabad,Website,Express,5,COD,Cancelled,19307.34,,,
O02997,1/12/2025,Unknown,P047,4,32142,0,128568,93744.39,North,Telangana,Hyderabad,Mobile App,Standard,5,Card,Delivered,34823.61,,,
O02998,4/20/2025,C0152,P017,3,29976,-5,89928,66330.31,North,Telangana,Hyderabad,Marketplace,Standard,1,Net Banking,Delivered,23597.69,,,
O02999,7/3/2025,C0255,P007,5,18239,25,68396.25,62299.18,East,Karnataka,Bengaluru,Marketplace,Standard,5,Card,Delivered,6097.07,,,
O03000,9/1/2025,C0437,P017,2,9316,5,17700.4,14943.02,West,Telangana,Hyderabad,Marketplace,Express,2,Net Banking,Cancelled,2757.38,,,
